30.4516179561615    : 68 20 df 68 01 01 36 07 16
30.654239416122437  : 68 20 df 68 01 01 36 07 16
30.85543394088745   : 68 20 df 68 01 01 36 07 16
31.046928882598877  : 68 20 df 68 01 01 36 07 16
31.248239517211914  : 68 20 df 68 01 01 36 07 16
31.45350480079651   : 68 20 df 68 01 01 36 07 16
31.65505814552307   : 68 20 df 68 01 01 36 07 16
31.856477737426758  : 68 20 df 68 01 01 36 07 16
32.05687999725342   : 68 20 df 68 01 01 36 07 16
32.15165662765503   : 68 31 ce 68 02 02 60 42 75 16
32.185466051101685  : 68 31 ce 68 82 0f 34 19 33 33 33 35 7a 33 34 39 56 56 56 56 55 42 16
32.26013660430908   : 68 20 df 68 01 01 36 07 16
32.28106451034546   : 68 20 df 68 81 10 80 80 64 66 68 6c 66 75 65 65 64 63 65 67 69 65 04 16
32.37539219856262   : 68 10 ef 68 04 0f 35 33 34 33 51 73 33 33 33 33 7a 39 ff ff 33 25 16
32.459654808044434  : 68 20 df 68 05 02 43 ae c7 16
32.47031044960022   : 68 20 df 68 85 01 01 56 16
32.553712606430054  : 68 31 ce 68 02 02 60 42 75 16
32.58543825149536   : 68 31 ce 68 82 0f 34 19 33 33 33 35 7a 33 34 39 56 56 56 56 55 42 16
32.754202365875244  : 68 31 ce 68 02 02 60 42 75 16
32.78579902648926   : 68 31 ce 68 82 0f 34 19 33 33 33 36 7a 33 34 39 56 56 56 56 55 43 16
32.86051416397095   : 68 20 df 68 02 02 38 3b 46 16
32.88276124000549   : 68 20 df 68 82 0c 63 59 6f 34 33 54 33 33 33 33 3b 33 7d 16
32.96936297416687   : 68 10 ef 68 04 0f 39 33 34 33 51 73 33 33 33 33 7a 39 ff ff 33 29 16
32.990869760513306  : 68 10 ef 68 84 01 01 55 16
33.05561923980713   : 68 31 ce 68 02 02 60 42 75 16
33.08834433555603   : 68 31 ce 68 82 0f 34 19 33 33 33 36 7a 33 34 39 56 56 56 56 55 43 16
33.16400623321533   : 68 20 df 68 02 02 38 3b 46 16
33.185404777526855  : 68 20 df 68 82 0c 63 59 6f 34 33 54 33 33 33 33 3b 33 7d 16
33.27049469947815   : 68 10 ef 68 04 0f 39 33 34 33 51 73 33 33 33 33 7a 39 ff ff 33 29 16
33.28105330467224   : 68 10 ef 68 84 01 01 55 16
33.35611367225647   : 68 31 ce 68 02 02 60 42 75 16
33.38783144950867   : 68 31 ce 68 82 0f 34 19 33 33 33 35 7a 33 34 39 56 56 56 56 55 42 16
33.46327447891235   : 68 20 df 68 02 02 38 3b 46 16
33.48493671417236   : 68 20 df 68 82 0c 63 59 6f 34 33 54 33 33 33 33 3b 33 7d 16
33.57101392745972   : 68 10 ef 68 04 0f 39 33 34 33 51 73 33 33 33 33 7a 39 ff ff 33 29 16
33.581794023513794  : 68 10 ef 68 84 01 01 55 16
33.65666317939758   : 68 31 ce 68 02 02 60 42 75 16
33.688533782958984  : 68 31 ce 68 82 0f 34 19 33 33 33 35 7a 33 34 39 56 56 56 56 55 42 16
33.763572454452515  : 68 20 df 68 02 02 38 3b 46 16
33.784717082977295  : 68 20 df 68 82 0c 63 59 6f 34 33 54 33 33 33 33 3b 33 7d 16
33.879390001297     : 68 10 ef 68 04 0f 39 33 34 33 51 73 33 33 33 33 7a 39 ff ff 33 29 16
33.89035487174988   : 68 10 ef 68 84 01 01 55 16
33.96381735801697   : 68 31 ce 68 02 02 60 42 75 16
33.9957492351532    : 68 31 ce 68 82 0f 34 19 33 33 33 35 7a 33 34 39 56 56 56 56 55 42 16
34.05975818634033   : 68 20 df 68 02 02 38 3b 46 16
34.09176850318909   : 68 20 df 68 82 0c 63 59 6f 34 33 54 33 33 33 33 3b 33 7d 16
34.176902770996094  : 68 10 ef 68 04 0f 39 33 34 33 51 73 33 33 33 33 7a 39 ff ff 33 29 16
34.18787240982056   : 68 10 ef 68 84 01 01 55 16
34.266313791275024  : 68 31 ce 68 02 02 60 42 75 16
34.287363052368164  : 68 31 ce 68 82 0f 34 19 33 33 33 35 7a 33 34 39 56 56 56 56 55 42 16
34.36140704154968   : 68 20 df 68 02 02 38 3b 46 16
34.39314866065979   : 68 20 df 68 82 0c 63 59 6f 34 33 54 33 33 33 33 3b 33 7d 16
34.476587533950806  : 68 10 ef 68 04 0f 39 33 34 33 51 73 33 33 33 33 7a 39 ff ff 33 29 16
34.4978244304657    : 68 10 ef 68 84 01 01 55 16
34.56129860877991   : 68 31 ce 68 02 02 60 42 75 16
34.593194007873535  : 68 31 ce 68 82 0f 34 19 33 33 33 35 7a 33 34 39 56 56 56 56 55 42 16
34.66745090484619   : 68 20 df 68 02 02 38 3b 46 16
34.689154863357544  : 68 20 df 68 82 0c 63 59 6f 34 33 54 33 33 33 33 3b 33 7d 16
34.775197982788086  : 68 10 ef 68 04 0f 39 33 34 33 51 73 33 33 33 33 7a 39 ff ff 33 29 16
34.78587317466736   : 68 10 ef 68 84 01 01 55 16
34.859869956970215  : 68 31 ce 68 02 02 60 42 75 16
34.891582012176514  : 68 31 ce 68 82 0f 34 19 33 33 33 35 7a 33 34 39 56 56 56 56 56 43 16
34.96593499183655   : 68 20 df 68 02 02 38 3b 46 16
34.98755478858948   : 68 20 df 68 82 0c 63 59 6f 34 33 54 33 33 33 33 3b 33 7d 16
35.082695722579956  : 68 10 ef 68 04 0f 39 33 34 33 51 73 33 33 33 33 7a 39 ff ff 33 29 16
35.0936062335968    : 68 10 ef 68 84 01 01 55 16
35.16814398765564   : 68 31 ce 68 02 02 60 42 75 16
35.19014263153076   : 68 31 ce 68 82 0f 34 19 33 33 33 36 7a 33 34 39 56 56 56 56 56 44 16
35.27082848548889   : 68 20 df 68 02 02 38 3b 46 16
35.29233765602112   : 68 20 df 68 82 0c 63 59 6f 34 33 54 33 33 33 33 3b 33 7d 16
35.376524925231934  : 68 10 ef 68 04 0f 39 33 34 33 51 73 33 33 33 33 7a 39 ff ff 33 29 16
35.387102365493774  : 68 10 ef 68 84 01 01 55 16
35.46170425415039   : 68 31 ce 68 02 02 60 42 75 16
35.49354028701782   : 68 31 ce 68 82 0f 34 19 33 33 33 36 7a 33 34 39 56 56 56 56 56 44 16
35.567464113235474  : 68 20 df 68 02 02 38 3b 46 16
35.58887338638306   : 68 20 df 68 82 0c 63 59 6f 34 33 54 33 33 33 33 3b 33 7d 16
35.684271574020386  : 68 10 ef 68 04 0f 39 33 34 33 51 73 33 33 33 33 7a 39 ff ff 33 29 16
35.695560932159424  : 68 10 ef 68 84 01 01 55 16
35.7704381942749    : 68 31 ce 68 02 02 60 42 75 16
35.79201817512512   : 68 31 ce 68 82 0f 34 19 33 33 33 36 7a 33 34 39 56 56 56 56 56 44 16
35.867531299591064  : 68 20 df 68 02 02 38 3b 46 16
35.8889045715332    : 68 20 df 68 82 0c 63 59 6f 34 33 54 33 33 33 33 3b 33 7d 16
35.98361372947693   : 68 10 ef 68 04 0f 39 33 34 33 51 73 33 33 33 33 7a 39 ff ff 33 29 16
36.04768514633179   : 68 10 ef 68 84 01 01 55 16
36.06891584396362   : 68 31 ce 68 02 02 60 42 75 16
36.101911783218384  : 68 31 ce 68 82 0f 34 19 33 33 33 36 7a 33 34 39 56 56 56 56 56 44 16
36.16675066947937   : 68 20 df 68 02 02 38 3b 46 16
36.188252449035645  : 68 20 df 68 82 0c 63 59 6f 34 33 54 33 33 33 33 3b 33 7d 16
36.283377170562744  : 68 10 ef 68 04 0f 39 33 34 33 51 73 33 33 33 33 7a 39 ff ff 33 29 16
36.294349193573     : 68 10 ef 68 84 01 01 55 16
36.3674590587616    : 68 31 ce 68 02 02 60 42 75 16
36.39930510520935   : 68 31 ce 68 82 0f 34 19 33 33 33 36 7a 33 34 39 56 56 56 56 56 44 16
36.4731285572052    : 68 20 df 68 02 02 38 3b 46 16
36.494487047195435  : 68 20 df 68 82 0c 63 59 6f 34 33 54 33 33 33 33 3b 33 7d 16
36.589274883270264  : 68 10 ef 68 04 0f 39 33 34 33 51 73 33 33 33 33 7a 39 ff ff 33 29 16
36.59986138343811   : 68 10 ef 68 84 01 01 55 16
36.665241718292236  : 68 31 ce 68 02 02 60 42 75 16
36.697558879852295  : 68 31 ce 68 82 0f 34 19 33 33 33 36 7a 33 34 39 56 56 56 56 56 44 16
36.77284121513367   : 68 20 df 68 02 02 38 3b 46 16
36.794424533843994  : 68 20 df 68 82 0c 63 59 6f 34 33 54 33 33 33 33 3b 33 7d 16
36.889949560165405  : 68 10 ef 68 04 0f 39 33 34 33 51 73 33 33 33 33 7a 39 ff ff 33 29 16
36.90084505081177   : 68 10 ef 68 84 01 01 55 16
37.00244474411011   : 68 31 ce 68 02 02 60 42 75 16
37.00244474411011   : 68 31 ce 68 82 0f 34 19 33 33 33 36 7a 33 34 39 56 56 56 56 56 44 16
37.07137084007263   : 68 20 df 68 02 02 38 3b 46 16
37.092928409576416  : 68 20 df 68 82 0c 63 59 6f 34 33 54 33 33 33 33 3b 33 7d 16
37.187010288238525  : 68 10 ef 68 04 0f 39 33 34 33 51 73 33 33 33 33 7a 39 ff ff 33 29 16
37.19783616065979   : 68 10 ef 68 84 01 01 55 16
37.2714946269989    : 68 31 ce 68 02 02 60 42 75 16
37.30247974395752   : 68 31 ce 68 82 0f 34 19 33 33 33 36 7a 33 34 39 56 56 56 56 56 44 16
37.3768584728241    : 68 20 df 68 02 02 38 3b 46 16
37.39846706390381   : 68 20 df 68 82 0c 63 59 6f 34 33 54 33 33 33 33 3b 33 7d 16
37.48591351509094   : 68 10 ef 68 04 0f 39 33 34 33 51 73 33 33 33 33 7a 39 ff ff 33 29 16
37.496524810791016  : 68 10 ef 68 84 01 01 55 16
37.5703227519989    : 68 31 ce 68 02 02 60 42 75 16
37.60291934013367   : 68 31 ce 68 82 0f 34 19 33 33 33 36 7a 33 34 39 56 56 56 56 56 44 16
37.67753052711487   : 68 20 df 68 02 02 38 3b 46 16
37.699244260787964  : 68 20 df 68 82 0c 63 59 6f 34 33 54 33 33 33 33 3b 33 7d 16
37.784929513931274  : 68 10 ef 68 04 0f 39 33 34 33 51 73 33 33 33 33 7a 39 ff ff 33 29 16
37.7955162525177    : 68 10 ef 68 84 01 01 55 16
37.86956834793091   : 68 31 ce 68 02 02 60 42 75 16
37.90161085128784   : 68 31 ce 68 82 0f 34 19 33 33 33 36 7a 33 34 39 56 56 56 56 56 44 16
37.976232051849365  : 68 20 df 68 02 02 38 3b 46 16
37.99774694442749   : 68 20 df 68 82 0c 63 59 6f 34 33 54 33 33 33 33 3b 33 7d 16
38.08409833908081   : 68 10 ef 68 04 0f 39 33 34 33 51 73 33 33 33 33 7a 39 ff ff 33 29 16
38.09497094154358   : 68 10 ef 68 84 01 01 55 16
38.16927790641785   : 68 31 ce 68 02 02 60 42 75 16
38.20102095603943   : 68 31 ce 68 82 0f 34 19 33 33 33 36 7a 33 34 39 56 56 56 56 56 44 16
38.27655529975891   : 68 20 df 68 02 02 38 3b 46 16
38.29767632484436   : 68 20 df 68 82 0c 63 59 6f 34 33 54 33 33 33 33 3b 33 7d 16
38.39224338531494   : 68 10 ef 68 04 0f 39 33 34 33 51 73 33 33 33 33 7a 39 ff ff 33 29 16
38.402955532073975  : 68 10 ef 68 84 01 01 55 16
38.476465940475464  : 68 31 ce 68 02 02 60 42 75 16
38.508246421813965  : 68 31 ce 68 82 0f 34 19 33 33 33 36 7a 33 34 39 56 56 56 56 56 44 16
38.57133722305298   : 68 20 df 68 02 02 38 3b 46 16
38.60404872894287   : 68 20 df 68 82 0c 63 59 6f 34 33 54 33 33 33 33 3b 33 7d 16
38.68982148170471   : 68 10 ef 68 04 0f 39 33 34 33 51 73 33 33 33 33 7a 39 ff ff 33 29 16
38.70070004463196   : 68 10 ef 68 84 01 01 55 16
38.77537679672241   : 68 31 ce 68 02 02 60 42 75 16
38.80722141265869   : 68 31 ce 68 82 0f 34 19 33 33 33 36 7a 33 34 39 56 56 56 56 56 44 16
38.88146686553955   : 68 20 df 68 02 02 38 3b 46 16
38.903111934661865  : 68 20 df 68 82 0c 63 59 6f 34 33 54 33 33 33 33 3b 33 7d 16
38.987650871276855  : 68 10 ef 68 04 0f 39 33 34 33 51 73 33 33 33 33 7a 39 ff ff 33 29 16
39.0431387424469    : 68 10 ef 68 84 01 01 55 16
39.074947118759155  : 68 31 ce 68 02 02 60 42 75 16
39.10731244087219   : 68 31 ce 68 82 0f 34 19 33 33 33 36 7a 33 34 39 56 56 56 56 56 44 16
39.18088412284851   : 68 20 df 68 02 02 38 3b 46 16
39.20229530334473   : 68 20 df 68 82 0c 63 59 6f 34 33 54 33 33 33 33 3b 33 7d 16
39.29782962799072   : 68 10 ef 68 04 0f 39 33 34 33 51 73 33 33 33 33 7a 39 ff ff 33 29 16
39.309279680252075  : 68 10 ef 68 84 01 01 55 16
39.37652397155762   : 68 31 ce 68 02 02 60 42 75 16
39.40854811668396   : 68 31 ce 68 82 0f 34 19 33 33 33 36 7a 33 34 39 56 56 56 56 56 44 16
39.4825975894928    : 68 20 df 68 02 02 38 3b 46 16
39.50400924682617   : 68 20 df 68 82 0c 63 59 6f 34 33 54 33 33 33 33 3b 33 7d 16
39.59115505218506   : 68 10 ef 68 04 0f 39 33 34 33 51 73 33 33 33 33 7a 39 ff ff 33 29 16
39.60191345214844   : 68 10 ef 68 84 01 01 55 16
39.67607665061951   : 68 31 ce 68 02 02 60 42 75 16
39.7080237865448    : 68 31 ce 68 82 0f 34 19 33 33 33 36 7a 33 34 39 56 56 56 56 56 44 16
39.78214979171753   : 68 20 df 68 02 02 38 3b 46 16
39.80377769470215   : 68 20 df 68 82 0c 63 59 6f 34 33 54 33 33 33 33 3b 33 7d 16
39.89102244377136   : 68 10 ef 68 04 0f 39 33 34 33 51 73 33 33 33 33 7a 39 ff ff 33 29 16
39.9018018245697    : 68 10 ef 68 84 01 01 55 16
39.97622609138489   : 68 31 ce 68 02 02 60 42 75 16
40.008182764053345  : 68 31 ce 68 82 0f 34 19 33 33 33 36 7a 33 34 39 56 56 56 56 56 44 16
40.075591802597046  : 68 20 df 68 02 02 38 3b 46 16
40.10730838775635   : 68 20 df 68 82 0c 63 59 6f 34 33 54 33 33 33 33 3b 33 7d 16
40.192339181900024  : 68 10 ef 68 04 0f 39 33 34 33 51 73 33 33 33 33 7a 39 ff ff 33 29 16
40.20313119888306   : 68 10 ef 68 84 01 01 55 16
40.277530670166016  : 68 31 ce 68 02 02 60 42 75 16
40.309075593948364  : 68 31 ce 68 82 0f 34 19 33 33 33 36 7a 33 34 39 56 56 56 56 56 44 16
40.383692502975464  : 68 20 df 68 02 02 38 3b 46 16
40.40497350692749   : 68 20 df 68 82 0c 63 59 6f 34 33 54 33 33 33 33 3b 33 7d 16
40.49133634567261   : 68 10 ef 68 04 0f 39 33 34 33 51 73 33 33 33 33 7a 39 ff ff 33 29 16
40.502113580703735  : 68 10 ef 68 84 01 01 55 16
40.58695125579834   : 68 31 ce 68 02 02 60 42 75 16
40.608800649642944  : 68 31 ce 68 82 0f 34 19 33 33 33 36 7a 33 34 39 56 56 56 56 56 44 16
40.68243145942688   : 68 20 df 68 02 02 38 3b 46 16
40.70380997657776   : 68 20 df 68 82 0c 63 59 6f 34 33 54 33 33 33 33 3b 33 7d 16
40.8015775680542    : 68 10 ef 68 04 0f 39 33 34 33 51 73 33 33 33 33 7a 39 ff ff 33 29 16
40.81250190734863   : 68 10 ef 68 84 01 01 55 16
40.887035608291626  : 68 31 ce 68 02 02 60 42 75 16
40.90876793861389   : 68 31 ce 68 82 0f 34 19 33 33 33 36 7a 33 34 39 56 56 56 56 56 44 16
40.9826078414917    : 68 20 df 68 02 02 38 3b 46 16
41.003814697265625  : 68 20 df 68 82 0c 63 59 6f 34 33 54 33 33 33 33 3b 33 7d 16
41.10303807258606   : 68 10 ef 68 04 0f 39 33 34 33 51 73 33 33 33 33 7a 39 ff ff 33 29 16
41.113906145095825  : 68 10 ef 68 84 01 01 55 16
41.1888542175293    : 68 31 ce 68 02 02 60 42 75 16
41.20977997779846   : 68 31 ce 68 82 0f 34 19 33 33 33 36 7a 33 34 39 56 56 56 56 56 44 16
41.288246154785156  : 68 20 df 68 02 02 38 3b 46 16
41.30939483642578   : 68 20 df 68 82 0c 63 59 6f 34 33 54 33 33 33 33 3b 33 7d 16
41.40463662147522   : 68 10 ef 68 04 0f 39 33 34 33 51 73 33 33 33 33 7a 39 ff ff 33 29 16
41.41542434692383   : 68 10 ef 68 84 01 01 55 16
41.489163637161255  : 68 31 ce 68 02 02 60 42 75 16
41.5103223323822    : 68 31 ce 68 82 0f 34 19 33 33 33 36 7a 33 34 39 56 56 56 56 56 44 16
41.58397674560547   : 68 20 df 68 02 02 38 3b 46 16
41.60596823692322   : 68 20 df 68 82 0c 63 59 6f 34 33 54 33 33 33 33 3b 33 7d 16
41.701268911361694  : 68 10 ef 68 04 0f 39 33 34 33 51 73 33 33 33 33 7a 39 ff ff 33 29 16
41.712563037872314  : 68 10 ef 68 84 01 01 55 16
41.789433002471924  : 68 31 ce 68 02 02 60 42 75 16
41.821083307266235  : 68 31 ce 68 82 0f 34 19 33 33 33 36 7a 33 34 39 56 56 56 56 56 44 16
41.88444232940674   : 68 20 df 68 02 02 38 3b 46 16
41.905670404434204  : 68 20 df 68 82 0c 63 59 6f 34 33 54 33 33 33 33 3b 33 7d 16
41.99990725517273   : 68 10 ef 68 04 0f 39 33 34 33 51 73 33 33 33 33 7a 39 ff ff 33 29 16
42.04231381416321   : 68 10 ef 68 84 01 01 55 16
42.0845787525177    : 68 31 ce 68 02 02 60 42 75 16
42.11675190925598   : 68 31 ce 68 82 0f 34 19 33 33 33 36 7a 33 34 39 56 56 56 56 56 44 16
42.190171241760254  : 68 20 df 68 02 02 38 3b 46 16
42.211591720581055  : 68 20 df 68 82 0c 63 59 6f 34 33 54 33 33 33 33 3b 33 7d 16
42.2968852519989    : 68 10 ef 68 04 0f 39 33 34 33 51 73 33 33 33 33 7a 39 ff ff 33 29 16
42.30798864364624   : 68 10 ef 68 84 01 01 55 16
42.38220405578613   : 68 31 ce 68 02 02 60 42 75 16
42.414291858673096  : 68 31 ce 68 82 0f 34 19 33 33 33 36 7a 33 34 39 56 56 56 56 56 44 16
42.490549087524414  : 68 20 df 68 02 02 38 3b 46 16
42.51189565658569   : 68 20 df 68 82 0c 63 59 6f 34 33 54 33 33 33 33 3b 33 7d 16
42.60779547691345   : 68 10 ef 68 04 0f 39 33 34 33 51 73 33 33 33 33 7a 39 ff ff 33 29 16
42.61835241317749   : 68 10 ef 68 84 01 01 55 16
42.69283413887024   : 68 31 ce 68 02 02 60 42 75 16
42.7142870426178    : 68 31 ce 68 82 0f 34 19 33 33 33 36 7a 33 34 39 56 56 56 56 56 44 16
42.79098153114319   : 68 20 df 68 02 02 38 3b 46 16
42.81223917007446   : 68 20 df 68 82 0c 63 59 6f 34 33 54 33 33 33 33 3b 33 7d 16
42.907692193984985  : 68 10 ef 68 04 0f 39 33 34 33 51 73 33 33 33 33 7a 39 ff ff 33 29 16
42.91826510429382   : 68 10 ef 68 84 01 01 55 16
42.99272704124451   : 68 31 ce 68 02 02 60 42 75 16
43.01418089866638   : 68 31 ce 68 82 0f 34 19 33 33 33 36 7a 33 34 39 56 56 56 56 56 44 16
43.091997146606445  : 68 20 df 68 02 02 38 3b 46 16
43.11348247528076   : 68 20 df 68 82 0c 63 59 6f 34 33 54 33 33 33 33 3b 33 7d 16
43.20064306259155   : 68 10 ef 68 04 0f 39 33 34 33 51 73 33 33 33 33 7a 39 ff ff 33 29 16
43.21141266822815   : 68 10 ef 68 84 01 01 55 16
43.28785753250122   : 68 31 ce 68 02 02 60 42 75 16
43.31953740119934   : 68 31 ce 68 82 0f 34 19 33 33 33 36 7a 33 34 39 56 56 56 56 56 44 16
43.39337515830994   : 68 20 df 68 02 02 38 3b 46 16
43.414270639419556  : 68 20 df 68 82 0c 63 59 6f 34 33 54 33 33 33 33 3b 33 7d 16
43.50888752937317   : 68 10 ef 68 04 0f 39 33 34 33 51 73 33 33 33 33 7a 39 ff ff 33 29 16
43.51943111419678   : 68 10 ef 68 84 01 01 55 16
43.59364628791809   : 68 31 ce 68 02 02 60 42 75 16
43.615145206451416  : 68 31 ce 68 82 0f 34 19 33 33 33 36 7a 33 34 39 56 56 56 56 56 44 16
43.690953969955444  : 68 20 df 68 02 02 38 3b 46 16
43.712589263916016  : 68 20 df 68 82 0c 63 59 6f 34 33 54 33 33 33 33 3b 33 7d 16
43.81081485748291   : 68 10 ef 68 04 0f 39 33 34 33 51 73 33 33 33 33 7a 39 ff ff 33 29 16
43.82327198982239   : 68 10 ef 68 84 01 01 55 16
43.88665723800659   : 68 31 ce 68 02 02 60 42 75 16
43.91845488548279   : 68 31 ce 68 82 0f 34 19 33 33 33 36 7a 33 34 39 56 56 56 56 56 44 16
43.99190306663513   : 68 20 df 68 02 02 38 3b 46 16
44.01318669319153   : 68 20 df 68 82 0c 63 59 6f 34 33 54 33 33 33 33 3b 33 7d 16
44.108540296554565  : 68 10 ef 68 04 0f 39 33 34 33 51 73 33 33 33 33 7a 39 ff ff 33 29 16
44.11906051635742   : 68 10 ef 68 84 01 01 55 16
44.19312047958374   : 68 31 ce 68 02 02 60 42 75 16
44.22507882118225   : 68 31 ce 68 82 0f 34 19 33 33 33 36 7a 33 34 39 56 56 56 56 56 44 16
44.287899017333984  : 68 20 df 68 02 02 38 3b 46 16
44.31939649581909   : 68 20 df 68 82 0c 63 59 6f 34 33 54 33 33 33 33 3b 33 7d 16
44.403470039367676  : 68 10 ef 68 04 0f 39 33 34 33 51 73 33 33 33 33 7a 39 ff ff 33 29 16
44.41423177719116   : 68 10 ef 68 84 01 01 55 16
44.488171100616455  : 68 31 ce 68 02 02 60 42 75 16
44.519387006759644  : 68 31 ce 68 82 0f 34 19 33 33 33 36 7a 33 34 39 56 56 56 56 56 44 16
44.59321856498718   : 68 20 df 68 02 02 38 3b 46 16
44.61436057090759   : 68 20 df 68 82 0c 63 59 6f 34 33 54 33 33 33 33 33 33 75 16
44.70890164375305   : 68 10 ef 68 04 0f 35 33 34 33 51 73 33 33 33 33 7a 39 ff ff 33 25 16
44.719542026519775  : 68 10 ef 68 84 01 01 55 16
44.79488754272461   : 68 31 ce 68 02 02 60 42 75 16
44.8271484375       : 68 31 ce 68 82 0f 34 19 33 33 33 36 7a 33 34 39 56 56 56 56 56 44 16
44.89099097251892   : 68 20 df 68 02 02 38 3b 46 16
44.92279267311096   : 68 20 df 68 82 0c 63 59 6f 34 33 54 33 33 33 33 33 33 75 16
45.008901596069336  : 68 10 ef 68 04 0f 35 33 34 33 51 73 33 33 33 33 7a 39 ff ff 33 25 16
45.041438817977905  : 68 10 ef 68 84 01 01 55 16
45.094953775405884  : 68 31 ce 68 02 02 60 42 75 16
45.12694001197815   : 68 31 ce 68 82 0f 34 19 33 33 33 36 7a 33 34 39 56 56 56 56 56 44 16
45.191020250320435  : 68 20 df 68 02 02 38 3b 46 16
45.22278428077698   : 68 20 df 68 82 0c 63 59 6f 34 33 54 33 33 33 33 33 33 75 16
45.309836864471436  : 68 10 ef 68 04 0f 35 33 34 33 51 73 33 33 33 33 7a 39 ff ff 33 25 16
45.32078194618225   : 68 10 ef 68 84 01 01 55 16
45.39407682418823   : 68 31 ce 68 02 02 60 42 75 16
45.4259352684021    : 68 31 ce 68 82 0f 34 19 33 33 33 36 7a 33 34 39 56 56 56 56 56 44 16
45.49929618835449   : 68 20 df 68 02 02 38 3b 46 16
45.52051877975464   : 68 20 df 68 82 0c 63 59 6f 34 33 54 33 33 33 33 33 33 75 16
45.6160249710083    : 68 10 ef 68 04 0f 35 33 34 33 51 73 33 33 33 33 7a 39 ff ff 33 25 16
45.62685251235962   : 68 10 ef 68 84 01 01 55 16
45.700472593307495  : 68 31 ce 68 02 02 60 42 75 16
45.721598386764526  : 68 31 ce 68 82 0f 34 19 33 33 33 36 7a 33 34 39 56 56 56 56 56 44 16
45.795045614242554  : 68 20 df 68 02 02 38 3b 46 16
45.82734560966492   : 68 20 df 68 82 0c 63 59 6f 34 33 54 33 33 33 33 33 33 75 16
45.913013219833374  : 68 10 ef 68 04 0f 35 33 34 33 51 73 33 33 33 33 7a 39 ff ff 33 25 16
45.92390155792236   : 68 10 ef 68 84 01 01 55 16
45.99822187423706   : 68 31 ce 68 02 02 60 42 75 16
46.03002381324768   : 68 31 ce 68 82 0f 34 19 33 33 33 36 7a 33 34 39 56 56 56 56 56 44 16
46.093199729919434  : 68 20 df 68 02 02 38 3b 46 16
46.125465631484985  : 68 20 df 68 82 0c 63 59 6f 34 33 54 33 33 33 33 3b 33 7d 16
46.211198806762695  : 68 10 ef 68 04 0f 39 33 34 33 51 73 33 33 33 33 7a 39 ff ff 33 29 16
46.2217333316803    : 68 10 ef 68 84 01 01 55 16
46.29846549034119   : 68 31 ce 68 02 02 60 42 75 16
46.33015036582947   : 68 31 ce 68 82 0f 34 19 33 33 33 36 7a 33 34 39 56 56 56 56 56 44 16
46.395472049713135  : 68 20 df 68 02 02 38 3b 46 16
46.42827749252319   : 68 20 df 68 82 0c 63 59 6f 34 33 54 33 33 33 33 3b 33 7d 16
46.51318717002869   : 68 10 ef 68 04 0f 39 33 34 33 51 73 33 33 33 33 7a 39 ff ff 33 29 16
46.52831768989563   : 68 10 ef 68 84 01 01 55 16
46.60236573219299   : 68 31 ce 68 02 02 60 42 75 16
46.62393307685852   : 68 31 ce 68 82 0f 34 19 33 33 33 36 7a 33 34 39 56 56 56 56 56 44 16
46.69895339012146   : 68 20 df 68 02 02 38 3b 46 16
46.72027611732483   : 68 20 df 68 82 0c 63 59 6f 34 33 54 33 33 33 33 3b 33 7d 16
46.81644821166992   : 68 10 ef 68 04 0f 39 33 34 33 51 73 33 33 33 33 7a 39 ff ff 33 29 16
46.827555894851685  : 68 10 ef 68 84 01 01 55 16
46.90201020240784   : 68 31 ce 68 02 02 60 42 75 16
46.93449354171753   : 68 31 ce 68 82 0f 34 19 33 33 33 36 7a 33 34 39 56 56 56 56 56 44 16
46.99802899360657   : 68 20 df 68 02 02 38 3b 46 16
47.030035734176636  : 68 20 df 68 82 0c 63 59 6f 34 33 54 33 33 33 33 3b 33 7d 16
47.114580154418945  : 68 10 ef 68 04 0f 39 33 34 33 51 73 33 33 33 33 7a 39 ff ff 33 29 16
47.12602877616882   : 68 10 ef 68 84 01 01 55 16
47.20221757888794   : 68 31 ce 68 02 02 60 42 75 16
47.23455023765564   : 68 31 ce 68 82 0f 34 19 33 33 33 36 7a 33 34 39 56 56 56 56 56 44 16
47.30057907104492   : 68 20 df 68 02 02 38 3b 46 16
47.32202482223511   : 68 20 df 68 82 0c 63 59 6f 34 33 54 33 33 33 33 3b 33 7d 16
47.41655158996582   : 68 10 ef 68 04 0f 39 33 34 33 51 73 33 33 33 33 7a 39 ff ff 33 29 16
47.427375078201294  : 68 10 ef 68 84 01 01 55 16
47.50115966796875   : 68 31 ce 68 02 02 60 42 75 16
47.53210139274597   : 68 31 ce 68 82 0f 34 19 33 33 33 36 7a 33 34 39 56 56 56 56 56 44 16
47.60801124572754   : 68 20 df 68 02 02 38 3b 46 16
47.62926125526428   : 68 20 df 68 82 0c 63 59 6f 34 33 54 33 33 33 33 3b 33 7d 16
47.7148060798645    : 68 10 ef 68 04 0f 39 33 34 33 51 73 33 33 33 33 7a 39 ff ff 33 29 16
47.725741147994995  : 68 10 ef 68 84 01 01 55 16
47.801214933395386  : 68 31 ce 68 02 02 60 42 75 16
47.833165407180786  : 68 31 ce 68 82 0f 34 19 33 33 33 36 7a 33 34 39 56 56 56 56 56 44 16
47.90804100036621   : 68 20 df 68 02 02 38 3b 46 16
47.93276929855347   : 68 20 df 68 82 0c 63 59 6f 34 33 54 33 33 33 33 33 33 75 16
48.01755213737488   : 68 10 ef 68 04 0f 35 33 34 33 51 73 33 33 33 33 7a 39 ff ff 33 25 16
48.02843379974365   : 68 10 ef 68 84 01 01 55 16
48.102317094802856  : 68 31 ce 68 02 02 60 42 75 16
48.13433265686035   : 68 31 ce 68 82 0f 34 19 33 33 33 36 7a 33 34 39 56 56 56 56 56 44 16
48.19958710670471   : 68 20 df 68 02 02 38 3b 46 16
48.23285889625549   : 68 20 df 68 82 0c 63 59 6f 34 33 54 33 33 33 33 33 33 75 16
48.3212034702301    : 68 10 ef 68 04 0f 35 33 34 33 51 73 33 33 33 33 7a 39 ff ff 33 25 16
48.33196425437927   : 68 10 ef 68 84 01 01 55 16
48.40549898147583   : 68 31 ce 68 02 02 60 42 75 16
48.437376499176025  : 68 31 ce 68 82 0f 34 19 33 33 33 36 7a 33 34 39 56 56 56 56 56 44 16
48.500290870666504  : 68 20 df 68 02 02 38 3b 46 16
48.531994581222534  : 68 20 df 68 82 0c 63 59 6f 34 33 54 33 33 33 33 33 33 75 16
48.61627507209778   : 68 10 ef 68 04 0f 35 33 34 33 51 73 33 33 33 33 7a 39 ff ff 33 25 16
48.62691903114319   : 68 10 ef 68 84 01 01 55 16
48.710875272750854  : 68 31 ce 68 02 02 60 42 75 16
48.7324321269989    : 68 31 ce 68 82 0f 34 19 33 33 33 36 7a 33 34 39 56 56 56 56 56 44 16
48.8066885471344    : 68 20 df 68 02 02 38 3b 46 16
48.82789134979248   : 68 20 df 68 82 0c 63 59 6f 34 33 54 33 33 33 33 33 33 75 16
48.92372179031372   : 68 10 ef 68 04 0f 35 33 34 33 51 73 33 33 33 33 7a 39 ff ff 33 25 16
48.93429684638977   : 68 10 ef 68 84 01 01 55 16
49.00855875015259   : 68 31 ce 68 02 02 60 42 75 16
49.04056906700134   : 68 31 ce 68 82 0f 34 19 33 33 33 36 7a 33 34 39 56 56 56 56 56 44 16
49.10417914390564   : 68 20 df 68 02 02 38 3b 46 16
49.13624906539917   : 68 20 df 68 82 0c 63 59 6f 34 33 54 33 33 33 33 33 33 75 16
49.224730253219604  : 68 10 ef 68 04 0f 35 33 34 33 51 73 33 33 33 33 7a 39 ff ff 33 25 16
49.23548436164856   : 68 10 ef 68 84 01 01 55 16
49.31233358383179   : 68 31 ce 68 02 02 60 42 75 16
49.33363461494446   : 68 31 ce 68 82 0f 34 19 33 33 33 36 7a 33 34 39 56 56 56 56 56 44 16
49.40814256668091   : 68 20 df 68 02 02 38 3b 46 16
49.429450035095215  : 68 20 df 68 82 0c 63 59 6f 34 33 54 33 33 33 33 33 33 75 16
49.5245840549469    : 68 10 ef 68 04 0f 35 33 34 33 51 73 33 33 33 33 7a 39 ff ff 33 25 16
49.587501525878906  : 68 10 ef 68 84 01 01 55 16
49.608853340148926  : 68 31 ce 68 02 02 60 42 75 16
49.64074754714966   : 68 31 ce 68 82 0f 34 19 33 33 33 36 7a 33 34 39 56 56 56 56 56 44 16
49.70476198196411   : 68 20 df 68 02 02 38 3b 46 16
49.73616409301758   : 68 20 df 68 82 0c 63 59 6f 34 33 54 33 33 33 33 33 33 75 16
49.81987500190735   : 68 10 ef 68 04 0f 35 33 34 33 51 73 33 33 33 33 7a 39 ff ff 33 25 16
49.830432415008545  : 68 10 ef 68 84 01 01 55 16
49.904266119003296  : 68 31 ce 68 02 02 60 42 75 16
49.93565583229065   : 68 31 ce 68 82 0f 34 19 33 33 33 36 7a 33 34 39 56 56 56 56 56 44 16
50.00972270965576   : 68 20 df 68 02 02 38 3b 46 16
50.031238079071045  : 68 20 df 68 82 0c 63 59 6f 34 33 54 33 33 33 33 33 33 75 16
50.12768530845642   : 68 10 ef 68 04 0f 35 33 34 33 51 73 33 33 33 33 7a 39 ff ff 33 25 16
50.138991832733154  : 68 10 ef 68 84 01 01 55 16
50.213993072509766  : 68 31 ce 68 02 02 60 42 75 16
50.23551297187805   : 68 31 ce 68 82 0f 34 19 33 33 33 36 7a 33 34 39 56 56 56 56 56 44 16
50.31292963027954   : 68 20 df 68 02 02 38 3b 46 16
50.33409643173218   : 68 20 df 68 82 0c 63 59 6f 34 33 54 33 33 33 33 33 33 75 16
50.42921781539917   : 68 10 ef 68 04 0f 35 33 34 33 51 73 33 33 33 33 7a 39 ff ff 33 25 16
50.440475940704346  : 68 10 ef 68 84 01 01 55 16
50.507277488708496  : 68 31 ce 68 02 02 60 42 75 16
50.53870940208435   : 68 31 ce 68 82 0f 34 19 33 33 33 36 7a 33 34 39 56 56 56 56 56 44 16
50.6142303943634    : 68 20 df 68 02 02 38 3b 46 16
50.6355984210968    : 68 20 df 68 82 0c 63 59 6f 34 33 54 33 33 33 33 33 33 75 16
50.73088598251343   : 68 10 ef 68 04 0f 35 33 34 33 51 73 33 33 33 33 7a 39 ff ff 33 25 16
50.74207377433777   : 68 10 ef 68 84 01 01 55 16
50.81618857383728   : 68 31 ce 68 02 02 60 42 75 16
50.83750367164612   : 68 31 ce 68 82 0f 34 19 33 33 33 36 7a 33 34 39 56 56 56 56 56 44 16
50.91236114501953   : 68 20 df 68 02 02 38 3b 46 16
50.9338104724884    : 68 20 df 68 82 0c 63 59 6f 34 33 54 33 33 33 33 33 33 75 16
51.02958297729492   : 68 10 ef 68 04 0f 35 33 34 33 51 73 33 33 33 33 7a 39 ff ff 33 25 16
51.041224241256714  : 68 10 ef 68 84 01 01 55 16
51.11531043052673   : 68 31 ce 68 02 02 60 42 75 16
51.1488721370697    : 68 31 ce 68 82 0f 34 19 33 33 33 36 7a 33 34 39 56 56 56 56 56 44 16
51.212385177612305  : 68 20 df 68 02 02 38 3b 46 16
51.23427987098694   : 68 20 df 68 82 0c 63 59 6f 34 33 54 33 33 33 33 33 33 75 16
51.33145880699158   : 68 10 ef 68 04 0f 35 33 34 33 51 73 33 33 33 33 7a 39 ff ff 33 25 16
51.342642068862915  : 68 10 ef 68 84 01 01 55 16
51.41941547393799   : 68 31 ce 68 02 02 60 42 75 16
51.44333624839783   : 68 31 ce 68 82 0f 34 19 33 33 33 36 7a 33 34 39 56 56 56 56 56 44 16
51.51762819290161   : 68 20 df 68 02 02 38 3b 46 16
51.539260149002075  : 68 20 df 68 82 0c 63 59 6f 34 33 54 33 33 33 33 3b 33 7d 16
51.62482213973999   : 68 10 ef 68 04 0f 39 33 34 33 51 73 33 33 33 33 7a 39 ff ff 33 29 16
51.63536071777344   : 68 10 ef 68 84 01 01 55 16
51.70973014831543   : 68 31 ce 68 02 02 60 42 75 16
51.74176907539368   : 68 31 ce 68 82 0f 34 19 33 33 33 36 7a 33 34 39 56 56 56 56 56 44 16
51.81630516052246   : 68 20 df 68 02 02 38 3b 46 16
51.83749794960022   : 68 20 df 68 82 0c 63 59 6f 34 33 54 33 33 33 33 3b 33 7d 16
51.9325110912323    : 68 10 ef 68 04 0f 39 33 34 33 51 73 33 33 33 33 7a 39 ff ff 33 29 16
51.94347047805786   : 68 10 ef 68 84 01 01 55 16
52.01804256439209   : 68 31 ce 68 02 02 60 42 75 16
52.03964114189148   : 68 31 ce 68 82 0f 34 19 33 33 33 36 7a 33 34 39 56 56 56 56 56 44 16
52.1140570640564    : 68 20 df 68 02 02 38 3b 46 16
52.13553833961487   : 68 20 df 68 82 0c 63 59 6f 34 33 54 33 33 33 33 3b 33 7d 16
52.232346057891846  : 68 10 ef 68 04 0f 39 33 34 33 51 73 33 33 33 33 7a 39 ff ff 33 29 16
52.248071908950806  : 68 10 ef 68 84 01 01 55 16
52.31192374229431   : 68 31 ce 68 02 02 60 42 75 16
52.342973947525024  : 68 31 ce 68 82 0f 34 19 33 33 33 36 7a 33 34 39 56 56 56 56 56 44 16
52.41632676124573   : 68 20 df 68 02 02 38 3b 46 16
52.437408208847046  : 68 20 df 68 82 0c 63 59 6f 34 33 54 33 33 33 33 3b 33 7d 16
52.53181719779968   : 68 10 ef 68 04 0f 39 33 34 33 51 73 33 33 33 33 7a 39 ff ff 33 29 16
52.58488059043884   : 68 10 ef 68 84 01 01 55 16
52.6164653301239    : 68 31 ce 68 02 02 60 42 75 16
52.65019941329956   : 68 31 ce 68 82 0f 34 19 33 33 33 36 7a 33 34 39 56 56 56 56 56 44 16
52.714085817337036  : 68 20 df 68 02 02 38 3b 46 16
52.746739864349365  : 68 20 df 68 82 0c 63 59 6f 34 33 54 33 33 33 33 3b 33 7d 16
52.832452058792114  : 68 10 ef 68 04 0f 39 33 34 33 51 73 33 33 33 33 7a 39 ff ff 33 29 16
52.84329676628113   : 68 10 ef 68 84 01 01 55 16
52.91863417625427   : 68 31 ce 68 02 02 60 42 75 16
52.95051574707031   : 68 31 ce 68 82 0f 34 19 33 33 33 36 7a 33 34 39 56 56 56 56 56 44 16
53.013811111450195  : 68 20 df 68 02 02 38 3b 46 16
53.045730113983154  : 68 20 df 68 82 0c 63 59 6f 34 33 54 33 33 33 33 3b 33 7d 16
53.13030982017517   : 68 10 ef 68 04 0f 39 33 34 33 51 73 33 33 33 33 7a 39 ff ff 33 29 16
53.14147472381592   : 68 10 ef 68 84 01 01 55 16
53.21962237358093   : 68 31 ce 68 02 02 60 42 75 16
53.25428366661072   : 68 31 ce 68 82 0f 34 19 33 33 33 36 7a 33 34 39 56 56 56 56 56 44 16
53.317623138427734  : 68 20 df 68 02 02 38 3b 46 16
53.339223861694336  : 68 20 df 68 82 0c 63 59 6f 34 33 54 33 33 33 33 3b 33 7d 16
53.43468618392944   : 68 10 ef 68 04 0f 39 33 34 33 51 73 33 33 33 33 7a 39 ff ff 33 29 16
53.445809841156006  : 68 10 ef 68 84 01 01 55 16
53.52027225494385   : 68 31 ce 68 02 02 60 42 75 16
53.552401065826416  : 68 31 ce 68 82 0f 34 19 33 33 33 36 7a 33 34 39 56 56 56 56 56 44 16
53.618672370910645  : 68 20 df 68 02 02 38 3b 46 16
53.64691972732544   : 68 20 df 68 82 0c 63 59 6f 34 33 54 33 33 33 33 3b 33 7d 16
53.73156690597534   : 68 10 ef 68 04 0f 39 33 34 33 51 73 33 33 33 33 7a 39 ff ff 33 29 16
53.74205803871155   : 68 10 ef 68 84 01 01 55 16
53.826273679733276  : 68 31 ce 68 02 02 60 42 75 16
53.84736895561218   : 68 31 ce 68 82 0f 34 19 33 33 33 36 7a 33 34 39 56 56 56 56 56 44 16
53.92130661010742   : 68 20 df 68 02 02 38 3b 46 16
53.942179679870605  : 68 20 df 68 82 0c 63 59 6f 34 33 54 33 33 33 33 3b 33 7d 16
54.03934979438782   : 68 10 ef 68 04 0f 39 33 34 33 51 73 33 33 33 33 7a 39 ff ff 33 29 16
54.0500648021698    : 68 10 ef 68 84 01 01 55 16
54.124279737472534  : 68 31 ce 68 02 02 60 42 75 16
54.15605974197388   : 68 31 ce 68 82 0f 34 19 33 33 33 36 7a 33 34 39 56 56 56 56 56 44 16
54.22009587287903   : 68 20 df 68 02 02 38 3b 46 16
54.242486238479614  : 68 20 df 68 82 0c 63 59 6f 34 33 54 33 33 33 33 3b 33 7d 16
54.337295055389404  : 68 10 ef 68 04 0f 39 33 34 33 51 73 33 33 33 33 7a 39 ff ff 33 29 16
54.348053216934204  : 68 10 ef 68 84 01 01 55 16
54.42168879508972   : 68 31 ce 68 02 02 60 42 75 16
54.45348381996155   : 68 31 ce 68 82 0f 34 19 33 33 33 36 7a 33 34 39 56 56 56 56 56 44 16
54.52684187889099   : 68 20 df 68 02 02 38 3b 46 16
54.54856610298157   : 68 20 df 68 82 0c 63 59 6f 35 33 54 33 33 33 33 3b 33 7e 16
54.63428020477295   : 68 10 ef 68 04 0f 39 33 35 33 51 73 33 33 33 33 7a 39 ff ff 33 2a 16
54.64577269554138   : 68 10 ef 68 84 01 01 55 16
54.72390651702881   : 68 31 ce 68 02 02 60 42 75 16
54.75622272491455   : 68 31 ce 68 82 0f 34 19 33 33 33 36 7a 33 34 39 56 56 56 56 56 44 16
54.820372104644775  : 68 20 df 68 02 02 38 3b 46 16
54.85225820541382   : 68 20 df 68 82 0c 63 59 6f 35 33 54 33 33 33 33 3b 33 7e 16
54.93767499923706   : 68 10 ef 68 04 0f 39 33 35 33 51 73 33 33 33 33 7a 39 ff ff 33 2a 16
54.94859290122986   : 68 10 ef 68 84 01 01 55 16
55.022674322128296  : 68 31 ce 68 02 02 60 42 75 16
55.05452513694763   : 68 31 ce 68 82 0f 34 19 33 33 33 36 7a 33 34 39 56 56 56 56 56 44 16
55.12885928153992   : 68 20 df 68 02 02 38 3b 46 16
55.15021085739136   : 68 20 df 68 82 0c 63 59 6f 35 33 54 33 33 33 33 3b 33 7e 16
55.23600649833679   : 68 10 ef 68 04 0f 39 33 35 33 51 73 33 33 33 33 7a 39 ff ff 33 2a 16
55.250290870666504  : 68 10 ef 68 84 01 01 55 16
55.32395792007446   : 68 31 ce 68 02 02 60 42 75 16
55.35590577125549   : 68 31 ce 68 82 0f 34 19 33 33 33 36 7a 33 34 39 56 56 56 56 56 44 16
55.43045163154602   : 68 20 df 68 02 02 38 3b 46 16
55.451852321624756  : 68 20 df 68 82 0c 63 59 6f 35 33 54 33 33 33 33 3b 33 7e 16
55.53884196281433   : 68 10 ef 68 04 0f 39 33 35 33 51 73 33 33 33 33 7a 39 ff ff 33 2a 16
55.5812771320343    : 68 10 ef 68 84 01 01 55 16
55.624042987823486  : 68 31 ce 68 02 02 60 42 75 16
55.655911684036255  : 68 31 ce 68 82 0f 34 19 33 33 33 36 7a 33 34 39 56 56 56 56 56 44 16
55.72991466522217   : 68 20 df 68 02 02 38 3b 46 16
55.75182032585144   : 68 20 df 68 82 0c 63 59 6f 35 33 54 33 33 33 33 3b 33 7e 16
55.83920478820801   : 68 10 ef 68 04 0f 39 33 35 33 51 73 33 33 33 33 7a 39 ff ff 33 2a 16
55.849900007247925  : 68 10 ef 68 84 01 01 55 16
55.92379570007324   : 68 31 ce 68 02 02 60 42 75 16
55.9556519985199    : 68 31 ce 68 82 0f 34 19 33 33 33 36 7a 33 34 39 56 56 56 56 56 44 16
56.02978205680847   : 68 20 df 68 02 02 38 3b 46 16
56.051244497299194  : 68 20 df 68 82 0c 63 59 6f 35 33 54 33 33 33 33 3b 33 7e 16
56.146708250045776  : 68 10 ef 68 04 0f 39 33 35 33 51 73 33 33 33 33 7a 39 ff ff 33 2a 16
56.15763878822327   : 68 10 ef 68 84 01 01 55 16
56.23317360877991   : 68 31 ce 68 02 02 60 42 75 16
56.25877046585083   : 68 31 ce 68 82 0f 34 19 33 33 33 36 7a 33 34 39 56 56 56 56 56 44 16
56.332409381866455  : 68 20 df 68 02 02 38 3b 46 16
56.35409736633301   : 68 20 df 68 82 0c 63 59 6f 35 33 54 33 33 33 33 3b 33 7e 16
56.441211223602295  : 68 10 ef 68 04 0f 39 33 35 33 51 73 33 33 33 33 7a 39 ff ff 33 2a 16
56.451791763305664  : 68 10 ef 68 84 01 01 55 16
56.52823805809021   : 68 31 ce 68 02 02 60 42 75 16
56.560060262680054  : 68 31 ce 68 82 0f 34 19 33 33 33 36 7a 33 34 39 56 56 56 56 56 44 16
56.634459257125854  : 68 20 df 68 02 02 38 3b 46 16
56.65615153312683   : 68 20 df 68 82 0c 63 59 6f 35 33 54 33 33 33 33 3b 33 7e 16
56.74129581451416   : 68 10 ef 68 04 0f 39 33 35 33 51 73 33 33 33 33 7a 39 ff ff 33 2a 16
56.75192165374756   : 68 10 ef 68 84 01 01 55 16
56.82838153839111   : 68 31 ce 68 02 02 60 42 75 16
56.86014151573181   : 68 31 ce 68 82 0f 34 19 33 33 33 36 7a 33 34 39 56 56 56 56 56 44 16
56.93587875366211   : 68 20 df 68 02 02 38 3b 46 16
56.957517862319946  : 68 20 df 68 82 0c 63 59 6f 35 33 54 33 33 33 33 3b 33 7e 16
57.04200863838196   : 68 10 ef 68 04 0f 39 33 35 33 51 73 33 33 33 33 7a 39 ff ff 33 2a 16
57.052900075912476  : 68 10 ef 68 84 01 01 55 16
57.12839865684509   : 68 31 ce 68 02 02 60 42 75 16
57.16013741493225   : 68 31 ce 68 82 0f 34 19 33 33 33 36 7a 33 34 39 56 56 56 56 56 44 16
57.239444732666016  : 68 20 df 68 02 02 38 3b 46 16
57.253342628479004  : 68 20 df 68 82 0c 63 59 6f 35 33 54 33 33 33 33 3b 33 7e 16
57.347190141677856  : 68 10 ef 68 04 0f 39 33 35 33 51 73 33 33 33 33 7a 39 ff ff 33 2a 16
57.35815477371216   : 68 10 ef 68 84 01 01 55 16
57.431705951690674  : 68 31 ce 68 02 02 60 42 75 16
57.46323752403259   : 68 31 ce 68 82 0f 34 19 33 33 33 36 7a 33 34 39 56 56 56 56 56 44 16
57.536927938461304  : 68 20 df 68 02 02 38 3b 46 16
57.55864644050598   : 68 20 df 68 82 0c 63 59 6f 35 33 54 33 33 33 33 3b 33 7e 16
57.64361047744751   : 68 10 ef 68 04 0f 39 33 35 33 51 73 33 33 33 33 7a 39 ff ff 33 2a 16
57.654451847076416  : 68 10 ef 68 84 01 01 55 16
57.72818970680237   : 68 31 ce 68 02 02 60 42 75 16
57.76040768623352   : 68 31 ce 68 82 0f 34 19 33 33 33 36 7a 33 34 39 56 56 56 56 56 44 16
57.834075689315796  : 68 20 df 68 02 02 38 3b 46 16
57.85585641860962   : 68 20 df 68 82 0c 63 59 6f 34 33 54 33 33 33 33 3b 33 7d 16
57.95232272148132   : 68 10 ef 68 04 0f 39 33 34 33 51 73 33 33 33 33 7a 39 ff ff 33 29 16
57.963324785232544  : 68 10 ef 68 84 01 01 55 16
58.0392541885376    : 68 31 ce 68 02 02 60 42 75 16
58.06068563461304   : 68 31 ce 68 82 0f 34 19 33 33 33 36 7a 33 34 39 56 56 56 56 56 44 16
58.13474225997925   : 68 20 df 68 02 02 38 3b 46 16
58.15682530403137   : 68 20 df 68 82 0c 63 59 6f 34 33 54 33 33 33 33 3b 33 7d 16
58.25253701210022   : 68 10 ef 68 04 0f 39 33 34 33 51 73 33 33 33 33 7a 39 ff ff 33 29 16
58.26342749595642   : 68 10 ef 68 84 01 01 55 16
58.33881378173828   : 68 31 ce 68 02 02 60 42 75 16
58.36007237434387   : 68 31 ce 68 82 0f 34 19 33 33 33 36 7a 33 34 39 56 56 56 56 56 44 16
58.43870806694031   : 68 20 df 68 02 02 38 3b 46 16
58.46008896827698   : 68 20 df 68 82 0c 63 59 6f 34 33 54 33 33 33 33 3b 33 7d 16
58.55550837516785   : 68 10 ef 68 04 0f 39 33 34 33 51 73 33 33 33 33 7a 39 ff ff 33 29 16
58.57711625099182   : 68 10 ef 68 84 01 01 55 16
58.631762981414795  : 68 31 ce 68 02 02 60 42 75 16
58.66427206993103   : 68 31 ce 68 82 0f 34 19 33 33 33 36 7a 33 34 39 56 56 56 56 56 44 16
58.73843240737915   : 68 20 df 68 02 02 38 3b 46 16
58.75988411903381   : 68 20 df 68 82 0c 63 59 6f 34 33 54 33 33 33 33 3b 33 7d 16
58.84637141227722   : 68 10 ef 68 04 0f 39 33 34 33 51 73 33 33 33 33 7a 39 ff ff 33 29 16
58.85747027397156   : 68 10 ef 68 84 01 01 55 16
58.933878898620605  : 68 31 ce 68 02 02 60 42 75 16
58.96593165397644   : 68 31 ce 68 82 0f 34 19 33 33 33 36 7a 33 34 39 56 56 56 56 56 44 16
59.040308475494385  : 68 20 df 68 02 02 38 3b 46 16
59.06173610687256   : 68 20 df 68 82 0c 63 59 6f 34 33 54 33 33 33 33 3b 33 7d 16
59.15704393386841   : 68 10 ef 68 04 0f 39 33 34 33 51 73 33 33 33 33 7a 39 ff ff 33 29 16
59.167603492736816  : 68 10 ef 68 84 01 01 55 16
59.242183208465576  : 68 31 ce 68 02 02 60 42 75 16
59.264143228530884  : 68 31 ce 68 82 0f 34 19 33 33 33 36 7a 33 34 39 56 56 56 56 56 44 16
59.338916540145874  : 68 20 df 68 02 02 38 3b 46 16
59.36027932167053   : 68 20 df 68 82 0c 63 59 6f 34 33 54 33 33 33 33 3b 33 7d 16
59.45567989349365   : 68 10 ef 68 04 0f 39 33 34 33 51 73 33 33 33 33 7a 39 ff ff 33 29 16
59.46937084197998   : 68 10 ef 68 84 01 01 55 16
59.533791065216064  : 68 31 ce 68 02 02 60 42 75 16
59.566391468048096  : 68 31 ce 68 82 0f 34 19 33 33 33 36 7a 33 34 39 56 56 56 56 56 44 16
59.64111351966858   : 68 20 df 68 02 02 38 3b 46 16
59.66254901885986   : 68 20 df 68 82 0c 63 59 6f 34 33 54 33 33 33 33 3b 33 7d 16
59.74915933609009   : 68 10 ef 68 04 0f 39 33 34 33 51 73 33 33 33 33 7a 39 ff ff 33 29 16
59.76024603843689   : 68 10 ef 68 84 01 01 55 16
59.83576154708862   : 68 31 ce 68 02 02 60 42 75 16
59.86846089363098   : 68 31 ce 68 82 0f 34 19 33 33 33 36 7a 33 34 39 56 56 56 56 56 44 16
59.94342088699341   : 68 20 df 68 02 02 38 3b 46 16
59.964823961257935  : 68 20 df 68 82 0c 63 59 6f 34 33 54 33 33 33 33 3b 33 7d 16
60.06020784378052   : 68 10 ef 68 04 0f 39 33 34 33 51 73 33 33 33 33 7a 39 ff ff 33 29 16
60.071067333221436  : 68 10 ef 68 84 01 01 55 16
60.13537788391113   : 68 31 ce 68 02 02 60 42 75 16
60.16746997833252   : 68 31 ce 68 82 0f 34 19 33 33 33 36 7a 33 34 39 56 56 56 56 56 44 16
60.236812353134155  : 68 20 df 68 02 02 38 3b 46 16
60.27179932594299   : 68 20 df 68 82 0c 63 59 6f 34 33 54 33 33 33 33 3b 33 7d 16
60.35637283325195   : 68 10 ef 68 04 0f 39 33 34 33 51 73 33 33 33 33 7a 39 ff ff 33 29 16
60.36693811416626   : 68 10 ef 68 84 01 01 55 16
60.44046425819397   : 68 31 ce 68 02 02 60 42 75 16
60.47232246398926   : 68 31 ce 68 82 0f 34 19 33 33 33 36 7a 33 34 39 56 56 56 56 56 44 16
60.54628229141235   : 68 20 df 68 02 02 38 3b 46 16
60.56766605377197   : 68 20 df 68 82 0c 63 59 6f 35 33 54 33 33 33 33 3b 33 7e 16
60.6524977684021    : 68 10 ef 68 04 0f 39 33 35 33 51 73 33 33 33 33 7a 39 ff ff 33 2a 16
60.66322994232178   : 68 10 ef 68 84 01 01 55 16
60.73778462409973   : 68 31 ce 68 02 02 60 42 75 16
60.76941657066345   : 68 31 ce 68 82 0f 34 19 33 33 33 36 7a 33 34 39 56 56 56 56 56 44 16
60.84418511390686   : 68 20 df 68 02 02 38 3b 46 16
60.865742206573486  : 68 20 df 68 82 0c 63 59 6f 35 33 54 33 33 33 33 3b 33 7e 16
60.96108436584473   : 68 10 ef 68 04 0f 39 33 35 33 51 73 33 33 33 33 7a 39 ff ff 33 2a 16
60.972081422805786  : 68 10 ef 68 84 01 01 55 16
61.04587197303772   : 68 31 ce 68 02 02 60 42 75 16
61.06738495826721   : 68 31 ce 68 82 0f 34 19 33 33 33 36 7a 33 34 39 56 56 56 56 56 44 16
61.14162039756775   : 68 20 df 68 02 02 38 3b 46 16
61.17376446723938   : 68 20 df 68 82 0c 63 59 6f 35 33 54 33 33 33 33 3b 33 7e 16
61.260581731796265  : 68 10 ef 68 04 0f 39 33 35 33 51 73 33 33 33 33 7a 39 ff ff 33 2a 16
61.271756649017334  : 68 10 ef 68 84 01 01 55 16
61.34592080116272   : 68 31 ce 68 02 02 60 42 75 16
61.378347635269165  : 68 31 ce 68 82 0f 34 19 33 33 33 36 7a 33 34 39 56 56 56 56 56 44 16
61.4459445476532    : 68 20 df 68 02 02 38 3b 46 16
61.46812415122986   : 68 20 df 68 82 0c 63 59 6f 35 33 54 33 33 33 33 3b 33 7e 16
61.55471420288086   : 68 10 ef 68 04 0f 39 33 35 33 51 73 33 33 33 33 7a 39 ff ff 33 2a 16
61.576125144958496  : 68 10 ef 68 84 01 01 55 16
61.64003849029541   : 68 31 ce 68 02 02 60 42 75 16
61.672226905822754  : 68 31 ce 68 82 0f 34 19 33 33 33 36 7a 33 34 39 56 56 56 56 56 44 16
61.74697685241699   : 68 20 df 68 02 02 38 3b 46 16
61.76838755607605   : 68 20 df 68 82 0c 63 59 6f 35 33 54 33 33 33 33 3b 33 7e 16
61.864337682724     : 68 10 ef 68 04 0f 39 33 35 33 51 73 33 33 33 33 7a 39 ff ff 33 2a 16
61.87957572937012   : 68 10 ef 68 84 01 01 55 16
61.94381141662598   : 68 31 ce 68 02 02 60 42 75 16
61.97548151016235   : 68 31 ce 68 82 0f 34 19 33 33 33 36 7a 33 34 39 56 56 56 56 56 44 16
62.04884934425354   : 68 20 df 68 02 02 38 3b 46 16
62.069971323013306  : 68 20 df 68 82 0c 63 59 6f 35 33 54 33 33 33 33 3b 33 7e 16
62.16466403007507   : 68 10 ef 68 04 0f 39 33 35 33 51 73 33 33 33 33 7a 39 ff ff 33 2a 16
62.175617694854736  : 68 10 ef 68 84 01 01 55 16
62.25034761428833   : 68 31 ce 68 02 02 60 42 75 16
62.27211785316467   : 68 31 ce 68 82 0f 34 19 33 33 33 36 7a 33 34 39 56 56 56 56 56 44 16
62.34641098976135   : 68 20 df 68 02 02 38 3b 46 16
62.36760687828064   : 68 20 df 68 82 0c 63 59 6f 35 33 54 33 33 33 33 3b 33 7e 16
62.4635488986969    : 68 10 ef 68 04 0f 39 33 35 33 51 73 33 33 33 33 7a 39 ff ff 33 2a 16
62.474634408950806  : 68 10 ef 68 84 01 01 55 16
62.55072808265686   : 68 31 ce 68 02 02 60 42 75 16
62.58365726470947   : 68 31 ce 68 82 0f 34 19 33 33 33 36 7a 33 34 39 56 56 56 56 56 44 16
62.64769458770752   : 68 20 df 68 02 02 38 3b 46 16
62.669150590896606  : 68 20 df 68 82 0c 63 59 6f 34 33 54 33 33 33 33 3b 33 7d 16
62.764020919799805  : 68 10 ef 68 04 0f 39 33 34 33 51 73 33 33 33 33 7a 39 ff ff 33 29 16
62.77518844604492   : 68 10 ef 68 84 01 01 55 16
62.849955558776855  : 68 31 ce 68 02 02 60 42 75 16
62.88256573677063   : 68 31 ce 68 82 0f 34 19 33 33 33 36 7a 33 34 39 56 56 56 56 56 44 16
62.94960045814514   : 68 20 df 68 02 02 38 3b 46 16
62.97148108482361   : 68 20 df 68 82 0c 63 59 6f 34 33 54 33 33 33 33 3b 33 7d 16
63.06743001937866   : 68 10 ef 68 04 0f 39 33 34 33 51 73 33 33 33 33 7a 39 ff ff 33 29 16
63.12177491188049   : 68 10 ef 68 84 01 01 55 16
63.153489112854004  : 68 31 ce 68 02 02 60 42 75 16
63.1752986907959    : 68 31 ce 68 82 0f 34 19 33 33 33 36 7a 33 34 39 56 56 56 56 56 44 16
63.24932289123535   : 68 20 df 68 02 02 38 3b 46 16
63.27069091796875   : 68 20 df 68 82 0c 63 59 6f 34 33 54 33 33 33 33 3b 33 7d 16
63.36696100234985   : 68 10 ef 68 04 0f 39 33 34 33 51 73 33 33 33 33 7a 39 ff ff 33 29 16
63.37815308570862   : 68 10 ef 68 84 01 01 55 16
63.45459294319153   : 68 31 ce 68 02 02 60 42 75 16
63.47551774978638   : 68 31 ce 68 82 0f 34 19 33 33 33 36 7a 33 34 39 56 56 56 56 56 44 16
63.549880504608154  : 68 20 df 68 02 02 38 3b 46 16
63.5717568397522    : 68 20 df 68 82 0c 63 59 6f 34 33 54 33 33 33 33 3b 33 7d 16
63.66816759109497   : 68 10 ef 68 04 0f 39 33 34 33 51 73 33 33 33 33 7a 39 ff ff 33 29 16
63.67982840538025   : 68 10 ef 68 84 01 01 55 16
63.75499200820923   : 68 31 ce 68 02 02 60 42 75 16
63.776400327682495  : 68 31 ce 68 82 0f 34 19 33 33 33 36 7a 33 34 39 56 56 56 56 56 44 16
63.852237701416016  : 68 20 df 68 02 02 38 3b 46 16
63.873679637908936  : 68 20 df 68 82 0c 63 59 6f 34 33 54 33 33 33 33 3b 33 7d 16
63.962557792663574  : 68 10 ef 68 04 0f 39 33 34 33 51 73 33 33 33 33 7a 39 ff ff 33 29 16
63.973313331604004  : 68 10 ef 68 84 01 01 55 16
64.04753470420837   : 68 31 ce 68 02 02 60 42 75 16
64.0794141292572    : 68 31 ce 68 82 0f 34 19 33 33 33 36 7a 33 34 39 56 56 56 56 56 44 16
64.15466976165771   : 68 20 df 68 02 02 38 3b 46 16
64.17611050605774   : 68 20 df 68 82 0c 63 59 6f 34 33 54 33 33 33 33 3b 33 7d 16
64.27157425880432   : 68 10 ef 68 04 0f 39 33 34 33 51 73 33 33 33 33 7a 39 ff ff 33 29 16
64.28266334533691   : 68 10 ef 68 84 01 01 55 16
64.35642981529236   : 68 31 ce 68 02 02 60 42 75 16
64.38871884346008   : 68 31 ce 68 82 0f 34 19 33 33 33 36 7a 33 34 39 56 56 56 56 56 44 16
64.45222759246826   : 68 20 df 68 02 02 38 3b 46 16
64.47352170944214   : 68 20 df 68 82 0c 63 59 6f 34 33 54 33 33 33 33 3b 33 7d 16
64.57073974609375   : 68 10 ef 68 04 0f 39 33 34 33 51 73 33 33 33 33 7a 39 ff ff 33 29 16
64.58146119117737   : 68 10 ef 68 84 01 01 55 16
64.65588879585266   : 68 31 ce 68 02 02 60 42 75 16
64.68786859512329   : 68 31 ce 68 82 0f 34 19 33 33 33 36 7a 33 34 39 56 56 56 56 56 44 16
64.75270652770996   : 68 20 df 68 02 02 38 3b 46 16
64.78467559814453   : 68 20 df 68 82 0c 63 59 6f 34 33 54 33 33 33 33 3b 33 7d 16
64.87021660804749   : 68 10 ef 68 04 0f 39 33 34 33 51 73 33 33 33 33 7a 39 ff ff 33 29 16
64.88092732429504   : 68 10 ef 68 84 01 01 55 16
64.95609784126282   : 68 31 ce 68 02 02 60 42 75 16
64.98134636878967   : 68 31 ce 68 82 0f 34 19 33 33 33 36 7a 33 34 39 56 56 56 56 56 44 16
65.05509424209595   : 68 20 df 68 02 02 38 3b 46 16
65.0763201713562    : 68 20 df 68 82 0c 63 59 6f 34 33 54 33 33 33 33 3b 33 7d 16
65.1707866191864    : 68 10 ef 68 04 0f 39 33 34 33 51 73 33 33 33 33 7a 39 ff ff 33 29 16
65.18143057823181   : 68 10 ef 68 84 01 01 55 16
65.25555634498596   : 68 31 ce 68 02 02 60 42 75 16
65.28735399246216   : 68 31 ce 68 82 0f 34 19 33 33 33 36 7a 33 34 39 56 56 56 56 56 44 16
65.36138820648193   : 68 20 df 68 02 02 38 3b 46 16
65.38374733924866   : 68 20 df 68 82 0c 63 59 6f 34 33 54 33 33 33 33 3b 33 7d 16
65.47083830833435   : 68 10 ef 68 04 0f 39 33 34 33 51 73 33 33 33 33 7a 39 ff ff 33 29 16
65.48236417770386   : 68 10 ef 68 84 01 01 55 16
65.55621695518494   : 68 31 ce 68 02 02 60 42 75 16
65.58847522735596   : 68 31 ce 68 82 0f 34 19 33 33 33 36 7a 33 34 39 56 56 56 56 56 44 16
65.65266275405884   : 68 20 df 68 02 02 38 3b 46 16
65.6849992275238    : 68 20 df 68 82 0c 63 59 6f 34 33 54 33 33 33 33 3b 33 7d 16
65.7699921131134    : 68 10 ef 68 04 0f 39 33 34 33 51 73 33 33 33 33 7a 39 ff ff 33 29 16
65.78102540969849   : 68 10 ef 68 84 01 01 55 16
65.85717344284058   : 68 31 ce 68 02 02 60 42 75 16
65.8893449306488    : 68 31 ce 68 82 0f 34 19 33 33 33 36 7a 33 34 39 56 56 56 56 56 44 16
65.95340943336487   : 68 20 df 68 02 02 38 3b 46 16
65.98497128486633   : 68 20 df 68 82 0c 63 59 6f 34 33 54 33 33 33 33 3b 33 7d 16
66.07083249092102   : 68 10 ef 68 04 0f 39 33 34 33 51 73 33 33 33 33 7a 39 ff ff 33 29 16
66.1239128112793    : 68 10 ef 68 84 01 01 55 16
66.15753650665283   : 68 31 ce 68 02 02 60 42 75 16
66.18978261947632   : 68 31 ce 68 82 0f 34 19 33 33 33 36 7a 33 34 39 56 56 56 56 56 44 16
66.2642469406128    : 68 20 df 68 02 02 38 3b 46 16
66.28581809997559   : 68 20 df 68 82 0c 63 59 6f 34 33 54 33 33 33 33 3b 33 7d 16
66.37288165092468   : 68 10 ef 68 04 0f 39 33 34 33 51 73 33 33 33 33 7a 39 ff ff 33 29 16
66.383718252182     : 68 10 ef 68 84 01 01 55 16
66.45812702178955   : 68 31 ce 68 02 02 60 42 75 16
66.49210524559021   : 68 31 ce 68 82 0f 34 19 33 33 33 36 7a 33 34 39 56 56 56 56 56 44 16
66.55601835250854   : 68 20 df 68 02 02 38 3b 46 16
66.58791756629944   : 68 20 df 68 82 0c 63 59 6f 34 33 54 33 33 33 33 3b 33 7d 16
66.67282390594482   : 68 10 ef 68 04 0f 39 33 34 33 51 73 33 33 33 33 7a 39 ff ff 33 29 16
66.68356466293335   : 68 10 ef 68 84 01 01 55 16
66.75850176811218   : 68 31 ce 68 02 02 60 42 75 16
66.79063725471497   : 68 31 ce 68 82 0f 34 19 33 33 33 36 7a 33 34 39 56 56 56 56 56 44 16
66.86508131027222   : 68 20 df 68 02 02 38 3b 46 16
66.88695001602173   : 68 20 df 68 82 0c 63 59 6f 35 33 54 33 33 33 33 3b 33 7e 16
66.97143292427063   : 68 10 ef 68 04 0f 39 33 35 33 51 73 33 33 33 33 7a 39 ff ff 33 2a 16
66.98231339454651   : 68 10 ef 68 84 01 01 55 16
67.05808997154236   : 68 31 ce 68 02 02 60 42 75 16
67.09043836593628   : 68 31 ce 68 82 0f 34 19 33 33 33 36 7a 33 34 39 56 56 56 56 56 44 16
67.16444253921509   : 68 20 df 68 02 02 38 3b 46 16
67.18618583679199   : 68 20 df 68 82 0c 63 59 6f 35 33 54 33 33 33 33 3b 33 7e 16
67.28115558624268   : 68 10 ef 68 04 0f 39 33 35 33 51 73 33 33 33 33 7a 39 ff ff 33 2a 16
67.29204297065735   : 68 10 ef 68 84 01 01 55 16
67.35771107673645   : 68 31 ce 68 02 02 60 42 75 16
67.3900830745697    : 68 31 ce 68 82 0f 34 19 33 33 33 36 7a 33 34 39 56 56 56 56 56 44 16
67.46402502059937   : 68 20 df 68 02 02 38 3b 46 16
67.4852466583252    : 68 20 df 68 82 0c 63 59 6f 35 33 54 33 33 33 33 3b 33 7e 16
67.58081459999084   : 68 10 ef 68 04 0f 39 33 35 33 51 73 33 33 33 33 7a 39 ff ff 33 2a 16
67.59496259689331   : 68 10 ef 68 84 01 01 55 16
67.65958857536316   : 68 31 ce 68 02 02 60 42 75 16
67.69188475608826   : 68 31 ce 68 82 0f 34 19 33 33 33 36 7a 33 34 39 56 56 56 56 56 44 16
67.76648449897766   : 68 20 df 68 02 02 38 3b 46 16
67.78773379325867   : 68 20 df 68 82 0c 63 59 6f 35 33 54 33 33 33 33 3b 33 7e 16
67.8833692073822    : 68 10 ef 68 04 0f 39 33 35 33 51 73 33 33 33 33 7a 39 ff ff 33 2a 16
67.8951404094696    : 68 10 ef 68 84 01 01 55 16
67.96054410934448   : 68 31 ce 68 02 02 60 42 75 16
67.99206876754761   : 68 31 ce 68 82 0f 34 19 33 33 33 36 7a 33 34 39 56 56 56 56 56 44 16
68.06757140159607   : 68 20 df 68 02 02 38 3b 46 16
68.08910322189331   : 68 20 df 68 82 0c 63 59 6f 35 33 54 33 33 33 33 3b 33 7e 16
68.18432807922363   : 68 10 ef 68 04 0f 39 33 35 33 51 73 33 33 33 33 7a 39 ff ff 33 2a 16
68.19634580612183   : 68 10 ef 68 84 01 01 55 16
68.2607889175415    : 68 31 ce 68 02 02 60 42 75 16
68.29318475723267   : 68 31 ce 68 82 0f 34 19 33 33 33 36 7a 33 34 39 56 56 56 56 56 44 16
68.36930274963379   : 68 20 df 68 02 02 38 3b 46 16
68.3907458782196    : 68 20 df 68 82 0c 63 59 6f 35 33 54 33 33 33 33 3b 33 7e 16
68.47743225097656   : 68 10 ef 68 04 0f 39 33 35 33 51 73 33 33 33 33 7a 39 ff ff 33 2a 16
68.48884749412537   : 68 10 ef 68 84 01 01 55 16
68.56289219856262   : 68 31 ce 68 02 02 60 42 75 16
68.59478187561035   : 68 31 ce 68 82 0f 34 19 33 33 33 36 7a 33 34 39 56 56 56 56 56 44 16
68.66161322593689   : 68 20 df 68 02 02 38 3b 46 16
68.69385480880737   : 68 20 df 68 82 0c 63 59 6f 35 33 54 33 33 33 33 3b 33 7e 16
68.7789306640625    : 68 10 ef 68 04 0f 39 33 35 33 51 73 33 33 33 33 7a 39 ff ff 33 2a 16
68.78981566429138   : 68 10 ef 68 84 01 01 55 16
68.86628770828247   : 68 31 ce 68 02 02 60 42 75 16
68.89807295799255   : 68 31 ce 68 82 0f 34 19 33 33 33 36 7a 33 34 39 56 56 56 56 56 44 16
68.97212529182434   : 68 20 df 68 02 02 38 3b 46 16
68.99329400062561   : 68 20 df 68 82 0c 63 59 6f 35 33 54 33 33 33 33 3b 33 7e 16
69.08758616447449   : 68 10 ef 68 04 0f 39 33 35 33 51 73 33 33 33 33 7a 39 ff ff 33 2a 16
69.11951804161072   : 68 10 ef 68 84 01 01 55 16
69.17204141616821   : 68 31 ce 68 02 02 60 42 75 16
69.19302678108215   : 68 31 ce 68 82 0f 34 19 33 33 33 36 7a 33 34 39 56 56 56 56 56 44 16
69.2673270702362    : 68 20 df 68 02 02 38 3b 46 16
69.28908133506775   : 68 20 df 68 82 0c 63 59 6f 35 33 54 33 33 33 33 3b 33 7e 16
69.388418674469     : 68 10 ef 68 04 0f 39 33 35 33 51 73 33 33 33 33 7a 39 ff ff 33 2a 16
69.39901566505432   : 68 10 ef 68 84 01 01 55 16
69.47310590744019   : 68 31 ce 68 02 02 60 42 75 16
69.49400973320007   : 68 31 ce 68 82 0f 34 19 33 33 33 36 7a 33 34 39 56 56 56 56 56 44 16
69.56765341758728   : 68 20 df 68 02 02 38 3b 46 16
69.59918451309204   : 68 20 df 68 82 0c 63 59 6f 35 33 54 33 33 33 33 3b 33 7e 16
69.68397521972656   : 68 10 ef 68 04 0f 39 33 35 33 51 73 33 33 33 33 7a 39 ff ff 33 2a 16
69.69504642486572   : 68 10 ef 68 84 01 01 55 16
69.7711067199707    : 68 31 ce 68 02 02 60 42 75 16
69.80287528038025   : 68 31 ce 68 82 0f 34 19 33 33 33 36 7a 33 34 39 56 56 56 56 56 44 16
69.86652565002441   : 68 20 df 68 02 02 38 3b 46 16
69.89969968795776   : 68 20 df 68 82 0c 63 59 6f 35 33 54 33 33 33 33 3b 33 7e 16
69.98456287384033   : 68 10 ef 68 04 0f 39 33 35 33 51 73 33 33 33 33 7a 39 ff ff 33 2a 16
69.99514746665955   : 68 10 ef 68 84 01 01 55 16
70.07113528251648   : 68 31 ce 68 02 02 60 42 75 16
70.09577441215515   : 68 31 ce 68 82 0f 34 19 33 33 33 36 7a 33 34 39 56 56 56 56 56 44 16
70.16937375068665   : 68 20 df 68 02 02 38 3b 46 16
70.20106148719788   : 68 20 df 68 82 0c 63 59 6f 35 33 54 33 33 33 33 3b 33 7e 16
70.28474283218384   : 68 10 ef 68 04 0f 39 33 35 33 51 73 33 33 33 33 7a 39 ff ff 33 2a 16
70.29528832435608   : 68 10 ef 68 84 01 01 55 16
70.36930012702942   : 68 31 ce 68 02 02 60 42 75 16
70.4010956287384    : 68 31 ce 68 82 0f 34 19 33 33 33 36 7a 33 34 39 56 56 56 56 56 44 16
70.47539234161377   : 68 20 df 68 02 02 38 3b 46 16
70.49721384048462   : 68 20 df 68 82 0c 63 59 6f 35 33 54 33 33 33 33 3b 33 7e 16
70.59284925460815   : 68 10 ef 68 04 0f 39 33 35 33 51 73 33 33 33 33 7a 39 ff ff 33 2a 16
70.60414528846741   : 68 10 ef 68 84 01 01 55 16
70.66822814941406   : 68 31 ce 68 02 02 60 42 75 16
70.70001459121704   : 68 31 ce 68 82 0f 34 19 33 33 33 36 7a 33 34 39 56 56 56 56 56 44 16
70.77520179748535   : 68 20 df 68 02 02 38 3b 46 16
70.79702734947205   : 68 20 df 68 82 0c 63 59 6f 35 33 54 33 33 33 33 3b 33 7e 16
70.89212942123413   : 68 10 ef 68 04 0f 39 33 35 33 51 73 33 33 33 33 7a 39 ff ff 33 2a 16
70.90331411361694   : 68 10 ef 68 84 01 01 55 16
70.97793412208557   : 68 31 ce 68 02 02 60 42 75 16
70.99928593635559   : 68 31 ce 68 82 0f 34 19 33 33 33 36 7a 33 34 39 56 56 56 56 56 44 16
71.0737612247467    : 68 20 df 68 02 02 38 3b 46 16
71.09695863723755   : 68 20 df 68 82 0c 63 59 6f 35 33 54 33 33 33 33 3b 33 7e 16
71.19379925727844   : 68 10 ef 68 04 0f 39 33 35 33 51 73 33 33 33 33 7a 39 ff ff 33 2a 16
71.20527362823486   : 68 10 ef 68 84 01 01 55 16
71.27927494049072   : 68 31 ce 68 02 02 60 42 75 16
71.3004801273346    : 68 31 ce 68 82 0f 34 19 33 33 33 36 7a 33 34 39 56 56 56 56 56 44 16
71.3764259815216    : 68 20 df 68 02 02 38 3b 46 16
71.39776372909546   : 68 20 df 68 82 0c 63 59 6f 35 33 54 33 33 33 33 3b 33 7e 16
71.49433779716492   : 68 10 ef 68 04 0f 39 33 35 33 51 73 33 33 33 33 7a 39 ff ff 33 2a 16
71.5062186717987    : 68 10 ef 68 84 01 01 55 16
71.57221937179565   : 68 31 ce 68 02 02 60 42 75 16
71.60395050048828   : 68 31 ce 68 82 0f 34 19 33 33 33 36 7a 33 34 39 56 56 56 56 56 44 16
71.67944836616516   : 68 20 df 68 02 02 38 3b 46 16
71.70083165168762   : 68 20 df 68 82 0c 63 59 6f 35 33 54 33 33 33 33 3b 33 7e 16
71.79631304740906   : 68 10 ef 68 04 0f 39 33 35 33 51 73 33 33 33 33 7a 39 ff ff 33 2a 16
71.80737352371216   : 68 10 ef 68 84 01 01 55 16
71.87194299697876   : 68 31 ce 68 02 02 60 42 75 16
71.90352940559387   : 68 31 ce 68 82 0f 34 19 33 33 33 36 7a 33 34 39 56 56 56 56 56 44 16
71.97794079780579   : 68 20 df 68 02 02 38 3b 46 16
71.99954223632812   : 68 20 df 68 82 0c 63 59 6f 35 33 54 33 33 33 33 3b 33 7e 16
72.09555697441101   : 68 10 ef 68 04 0f 39 33 35 33 51 73 33 33 33 33 7a 39 ff ff 33 2a 16
72.11700749397278   : 68 10 ef 68 84 01 01 55 16
72.17243337631226   : 68 31 ce 68 02 02 60 42 75 16
72.20410013198853   : 68 31 ce 68 82 0f 34 19 33 33 33 36 7a 33 34 39 56 56 56 56 56 44 16
72.27819156646729   : 68 20 df 68 02 02 38 3b 46 16
72.29928612709045   : 68 20 df 68 82 0c 63 59 6f 34 33 54 33 33 33 33 3b 33 7d 16
72.39392709732056   : 68 10 ef 68 04 0f 39 33 34 33 51 73 33 33 33 33 7a 39 ff ff 33 29 16
72.40482139587402   : 68 10 ef 68 84 01 01 55 16
72.47773003578186   : 68 31 ce 68 02 02 60 42 75 16
72.50938773155212   : 68 31 ce 68 82 0f 34 19 33 33 33 36 7a 33 34 39 56 56 56 56 56 44 16
72.58380818367004   : 68 20 df 68 02 02 38 3b 46 16
72.6051881313324    : 68 20 df 68 82 0c 63 59 6f 34 33 54 33 33 33 33 3b 33 7d 16
72.68877077102661   : 68 10 ef 68 04 0f 39 33 34 33 51 73 33 33 33 33 7a 39 ff ff 33 29 16
72.69961929321289   : 68 10 ef 68 84 01 01 55 16
72.78411078453064   : 68 31 ce 68 02 02 60 42 75 16
72.80550742149353   : 68 31 ce 68 82 0f 34 19 33 33 33 36 7a 33 34 39 56 56 56 56 56 44 16
72.88042855262756   : 68 20 df 68 02 02 38 3b 46 16
72.90181970596313   : 68 20 df 68 82 0c 63 59 6f 34 33 54 33 33 33 33 3b 33 7d 16
72.99705481529236   : 68 10 ef 68 04 0f 39 33 34 33 51 73 33 33 33 33 7a 39 ff ff 33 29 16
73.0079288482666    : 68 10 ef 68 84 01 01 55 16
73.08218717575073   : 68 31 ce 68 02 02 60 42 75 16
73.11424803733826   : 68 31 ce 68 82 0f 34 19 33 33 33 36 7a 33 34 39 56 56 56 56 56 44 16
73.17775535583496   : 68 20 df 68 02 02 38 3b 46 16
73.2097704410553    : 68 20 df 68 82 0c 63 59 6f 34 33 54 33 33 33 33 3b 33 7d 16
73.29478716850281   : 68 10 ef 68 04 0f 39 33 34 33 51 73 33 33 33 33 7a 39 ff ff 33 29 16
73.30565476417542   : 68 10 ef 68 84 01 01 55 16
73.37930846214294   : 68 31 ce 68 02 02 60 42 75 16
73.41096687316895   : 68 31 ce 68 82 0f 34 19 33 33 33 36 7a 33 34 39 56 56 56 56 56 44 16
73.47776746749878   : 68 20 df 68 02 02 38 3b 46 16
73.50982522964478   : 68 20 df 68 82 0c 63 59 6f 34 33 54 33 33 33 33 3b 33 7d 16
73.59458327293396   : 68 10 ef 68 04 0f 39 33 34 33 51 73 33 33 33 33 7a 39 ff ff 33 29 16
73.60518980026245   : 68 10 ef 68 84 01 01 55 16
73.67949533462524   : 68 31 ce 68 02 02 60 42 75 16
73.71567749977112   : 68 31 ce 68 82 0f 34 19 33 33 33 36 7a 33 34 39 56 56 56 56 56 44 16
73.78128790855408   : 68 20 df 68 02 02 38 3b 46 16
73.80264544487      : 68 20 df 68 82 0c 63 59 6f 34 33 54 33 33 33 33 3b 33 7d 16
73.89898419380188   : 68 10 ef 68 04 0f 39 33 34 33 51 73 33 33 33 33 7a 39 ff ff 33 29 16
73.9098641872406    : 68 10 ef 68 84 01 01 55 16
73.98451781272888   : 68 31 ce 68 02 02 60 42 75 16
74.01629090309143   : 68 31 ce 68 82 0f 34 19 33 33 33 36 7a 33 34 39 56 56 56 56 56 44 16
74.0808036327362    : 68 20 df 68 02 02 38 3b 46 16
74.11275005340576   : 68 20 df 68 82 0c 63 59 6f 34 33 54 33 33 33 33 3b 33 7d 16
74.19673871994019   : 68 10 ef 68 04 0f 39 33 34 33 51 73 33 33 33 33 7a 39 ff ff 33 29 16
74.20728158950806   : 68 10 ef 68 84 01 01 55 16
74.28188419342041   : 68 31 ce 68 02 02 60 42 75 16
74.31360578536987   : 68 31 ce 68 82 0f 34 19 33 33 33 36 7a 33 34 39 56 56 56 56 56 44 16
74.38805103302002   : 68 20 df 68 02 02 38 3b 46 16
74.40947198867798   : 68 20 df 68 82 0c 63 59 6f 34 33 54 33 33 33 33 3b 33 7d 16
74.49475598335266   : 68 10 ef 68 04 0f 39 33 34 33 51 73 33 33 33 33 7a 39 ff ff 33 29 16
74.50548243522644   : 68 10 ef 68 84 01 01 55 16
74.57953357696533   : 68 31 ce 68 02 02 60 42 75 16
74.61135578155518   : 68 31 ce 68 82 0f 34 19 33 33 33 36 7a 33 34 39 56 56 56 56 56 44 16
74.686842918396     : 68 20 df 68 02 02 38 3b 46 16
74.7113082408905    : 68 20 df 68 82 0c 63 59 6f 34 33 54 33 33 33 33 3b 33 7d 16
74.79739332199097   : 68 10 ef 68 04 0f 39 33 34 33 51 73 33 33 33 33 7a 39 ff ff 33 29 16
74.80794382095337   : 68 10 ef 68 84 01 01 55 16
74.88195371627808   : 68 31 ce 68 02 02 60 42 75 16
74.91415882110596   : 68 31 ce 68 82 0f 34 19 33 33 33 36 7a 33 34 39 56 56 56 56 56 44 16
74.98840284347534   : 68 20 df 68 02 02 38 3b 46 16
75.00988841056824   : 68 20 df 68 82 0c 63 59 6f 34 33 54 33 33 33 33 3b 33 7d 16
75.09694218635559   : 68 10 ef 68 04 0f 39 33 34 33 51 73 33 33 33 33 7a 39 ff ff 33 29 16
75.10860276222229   : 68 10 ef 68 84 01 01 55 16
75.18274784088135   : 68 31 ce 68 02 02 60 42 75 16
75.21537661552429   : 68 31 ce 68 82 0f 34 19 33 33 33 36 7a 33 34 39 56 56 56 56 56 44 16
75.29155993461609   : 68 20 df 68 02 02 38 3b 46 16
75.31285214424133   : 68 20 df 68 82 0c 63 59 6f 34 33 54 33 33 33 33 3b 33 7d 16
75.39738416671753   : 68 10 ef 68 04 0f 39 33 34 33 51 73 33 33 33 33 7a 39 ff ff 33 29 16
75.40813517570496   : 68 10 ef 68 84 01 01 55 16
75.48302412033081   : 68 31 ce 68 02 02 60 42 75 16
75.51486539840698   : 68 31 ce 68 82 0f 34 19 33 33 33 36 7a 33 34 39 56 56 56 56 56 44 16
75.58966946601868   : 68 20 df 68 02 02 38 3b 46 16
75.61129093170166   : 68 20 df 68 82 0c 63 59 6f 34 33 54 33 33 33 33 3b 33 7d 16
75.70749711990356   : 68 10 ef 68 04 0f 39 33 34 33 51 73 33 33 33 33 7a 39 ff ff 33 29 16
75.7190055847168    : 68 10 ef 68 84 01 01 55 16
75.78366160392761   : 68 31 ce 68 02 02 60 42 75 16
75.8153817653656    : 68 31 ce 68 82 0f 34 19 33 33 33 36 7a 33 34 39 56 56 56 56 56 44 16
75.89107275009155   : 68 20 df 68 02 02 38 3b 46 16
75.91650557518005   : 68 20 df 68 82 0c 63 59 6f 34 33 54 33 33 33 33 3b 33 7d 16
76.00304317474365   : 68 10 ef 68 04 0f 39 33 34 33 51 73 33 33 33 33 7a 39 ff ff 33 29 16
76.0137267112732    : 68 10 ef 68 84 01 01 55 16
76.08794116973877   : 68 31 ce 68 02 02 60 42 75 16
76.11988711357117   : 68 31 ce 68 82 0f 34 19 33 33 33 36 7a 33 34 39 56 56 56 56 56 44 16
76.19388580322266   : 68 20 df 68 02 02 38 3b 46 16
76.21517276763916   : 68 20 df 68 82 0c 63 59 6f 34 33 54 33 33 33 33 3b 33 7d 16
76.30867290496826   : 68 10 ef 68 04 0f 39 33 34 33 51 73 33 33 33 33 7a 39 ff ff 33 29 16
76.31965208053589   : 68 10 ef 68 84 01 01 55 16
76.39278483390808   : 68 31 ce 68 02 02 60 42 75 16
76.4250078201294    : 68 31 ce 68 82 0f 34 19 33 33 33 36 7a 33 34 39 56 56 56 56 56 44 16
76.4880862236023    : 68 20 df 68 02 02 38 3b 46 16
76.51986837387085   : 68 20 df 68 82 0c 63 59 6f 34 33 54 33 33 33 33 3b 33 7d 16
76.60517621040344   : 68 10 ef 68 04 0f 39 33 34 33 51 73 33 33 33 33 7a 39 ff ff 33 29 16
76.61616706848145   : 68 10 ef 68 84 01 01 55 16
76.69143152236938   : 68 31 ce 68 02 02 60 42 75 16
76.72384643554688   : 68 31 ce 68 82 0f 34 19 33 33 33 36 7a 33 34 39 56 56 56 56 56 44 16
76.79232692718506   : 68 20 df 68 02 02 38 3b 46 16
76.81384539604187   : 68 20 df 68 82 0c 63 59 6f 34 33 54 33 33 33 33 3b 33 7d 16
76.90933346748352   : 68 10 ef 68 04 0f 39 33 34 33 51 73 33 33 33 33 7a 39 ff ff 33 29 16
76.92022061347961   : 68 10 ef 68 84 01 01 55 16
76.99504923820496   : 68 31 ce 68 02 02 60 42 75 16
77.02697801589966   : 68 31 ce 68 82 0f 34 19 33 33 33 36 7a 33 34 39 56 56 56 56 56 44 16
77.09281730651855   : 68 20 df 68 02 02 38 3b 46 16
77.11514449119568   : 68 20 df 68 82 0c 63 59 6f 34 33 54 33 33 33 33 3b 33 7d 16
77.21052932739258   : 68 10 ef 68 04 0f 39 33 34 33 51 73 33 33 33 33 7a 39 ff ff 33 29 16
77.22146034240723   : 68 10 ef 68 84 01 01 55 16
77.29714584350586   : 68 31 ce 68 02 02 60 42 75 16
77.31906795501709   : 68 31 ce 68 82 0f 34 19 33 33 33 36 7a 33 34 39 56 56 56 56 56 44 16
77.3959093093872    : 68 20 df 68 02 02 38 3b 46 16
77.41724610328674   : 68 20 df 68 82 0c 63 59 6f 34 33 54 33 33 33 33 3b 33 7d 16
77.51370596885681   : 68 10 ef 68 04 0f 39 33 34 33 51 73 33 33 33 33 7a 39 ff ff 33 29 16
77.52458095550537   : 68 10 ef 68 84 01 01 55 16
77.59841251373291   : 68 31 ce 68 02 02 60 42 75 16
77.61963152885437   : 68 31 ce 68 82 0f 34 19 33 33 33 36 7a 33 34 39 56 56 56 56 56 44 16
77.69456720352173   : 68 20 df 68 02 02 38 3b 46 16
77.7160439491272    : 68 20 df 68 82 0c 63 59 6f 34 33 54 33 33 33 33 3b 33 7d 16
77.8135449886322    : 68 10 ef 68 04 0f 39 33 34 33 51 73 33 33 33 33 7a 39 ff ff 33 29 16
77.86688685417175   : 68 10 ef 68 84 01 01 55 16
77.89894366264343   : 68 31 ce 68 02 02 60 42 75 16
77.92033815383911   : 68 31 ce 68 82 0f 34 19 33 33 33 36 7a 33 34 39 56 56 56 56 56 44 16
77.99429249763489   : 68 20 df 68 02 02 38 3b 46 16
78.01550078392029   : 68 20 df 68 82 0c 63 59 6f 34 33 54 33 33 33 33 3b 33 7d 16
78.11281180381775   : 68 10 ef 68 04 0f 39 33 34 33 51 73 33 33 33 33 7a 39 ff ff 33 29 16
78.12369155883789   : 68 10 ef 68 84 01 01 55 16
78.19737219810486   : 68 31 ce 68 02 02 60 42 75 16
78.22946333885193   : 68 31 ce 68 82 0f 34 19 33 33 33 36 7a 33 34 39 56 56 56 56 56 44 16
78.29536604881287   : 68 20 df 68 02 02 38 3b 46 16
78.3210141658783    : 68 20 df 68 82 0c 63 59 6f 34 33 54 33 33 33 33 3b 33 7d 16
78.41645693778992   : 68 10 ef 68 04 0f 39 33 34 33 51 73 33 33 33 33 7a 39 ff ff 33 29 16
78.42740058898926   : 68 10 ef 68 84 01 01 55 16
78.49198484420776   : 68 31 ce 68 02 02 60 42 75 16
78.52409195899963   : 68 31 ce 68 82 0f 34 19 33 33 33 36 7a 33 34 39 56 56 56 56 56 44 16
78.59833908081055   : 68 20 df 68 02 02 38 3b 46 16
78.62058019638062   : 68 20 df 68 82 0c 63 59 6f 34 33 54 33 33 33 33 3b 33 7d 16
78.7164978981018    : 68 10 ef 68 04 0f 39 33 34 33 51 73 33 33 33 33 7a 39 ff ff 33 29 16
78.72849297523499   : 68 10 ef 68 84 01 01 55 16
78.79604196548462   : 68 31 ce 68 02 02 60 42 75 16
78.8278079032898    : 68 31 ce 68 82 0f 34 19 33 33 33 36 7a 33 34 39 56 56 56 56 56 44 16
78.9016501903534    : 68 20 df 68 02 02 38 3b 46 16
78.92275428771973   : 68 20 df 68 82 0c 63 59 6f 34 33 54 33 33 33 33 3b 33 7d 16
79.01738691329956   : 68 10 ef 68 04 0f 39 33 34 33 51 73 33 33 33 33 7a 39 ff ff 33 29 16
79.02806353569031   : 68 10 ef 68 84 01 01 55 16
79.10243201255798   : 68 31 ce 68 02 02 60 42 75 16
79.12404465675354   : 68 31 ce 68 82 0f 34 19 33 33 33 36 7a 33 34 39 56 56 56 56 56 44 16
79.19802737236023   : 68 20 df 68 02 02 38 3b 46 16
79.2192051410675    : 68 20 df 68 82 0c 63 59 6f 34 33 54 33 33 33 33 3b 33 7d 16
79.31470894813538   : 68 10 ef 68 04 0f 39 33 34 33 51 73 33 33 33 33 7a 39 ff ff 33 29 16
79.32563877105713   : 68 10 ef 68 84 01 01 55 16
79.4023585319519    : 68 31 ce 68 02 02 60 42 75 16
79.43412780761719   : 68 31 ce 68 82 0f 34 19 33 33 33 36 7a 33 34 39 56 56 56 56 56 44 16
79.49781799316406   : 68 20 df 68 02 02 38 3b 46 16
79.53026270866394   : 68 20 df 68 82 0c 63 59 6f 34 33 54 33 33 33 33 3b 33 7d 16
79.61517095565796   : 68 10 ef 68 04 0f 39 33 34 33 51 73 33 33 33 33 7a 39 ff ff 33 29 16
79.6264967918396    : 68 10 ef 68 84 01 01 55 16
79.70233345031738   : 68 31 ce 68 02 02 60 42 75 16
79.73422646522522   : 68 31 ce 68 82 0f 34 19 33 33 33 36 7a 33 34 39 56 56 56 56 56 44 16
79.79912209510803   : 68 20 df 68 02 02 38 3b 46 16
79.82137322425842   : 68 20 df 68 82 0c 63 59 6f 34 33 54 33 33 33 33 3b 33 7d 16
79.9166407585144    : 68 10 ef 68 04 0f 39 33 34 33 51 73 33 33 33 33 7a 39 ff ff 33 29 16
79.92864394187927   : 68 10 ef 68 84 01 01 55 16
80.00300312042236   : 68 31 ce 68 02 02 60 42 75 16
80.03507542610168   : 68 31 ce 68 82 0f 34 19 33 33 33 36 7a 33 34 39 56 56 56 56 56 44 16
80.10000395774841   : 68 20 df 68 02 02 38 3b 46 16
80.12248945236206   : 68 20 df 68 82 0c 63 59 6f 34 33 54 33 33 33 33 3b 33 7d 16
80.21837425231934   : 68 10 ef 68 04 0f 39 33 34 33 51 73 33 33 33 33 7a 39 ff ff 33 29 16
80.22894477844238   : 68 10 ef 68 84 01 01 55 16
80.30527567863464   : 68 31 ce 68 02 02 60 42 75 16
80.33685183525085   : 68 31 ce 68 82 0f 34 19 33 33 33 36 7a 33 34 39 56 56 56 56 56 44 16
80.39928960800171   : 68 20 df 68 02 02 38 3b 46 16
80.43091797828674   : 68 20 df 68 82 0c 63 59 6f 34 33 54 33 33 33 33 3b 33 7d 16
80.51467084884644   : 68 10 ef 68 04 0f 39 33 34 33 51 73 33 33 33 33 7a 39 ff ff 33 29 16
80.525226354599     : 68 10 ef 68 84 01 01 55 16
80.5991051197052    : 68 31 ce 68 02 02 60 42 75 16
80.6316568851471    : 68 31 ce 68 82 0f 34 19 33 33 33 36 7a 33 34 39 56 56 56 56 56 44 16
80.70707631111145   : 68 20 df 68 02 02 38 3b 46 16
80.72868227958679   : 68 20 df 68 82 0c 63 59 6f 34 33 54 33 33 33 33 3b 33 7d 16
80.81431937217712   : 68 10 ef 68 04 0f 39 33 34 33 51 73 33 33 33 33 7a 39 ff ff 33 29 16
80.85657286643982   : 68 10 ef 68 84 01 01 55 16
80.8995475769043    : 68 31 ce 68 02 02 60 42 75 16
80.9326663017273    : 68 31 ce 68 82 0f 34 19 33 33 33 36 7a 33 34 39 56 56 56 56 56 44 16
81.0077269077301    : 68 20 df 68 02 02 38 3b 46 16
81.02888536453247   : 68 20 df 68 82 0c 63 59 6f 34 33 54 33 33 33 33 3b 33 7d 16
81.11582159996033   : 68 10 ef 68 04 0f 39 33 34 33 51 73 33 33 33 33 7a 39 ff ff 33 29 16
81.12671756744385   : 68 10 ef 68 84 01 01 55 16
81.20229744911194   : 68 31 ce 68 02 02 60 42 75 16
81.23431849479675   : 68 31 ce 68 82 0f 34 19 33 33 33 36 7a 33 34 39 56 56 56 56 56 44 16
81.31052541732788   : 68 20 df 68 02 02 38 3b 46 16
81.33223628997803   : 68 20 df 68 82 0c 63 59 6f 34 33 54 33 33 33 33 3b 33 7d 16
81.41703844070435   : 68 10 ef 68 04 0f 39 33 34 33 51 73 33 33 33 33 7a 39 ff ff 33 29 16
81.42766809463501   : 68 10 ef 68 84 01 01 55 16
81.50282526016235   : 68 31 ce 68 02 02 60 42 75 16
81.53560972213745   : 68 31 ce 68 82 0f 34 19 33 33 33 36 7a 33 34 39 56 56 56 56 56 44 16
81.60113859176636   : 68 20 df 68 02 02 38 3b 46 16
81.6331148147583    : 68 20 df 68 82 0c 63 59 6f 34 33 54 33 33 33 33 3b 33 7d 16
81.71810126304626   : 68 10 ef 68 04 0f 39 33 34 33 51 73 33 33 33 33 7a 39 ff ff 33 29 16
81.7286696434021    : 68 10 ef 68 84 01 01 55 16
81.80411100387573   : 68 31 ce 68 02 02 60 42 75 16
81.837233543396     : 68 31 ce 68 82 0f 34 19 33 33 33 36 7a 33 34 39 56 56 56 56 56 44 16
81.91199922561646   : 68 20 df 68 02 02 38 3b 46 16
81.93371438980103   : 68 20 df 68 82 0c 63 59 6f 34 33 54 33 33 33 33 3b 33 7d 16
82.01896500587463   : 68 10 ef 68 04 0f 39 33 34 33 51 73 33 33 33 33 7a 39 ff ff 33 29 16
82.02954006195068   : 68 10 ef 68 84 01 01 55 16
82.10367774963379   : 68 31 ce 68 02 02 60 42 75 16
82.13520169258118   : 68 31 ce 68 82 0f 34 19 33 33 33 36 7a 33 34 39 56 56 56 56 56 44 16
82.20991492271423   : 68 20 df 68 02 02 38 3b 46 16
82.23151183128357   : 68 20 df 68 82 0c 63 59 6f 34 33 54 33 33 33 33 3b 33 7d 16
82.3283965587616    : 68 10 ef 68 04 0f 39 33 34 33 51 73 33 33 33 33 7a 39 ff ff 33 29 16
82.33944964408875   : 68 10 ef 68 84 01 01 55 16
82.40754890441895   : 68 31 ce 68 02 02 60 42 75 16
82.43841910362244   : 68 31 ce 68 82 0f 34 19 33 33 33 36 7a 33 34 39 56 56 56 56 56 44 16
82.51187086105347   : 68 20 df 68 02 02 38 3b 46 16
82.53329730033875   : 68 20 df 68 82 0c 63 59 6f 34 33 54 33 33 33 33 3b 33 7d 16
82.62778377532959   : 68 10 ef 68 04 0f 39 33 34 33 51 73 33 33 33 33 7a 39 ff ff 33 29 16
82.63863348960876   : 68 10 ef 68 84 01 01 55 16
82.71158480644226   : 68 31 ce 68 02 02 60 42 75 16
82.74374961853027   : 68 31 ce 68 82 0f 34 19 33 33 33 36 7a 33 34 39 56 56 56 56 56 44 16
82.80839109420776   : 68 20 df 68 02 02 38 3b 46 16
82.82978534698486   : 68 20 df 68 82 0c 63 59 6f 34 33 54 33 33 33 33 3b 33 7d 16
82.92517066001892   : 68 10 ef 68 04 0f 39 33 34 33 51 73 33 33 33 33 7a 39 ff ff 33 29 16
82.93605065345764   : 68 10 ef 68 84 01 01 55 16
83.01041436195374   : 68 31 ce 68 02 02 60 42 75 16
83.04228234291077   : 68 31 ce 68 82 0f 34 19 33 33 33 36 7a 33 34 39 56 56 56 56 56 44 16
83.10820865631104   : 68 20 df 68 02 02 38 3b 46 16
83.1402497291565    : 68 20 df 68 82 0c 63 59 6f 34 33 54 33 33 33 33 3b 33 7d 16
83.22457027435303   : 68 10 ef 68 04 0f 39 33 34 33 51 73 33 33 33 33 7a 39 ff ff 33 29 16
83.23526906967163   : 68 10 ef 68 84 01 01 55 16
83.31253814697266   : 68 31 ce 68 02 02 60 42 75 16
83.34466075897217   : 68 31 ce 68 82 0f 34 19 33 33 33 36 7a 33 34 39 56 56 56 56 56 44 16
83.4087176322937    : 68 20 df 68 02 02 38 3b 46 16
83.4418158531189    : 68 20 df 68 82 0c 63 59 6f 34 33 54 33 33 33 33 3b 33 7d 16
83.52668738365173   : 68 10 ef 68 04 0f 39 33 34 33 51 73 33 33 33 33 7a 39 ff ff 33 29 16
83.53758025169373   : 68 10 ef 68 84 01 01 55 16
83.61159038543701   : 68 31 ce 68 02 02 60 42 75 16
83.64356446266174   : 68 31 ce 68 82 0f 34 19 33 33 33 36 7a 33 34 39 56 56 56 56 56 44 16
83.70946288108826   : 68 20 df 68 02 02 38 3b 46 16
83.7419786453247    : 68 20 df 68 82 0c 63 59 6f 34 33 54 33 33 33 33 33 33 75 16
83.82689571380615   : 68 10 ef 68 04 0f 35 33 34 33 51 73 33 33 33 33 7a 39 ff ff 33 25 16
83.85943269729614   : 68 10 ef 68 84 01 01 55 16
83.91482305526733   : 68 31 ce 68 02 02 60 42 75 16
83.94745922088623   : 68 31 ce 68 82 0f 34 19 33 33 33 36 7a 33 34 39 56 56 56 56 56 44 16
84.01104235649109   : 68 20 df 68 02 02 38 3b 46 16
84.04316139221191   : 68 20 df 68 82 0c 63 59 6f 34 33 54 33 33 33 33 33 33 75 16
84.12924838066101   : 68 10 ef 68 04 0f 35 33 34 33 51 73 33 33 33 33 7a 39 ff ff 33 25 16
84.14013290405273   : 68 10 ef 68 84 01 01 55 16
84.21404457092285   : 68 31 ce 68 02 02 60 42 75 16
84.24635791778564   : 68 31 ce 68 82 0f 34 19 33 33 33 36 7a 33 34 39 56 56 56 56 56 44 16
84.31047797203064   : 68 20 df 68 02 02 38 3b 46 16
84.3428966999054    : 68 20 df 68 82 0c 63 59 6f 34 33 54 33 33 33 33 33 33 75 16
84.42900466918945   : 68 10 ef 68 04 0f 35 33 34 33 51 73 33 33 33 33 7a 39 ff ff 33 25 16
84.44003963470459   : 68 10 ef 68 84 01 01 55 16
84.51553893089294   : 68 31 ce 68 02 02 60 42 75 16
84.54819750785828   : 68 31 ce 68 82 0f 34 19 33 33 33 36 7a 33 34 39 56 56 56 56 56 44 16
84.6127061843872    : 68 20 df 68 02 02 38 3b 46 16
84.64472842216492   : 68 20 df 68 82 0c 63 59 6f 34 33 54 33 33 33 33 33 33 75 16
84.72992134094238   : 68 10 ef 68 04 0f 35 33 34 33 51 73 33 33 33 33 7a 39 ff ff 33 25 16
84.74079322814941   : 68 10 ef 68 84 01 01 55 16
84.81608986854553   : 68 31 ce 68 02 02 60 42 75 16
84.8474543094635    : 68 31 ce 68 82 0f 34 19 33 33 33 36 7a 33 34 39 56 56 56 56 56 44 16
84.91149616241455   : 68 20 df 68 02 02 38 3b 46 16
84.94410634040833   : 68 20 df 68 82 0c 63 59 6f 34 33 54 33 33 33 33 33 33 75 16
85.02937269210815   : 68 10 ef 68 04 0f 35 33 34 33 51 73 33 33 33 33 7a 39 ff ff 33 25 16
85.03991675376892   : 68 10 ef 68 84 01 01 55 16
85.11350512504578   : 68 31 ce 68 02 02 60 42 75 16
85.14537620544434   : 68 31 ce 68 82 0f 34 19 33 33 33 36 7a 33 34 39 56 56 56 56 56 44 16
85.22028970718384   : 68 20 df 68 02 02 38 3b 46 16
85.24156332015991   : 68 20 df 68 82 0c 63 59 6f 34 33 54 33 33 33 33 33 33 75 16
85.33697247505188   : 68 10 ef 68 04 0f 35 33 34 33 51 73 33 33 33 33 7a 39 ff ff 33 25 16
85.34774661064148   : 68 10 ef 68 84 01 01 55 16
85.42285394668579   : 68 31 ce 68 02 02 60 42 75 16
85.44442176818848   : 68 31 ce 68 82 0f 34 19 33 33 33 35 7a 33 34 39 56 56 56 56 56 43 16
85.51996636390686   : 68 20 df 68 02 02 38 3b 46 16
85.54145073890686   : 68 20 df 68 82 0c 63 59 6f 34 33 54 33 33 33 33 33 33 75 16
85.62815594673157   : 68 10 ef 68 04 0f 35 33 34 33 51 73 33 33 33 33 7a 39 ff ff 33 25 16
85.63906455039978   : 68 10 ef 68 84 01 01 55 16
85.71370840072632   : 68 31 ce 68 02 02 60 42 75 16
85.74610781669617   : 68 31 ce 68 82 0f 34 19 33 33 33 36 7a 33 34 39 56 56 56 56 56 44 16
85.82178068161011   : 68 20 df 68 02 02 38 3b 46 16
85.84305882453918   : 68 20 df 68 82 0c 63 59 6f 34 33 54 33 33 33 33 33 33 75 16
85.93053913116455   : 68 10 ef 68 04 0f 35 33 34 33 51 73 33 33 33 33 7a 39 ff ff 33 25 16
85.94137382507324   : 68 10 ef 68 84 01 01 55 16
86.01633477210999   : 68 31 ce 68 02 02 60 42 75 16
86.04785203933716   : 68 31 ce 68 82 0f 34 19 33 33 33 36 7a 33 34 39 56 56 56 56 56 44 16
86.12310028076172   : 68 20 df 68 02 02 38 3b 46 16
86.14458131790161   : 68 20 df 68 82 0c 63 59 6f 34 33 54 33 33 33 33 33 33 75 16
86.22976350784302   : 68 10 ef 68 04 0f 35 33 34 33 51 73 33 33 33 33 7a 39 ff ff 33 25 16
86.24069571495056   : 68 10 ef 68 84 01 01 55 16
86.32518935203552   : 68 31 ce 68 02 02 60 42 75 16
86.34652662277222   : 68 31 ce 68 82 0f 34 19 33 33 33 36 7a 33 34 39 56 56 56 56 56 44 16
86.41984510421753   : 68 20 df 68 02 02 38 3b 46 16
86.44095420837402   : 68 20 df 68 82 0c 63 59 6f 34 33 54 33 33 33 33 33 33 75 16
86.5358784198761    : 68 10 ef 68 04 0f 35 33 34 33 51 73 33 33 33 33 7a 39 ff ff 33 25 16
86.54714894294739   : 68 10 ef 68 84 01 01 55 16
86.62190890312195   : 68 31 ce 68 02 02 60 42 75 16
86.65358400344849   : 68 31 ce 68 82 0f 34 19 33 33 33 36 7a 33 34 39 56 56 56 56 56 44 16
86.71658229827881   : 68 20 df 68 02 02 38 3b 46 16
86.74835920333862   : 68 20 df 68 82 0c 63 59 6f 34 33 54 33 33 33 33 33 33 75 16
86.83282256126404   : 68 10 ef 68 04 0f 35 33 34 33 51 73 33 33 33 33 7a 39 ff ff 33 25 16
86.85443758964539   : 68 10 ef 68 84 01 01 55 16
86.91857695579529   : 68 31 ce 68 02 02 60 42 75 16
86.95013785362244   : 68 31 ce 68 82 0f 34 19 33 33 33 36 7a 33 34 39 56 56 56 56 56 44 16
87.02434420585632   : 68 20 df 68 02 02 38 3b 46 16
87.0456531047821    : 68 20 df 68 82 0c 63 59 6f 34 33 54 33 33 33 33 33 33 75 16
87.14127254486084   : 68 10 ef 68 04 0f 35 33 34 33 51 73 33 33 33 33 7a 39 ff ff 33 25 16
87.15229368209839   : 68 10 ef 68 84 01 01 55 16
87.22698378562927   : 68 31 ce 68 02 02 60 42 75 16
87.24845886230469   : 68 31 ce 68 82 0f 34 19 33 33 33 36 7a 33 34 39 56 56 56 56 56 44 16
87.32288765907288   : 68 20 df 68 02 02 38 3b 46 16
87.34448599815369   : 68 20 df 68 82 0c 63 59 6f 34 33 54 33 33 33 33 33 33 75 16
87.44021010398865   : 68 10 ef 68 04 0f 35 33 34 33 51 73 33 33 33 33 7a 39 ff ff 33 25 16
87.45109796524048   : 68 10 ef 68 84 01 01 55 16
87.5262176990509    : 68 31 ce 68 02 02 60 42 75 16
87.55134606361389   : 68 31 ce 68 82 0f 34 19 33 33 33 36 7a 33 34 39 56 56 56 56 56 44 16
87.62529683113098   : 68 20 df 68 02 02 38 3b 46 16
87.64689826965332   : 68 20 df 68 82 0c 63 59 6f 34 33 54 33 33 33 33 33 33 75 16
87.74182748794556   : 68 10 ef 68 04 0f 35 33 34 33 51 73 33 33 33 33 7a 39 ff ff 33 25 16
87.75284910202026   : 68 10 ef 68 84 01 01 55 16
87.82586741447449   : 68 31 ce 68 02 02 60 42 75 16
87.85769939422607   : 68 31 ce 68 82 0f 34 19 33 33 33 36 7a 33 34 39 56 56 56 56 56 44 16
87.92114353179932   : 68 20 df 68 02 02 38 3b 46 16
87.95333933830261   : 68 20 df 68 82 0c 63 59 6f 34 33 54 33 33 33 33 33 33 75 16
88.0382947921753    : 68 10 ef 68 04 0f 35 33 34 33 51 73 33 33 33 33 7a 39 ff ff 33 25 16
88.04903936386108   : 68 10 ef 68 84 01 01 55 16
88.12332129478455   : 68 31 ce 68 02 02 60 42 75 16
88.15554904937744   : 68 31 ce 68 82 0f 34 19 33 33 33 36 7a 33 34 39 56 56 56 56 56 44 16
88.23032069206238   : 68 20 df 68 02 02 38 3b 46 16
88.25516271591187   : 68 20 df 68 82 0c 63 59 6f 34 33 54 33 33 33 33 33 33 75 16
88.34000635147095   : 68 10 ef 68 04 0f 35 33 34 33 51 73 33 33 33 33 7a 39 ff ff 33 25 16
88.35093355178833   : 68 10 ef 68 84 01 01 55 16
88.42561316490173   : 68 31 ce 68 02 02 60 42 75 16
88.45790791511536   : 68 31 ce 68 82 0f 34 19 33 33 33 36 7a 33 34 39 56 56 56 56 56 44 16
88.52426934242249   : 68 20 df 68 02 02 38 3b 46 16
88.55602979660034   : 68 20 df 68 82 0c 63 59 6f 34 33 54 33 33 33 33 33 33 75 16
88.64217066764832   : 68 10 ef 68 04 0f 35 33 34 33 51 73 33 33 33 33 7a 39 ff ff 33 25 16
88.65314078330994   : 68 10 ef 68 84 01 01 55 16
88.72688627243042   : 68 31 ce 68 02 02 60 42 75 16
88.7599368095398    : 68 31 ce 68 82 0f 34 19 33 33 33 36 7a 33 34 39 56 56 56 56 56 44 16
88.82466006278992   : 68 20 df 68 02 02 38 3b 46 16
88.85700416564941   : 68 20 df 68 82 0c 63 59 6f 34 33 54 33 33 33 33 33 33 75 16
88.94236350059509   : 68 10 ef 68 04 0f 35 33 34 33 51 73 33 33 33 33 7a 39 ff ff 33 25 16
88.95346903800964   : 68 10 ef 68 84 01 01 55 16
89.027019739151     : 68 31 ce 68 02 02 60 42 75 16
89.05961585044861   : 68 31 ce 68 82 0f 34 19 33 33 33 36 7a 33 34 39 56 56 56 56 56 44 16
89.12378168106079   : 68 20 df 68 02 02 38 3b 46 16
89.15563726425171   : 68 20 df 68 82 0c 63 59 6f 34 33 54 33 33 33 33 33 33 75 16
89.2401647567749    : 68 10 ef 68 04 0f 35 33 34 33 51 73 33 33 33 33 7a 39 ff ff 33 25 16
89.25135135650635   : 68 10 ef 68 84 01 01 55 16
89.32472896575928   : 68 31 ce 68 02 02 60 42 75 16
89.3565993309021    : 68 31 ce 68 82 0f 34 19 33 33 33 39 7a 33 34 39 56 56 56 56 56 47 16
89.43067336082458   : 68 20 df 68 02 02 38 3b 46 16
89.45208930969238   : 68 20 df 68 82 0c 63 59 6f 34 33 54 33 33 33 39 33 33 7b 16
89.5462384223938    : 68 10 ef 68 04 0f 35 33 34 35 51 73 33 33 33 34 7a 39 ff ff 33 28 16
89.55712413787842   : 68 10 ef 68 84 01 01 55 16
89.63301253318787   : 68 31 ce 68 02 02 60 42 75 16
89.65410447120667   : 68 31 ce 68 82 0f 34 19 33 33 33 3a 7a 33 34 39 56 56 56 56 56 48 16
89.73044300079346   : 68 20 df 68 02 02 38 3b 46 16
89.75294780731201   : 68 20 df 68 82 0c 63 59 6f 34 33 54 33 33 33 41 33 33 83 16
89.85005164146423   : 68 10 ef 68 04 0f 35 33 34 39 51 73 33 33 33 35 7a 39 ff ff 33 2d 16
89.90323400497437   : 68 10 ef 68 84 01 01 55 16
89.93523097038269   : 68 31 ce 68 02 02 60 42 75 16
89.95658826828003   : 68 31 ce 68 82 0f 34 19 33 33 33 38 7a 33 34 39 56 56 56 56 56 46 16
90.03185606002808   : 68 20 df 68 02 02 38 3b 46 16
90.05339455604553   : 68 20 df 68 82 0c 63 59 6f 34 33 54 33 33 33 41 33 33 83 16
90.14844965934753   : 68 10 ef 68 04 0f 35 33 34 39 51 73 33 33 33 34 7a 39 ff ff 33 2c 16
90.15915179252625   : 68 10 ef 68 84 01 01 55 16
90.23529553413391   : 68 31 ce 68 02 02 60 42 75 16
90.26034569740295   : 68 31 ce 68 82 0f 34 19 33 33 33 39 7a 33 34 39 56 56 56 56 56 47 16
90.33478856086731   : 68 20 df 68 02 02 38 3b 46 16
90.35614228248596   : 68 20 df 68 82 0c 63 59 6f 34 33 54 33 33 33 41 33 33 83 16
90.45146036148071   : 68 10 ef 68 04 0f 35 33 34 39 51 73 33 33 33 34 7a 39 ff ff 33 2c 16
90.46202325820923   : 68 10 ef 68 84 01 01 55 16
90.52772068977356   : 68 31 ce 68 02 02 60 42 75 16
90.56046605110168   : 68 31 ce 68 82 0f 34 19 33 33 33 38 7a 33 34 39 56 56 56 56 56 46 16
90.63622903823853   : 68 20 df 68 02 02 38 3b 46 16
90.65772700309753   : 68 20 df 68 82 0c 63 59 6f 34 33 54 33 33 33 41 33 33 83 16
90.74472236633301   : 68 10 ef 68 04 0f 35 33 34 39 51 73 33 33 33 34 7a 39 ff ff 33 2c 16
90.75590491294861   : 68 10 ef 68 84 01 01 55 16
90.82953691482544   : 68 31 ce 68 02 02 60 42 75 16
90.86217951774597   : 68 31 ce 68 82 0f 34 19 33 33 33 38 7a 33 34 39 56 56 56 56 56 46 16
90.93712258338928   : 68 20 df 68 02 02 38 3b 46 16
90.95833230018616   : 68 20 df 68 82 0c 63 59 6f 34 33 54 33 33 33 41 33 33 83 16
91.04515290260315   : 68 10 ef 68 04 0f 35 33 34 39 51 73 33 33 33 34 7a 39 ff ff 33 2c 16
91.05625486373901   : 68 10 ef 68 84 01 01 55 16
91.13047909736633   : 68 31 ce 68 02 02 60 42 75 16
91.16350245475769   : 68 31 ce 68 82 0f 34 19 33 33 33 39 7a 33 34 39 56 56 56 56 56 47 16
91.2419228553772    : 68 20 df 68 02 02 38 3b 46 16
91.26448273658752   : 68 20 df 68 82 0c 63 59 6f 34 33 54 33 33 33 43 33 33 85 16
91.34893083572388   : 68 10 ef 68 04 0f 55 33 34 3a 51 73 33 33 33 34 7a 39 ff ff 33 4d 16
91.3598895072937    : 68 10 ef 68 84 01 01 55 16
91.43309736251831   : 68 31 ce 68 02 02 60 42 75 16
91.46474742889404   : 68 31 ce 68 82 0f 34 19 33 33 33 3e 7a 33 34 39 56 56 56 56 56 4c 16
91.53813433647156   : 68 20 df 68 02 02 38 3b 46 16
91.55927228927612   : 68 20 df 68 82 0c 63 59 6f 34 33 54 33 33 33 48 33 33 8a 16
91.64633750915527   : 68 10 ef 68 04 0f 55 33 34 3c 51 73 33 33 33 36 7a 39 ff ff 33 51 16
91.65747094154358   : 68 10 ef 68 84 01 01 55 16
91.73218035697937   : 68 31 ce 68 02 02 60 42 75 16
91.76512408256531   : 68 31 ce 68 82 0f 34 18 33 33 33 48 7a 33 34 39 56 56 56 56 56 55 16
91.84151101112366   : 68 20 df 68 02 02 38 3b 46 16
91.86296200752258   : 68 20 df 68 82 0c 63 59 6f 34 33 54 33 34 33 52 33 33 95 16
91.9475724697113    : 68 10 ef 68 04 0f 55 33 34 41 51 73 33 33 33 39 7a 39 ff ff 33 59 16
91.95911169052124   : 68 10 ef 68 84 01 01 55 16
92.03438568115234   : 68 31 ce 68 02 02 60 42 75 16
92.0665111541748    : 68 31 ce 68 82 0f 34 18 33 33 33 4a 7a 33 34 39 56 56 56 56 56 57 16
92.14054036140442   : 68 20 df 68 02 02 38 3b 46 16
92.16179871559143   : 68 20 df 68 82 0c 63 59 6f 34 33 54 33 34 33 5d 33 33 a0 16
92.24743819236755   : 68 10 ef 68 04 0f 55 33 34 46 51 73 33 33 33 39 7a 39 ff ff 33 5e 16
92.25965476036072   : 68 10 ef 68 84 01 01 55 16
92.33419871330261   : 68 31 ce 68 02 02 60 42 75 16
92.36637735366821   : 68 31 ce 68 82 0f 34 18 33 33 33 3e 7a 33 34 39 56 56 56 56 56 4b 16
92.44002270698547   : 68 20 df 68 02 02 38 3b 46 16
92.4611406326294    : 68 20 df 68 82 0c 63 59 6f 34 33 54 33 33 33 5f 33 33 a1 16
92.55679988861084   : 68 10 ef 68 04 0f 55 33 34 47 51 73 33 33 33 36 7a 39 ff ff 33 5c 16
92.5676748752594    : 68 10 ef 68 84 01 01 55 16
92.64235019683838   : 68 31 ce 68 02 02 60 42 75 16
92.66350531578064   : 68 31 ce 68 82 0f 34 19 33 33 33 3d 7a 33 34 39 56 56 56 56 56 4b 16
92.73730754852295   : 68 20 df 68 02 02 38 3b 46 16
92.7689962387085    : 68 20 df 68 82 0c 63 59 6f 34 33 54 33 33 33 5f 33 33 a1 16
92.8534607887268    : 68 10 ef 68 04 0f 55 33 34 47 51 73 33 33 33 35 7a 39 ff ff 33 5b 16
92.89582347869873   : 68 10 ef 68 84 01 01 55 16
92.93805360794067   : 68 31 ce 68 02 02 60 42 75 16
92.96986651420593   : 68 31 ce 68 82 0f 34 19 33 33 33 3d 7a 33 34 39 56 56 56 56 56 4b 16
93.03450322151184   : 68 20 df 68 02 02 38 3b 46 16
93.06647849082947   : 68 20 df 68 82 0c 63 59 6f 34 33 54 33 33 33 5f 33 33 a1 16
93.15125584602356   : 68 10 ef 68 04 0f 55 33 34 47 51 73 33 33 33 35 7a 39 ff ff 33 5b 16
93.16182661056519   : 68 10 ef 68 84 01 01 55 16
93.2362973690033    : 68 31 ce 68 02 02 60 42 75 16
93.27197480201721   : 68 31 ce 68 82 0f 34 19 33 33 33 3d 7a 33 34 39 56 56 56 56 56 4b 16
93.33550667762756   : 68 20 df 68 02 02 38 3b 46 16
93.36743211746216   : 68 20 df 68 82 0c 63 59 6f 34 33 54 33 33 33 5e 33 33 a0 16
93.45218825340271   : 68 10 ef 68 04 0f 55 33 34 47 51 73 33 33 33 35 7a 39 ff ff 33 5b 16
93.46275496482849   : 68 10 ef 68 84 01 01 55 16
93.53747653961182   : 68 31 ce 68 02 02 60 42 75 16
93.56964349746704   : 68 31 ce 68 82 0f 34 19 33 33 33 3c 7a 33 34 39 56 56 56 56 56 4a 16
93.64470219612122   : 68 20 df 68 02 02 38 3b 46 16
93.66645812988281   : 68 20 df 68 82 0c 63 59 6f 34 33 54 33 33 33 5e 33 33 a0 16
93.75197863578796   : 68 10 ef 68 04 0f 55 33 34 47 51 73 33 33 33 35 7a 39 ff ff 33 5b 16
93.76256728172302   : 68 10 ef 68 84 01 01 55 16
93.83718681335449   : 68 31 ce 68 02 02 60 42 75 16
93.86966466903687   : 68 31 ce 68 82 0f 34 19 33 33 33 36 7a 33 34 39 56 56 56 56 56 44 16
93.94601917266846   : 68 20 df 68 02 02 38 3b 46 16
93.96786880493164   : 68 20 df 68 82 0c 63 59 6f 34 33 54 33 33 33 5b 33 33 9d 16
94.05241823196411   : 68 10 ef 68 04 0f 55 33 34 45 51 73 33 33 33 33 7a 39 ff ff 33 57 16
94.06305122375488   : 68 10 ef 68 84 01 01 55 16
94.14005064964294   : 68 31 ce 68 02 02 60 42 75 16
94.17339515686035   : 68 31 ce 68 82 0f 34 19 33 33 33 36 7a 33 34 39 56 56 56 56 56 44 16
94.24782109260559   : 68 20 df 68 02 02 38 3b 46 16
94.26924538612366   : 68 20 df 68 82 0c 63 59 6f 34 33 54 33 33 33 56 33 33 98 16
94.35827660560608   : 68 10 ef 68 04 0f 55 33 34 43 51 73 33 33 33 33 7a 39 ff ff 33 55 16
94.36918616294861   : 68 10 ef 68 84 01 01 55 16
94.44246864318848   : 68 31 ce 68 02 02 60 42 75 16
94.47463655471802   : 68 31 ce 68 82 0f 34 19 33 33 33 36 7a 33 34 39 56 56 56 56 56 44 16
94.5483078956604    : 68 20 df 68 02 02 38 3b 46 16
94.56952285766602   : 68 20 df 68 82 0c 63 59 6f 34 33 54 33 33 33 52 33 33 94 16
94.65421104431152   : 68 10 ef 68 04 0f 55 33 34 41 51 73 33 33 33 33 7a 39 ff ff 33 53 16
94.66531920433044   : 68 10 ef 68 84 01 01 55 16
94.74062275886536   : 68 31 ce 68 02 02 60 42 75 16
94.77347779273987   : 68 31 ce 68 82 0f 34 19 33 33 33 36 7a 33 34 39 56 56 56 56 56 44 16
94.84794306755066   : 68 20 df 68 02 02 38 3b 46 16
94.8696174621582    : 68 20 df 68 82 0c 63 59 6f 34 33 54 33 33 33 4e 33 33 90 16
94.9650149345398    : 68 10 ef 68 04 0f 55 33 34 3f 51 73 33 33 33 33 7a 39 ff ff 33 51 16
94.97559905052185   : 68 10 ef 68 84 01 01 55 16
95.05048179626465   : 68 31 ce 68 02 02 60 42 75 16
95.07198143005371   : 68 31 ce 68 82 0f 34 19 33 33 33 36 7a 33 34 39 56 56 56 56 56 44 16
95.14638710021973   : 68 20 df 68 02 02 38 3b 46 16
95.16882038116455   : 68 20 df 68 82 0c 63 59 6f 34 33 54 33 33 33 4a 33 33 8c 16
95.26360154151917   : 68 10 ef 68 04 0f 55 33 34 3d 51 73 33 33 33 33 7a 39 ff ff 33 4f 16
95.27493643760681   : 68 10 ef 68 84 01 01 55 16
95.34130501747131   : 68 31 ce 68 02 02 60 42 75 16
95.37269234657288   : 68 31 ce 68 82 0f 34 19 33 33 33 36 7a 33 34 39 56 56 56 56 56 44 16
95.44694972038269   : 68 20 df 68 02 02 38 3b 46 16
95.46836686134338   : 68 20 df 68 82 0c 63 59 6f 34 33 54 33 33 33 47 33 33 89 16
95.56268692016602   : 68 10 ef 68 04 0f 55 33 34 3c 51 73 33 33 33 33 7a 39 ff ff 33 4e 16
95.57354044914246   : 68 10 ef 68 84 01 01 55 16
95.64765954017639   : 68 31 ce 68 02 02 60 42 75 16
95.67901659011841   : 68 31 ce 68 82 0f 34 19 33 33 33 36 7a 33 34 39 56 56 56 56 56 44 16
95.75206112861633   : 68 20 df 68 02 02 38 3b 46 16
95.77315139770508   : 68 20 df 68 82 0c 63 59 6f 34 33 54 33 33 33 43 33 33 85 16
95.86783862113953   : 68 10 ef 68 04 0f 55 33 34 3a 51 73 33 33 33 33 7a 39 ff ff 33 4c 16
95.89954447746277   : 68 10 ef 68 84 01 01 55 16
95.95223784446716   : 68 31 ce 68 02 02 60 42 75 16
95.97315835952759   : 68 31 ce 68 82 0f 34 19 33 33 33 36 7a 33 34 39 56 56 56 56 56 44 16
96.04742527008057   : 68 20 df 68 02 02 38 3b 46 16
96.06878209114075   : 68 20 df 68 82 0c 63 59 6f 34 33 54 33 33 33 3f 33 33 81 16
96.16389012336731   : 68 10 ef 68 04 0f 35 33 34 38 51 73 33 33 33 33 7a 39 ff ff 33 2a 16
96.17696809768677   : 68 10 ef 68 84 01 01 55 16
96.2523889541626    : 68 31 ce 68 02 02 60 42 75 16
96.2734808921814    : 68 31 ce 68 82 0f 34 19 33 33 33 36 7a 33 34 39 56 56 56 56 56 44 16
96.34445548057556   : 68 20 df 68 02 02 38 3b 46 16
96.37394261360168   : 68 20 df 68 82 0c 63 59 6f 34 33 54 33 33 33 3c 33 33 7e 16
96.46465063095093   : 68 10 ef 68 04 0f 35 33 34 37 51 73 33 33 33 33 7a 39 ff ff 33 29 16
96.4755847454071    : 68 10 ef 68 84 01 01 55 16
96.54772305488586   : 68 31 ce 68 02 02 60 42 75 16
96.57947278022766   : 68 31 ce 68 82 0f 34 19 33 33 33 36 7a 33 34 39 56 56 56 56 56 44 16
96.65152835845947   : 68 20 df 68 02 02 38 3b 46 16
96.67270493507385   : 68 20 df 68 82 0c 63 59 6f 34 33 54 33 33 33 33 33 33 75 16
96.767813205719     : 68 10 ef 68 04 0f 35 33 34 33 51 73 33 33 33 33 7a 39 ff ff 33 25 16
96.7783875465393    : 68 10 ef 68 84 01 01 55 16
96.85303807258606   : 68 31 ce 68 02 02 60 42 75 16
96.8749132156372    : 68 31 ce 68 82 0f 34 19 33 33 33 36 7a 33 34 39 56 56 56 56 56 44 16
96.95125222206116   : 68 20 df 68 02 02 38 3b 46 16
96.9726128578186    : 68 20 df 68 82 0c 63 59 6f 34 33 54 33 33 33 33 33 33 75 16
97.06817841529846   : 68 10 ef 68 04 0f 35 33 34 33 51 73 33 33 33 33 7a 39 ff ff 33 25 16
97.0791015625       : 68 10 ef 68 84 01 01 55 16
97.15344142913818   : 68 31 ce 68 02 02 60 42 75 16
97.17630124092102   : 68 31 ce 68 82 0f 34 19 33 33 33 36 7a 33 34 39 56 56 56 56 56 44 16
97.25048637390137   : 68 20 df 68 02 02 38 3b 46 16
97.28191018104553   : 68 20 df 68 82 0c 63 59 6f 34 33 54 33 33 33 33 33 33 75 16
97.36624717712402   : 68 10 ef 68 04 0f 35 33 34 33 51 73 33 33 33 33 7a 39 ff ff 33 25 16
97.37681984901428   : 68 10 ef 68 84 01 01 55 16
97.45079064369202   : 68 31 ce 68 02 02 60 42 75 16
97.48236441612244   : 68 31 ce 68 82 0f 34 19 33 33 33 36 7a 33 34 39 56 56 56 56 56 44 16
97.55636096000671   : 68 20 df 68 02 02 38 3b 46 16
97.57771158218384   : 68 20 df 68 82 0c 63 59 6f 34 33 54 33 33 33 33 33 33 75 16
97.66308617591858   : 68 10 ef 68 04 0f 35 33 34 33 51 73 33 33 33 33 7a 39 ff ff 33 25 16
97.67452836036682   : 68 10 ef 68 84 01 01 55 16
97.74953413009644   : 68 31 ce 68 02 02 60 42 75 16
97.78509902954102   : 68 31 ce 68 82 0f 34 19 33 33 33 36 7a 33 34 39 56 56 56 56 56 44 16
97.84850978851318   : 68 20 df 68 02 02 38 3b 46 16
97.88071322441101   : 68 20 df 68 82 0c 63 59 6f 34 33 54 33 33 33 33 33 33 75 16
97.9657347202301    : 68 10 ef 68 04 0f 35 33 34 33 51 73 33 33 33 33 7a 39 ff ff 33 25 16
97.97629237174988   : 68 10 ef 68 84 01 01 55 16
98.05064678192139   : 68 31 ce 68 02 02 60 42 75 16
98.0821750164032    : 68 31 ce 68 82 0f 34 19 33 33 33 36 7a 33 34 39 56 56 56 56 56 44 16
98.15707325935364   : 68 20 df 68 02 02 38 3b 46 16
98.17884659767151   : 68 20 df 68 82 0c 63 59 6f 34 33 54 33 33 33 33 33 33 75 16
98.27427196502686   : 68 10 ef 68 04 0f 35 33 34 33 51 73 33 33 33 33 7a 39 ff ff 33 25 16
98.28548622131348   : 68 10 ef 68 84 01 01 55 16
98.35940480232239   : 68 31 ce 68 02 02 60 42 75 16
98.38078713417053   : 68 31 ce 68 82 0f 34 19 33 33 33 36 7a 33 34 39 56 56 56 56 56 44 16
98.45594215393066   : 68 20 df 68 02 02 38 3b 46 16
98.47749042510986   : 68 20 df 68 82 0c 63 59 6f 34 33 54 33 33 33 33 33 33 75 16
98.57433271408081   : 68 10 ef 68 04 0f 35 33 34 33 51 73 33 33 33 33 7a 39 ff ff 33 25 16
98.58571171760559   : 68 10 ef 68 84 01 01 55 16
98.65107727050781   : 68 31 ce 68 02 02 60 42 75 16
98.6829092502594    : 68 31 ce 68 82 0f 34 19 33 33 33 36 7a 33 34 39 56 56 56 56 56 44 16
98.75804257392883   : 68 20 df 68 02 02 38 3b 46 16
98.77986097335815   : 68 20 df 68 82 0c 63 59 6f 34 33 54 33 33 33 33 33 33 75 16
98.87551212310791   : 68 10 ef 68 04 0f 35 33 34 33 51 73 33 33 33 33 7a 39 ff ff 33 25 16
98.8968415260315    : 68 10 ef 68 84 01 01 55 16
98.96070003509521   : 68 31 ce 68 02 02 60 42 75 16
98.9820306301117    : 68 31 ce 68 82 0f 34 19 33 33 33 36 7a 33 34 39 56 56 56 56 56 44 16
99.05554723739624   : 68 20 df 68 02 02 38 3b 46 16
99.08717274665833   : 68 20 df 68 82 0c 63 59 6f 34 33 54 33 33 33 33 33 33 75 16
99.17241787910461   : 68 10 ef 68 04 0f 35 33 34 33 51 73 33 33 33 33 7a 39 ff ff 33 25 16
99.18365144729614   : 68 10 ef 68 84 01 01 55 16
99.25805354118347   : 68 31 ce 68 02 02 60 42 75 16
99.28981018066406   : 68 31 ce 68 82 0f 34 19 33 33 33 36 7a 33 34 39 56 56 56 56 56 44 16
99.35609722137451   : 68 20 df 68 02 02 38 3b 46 16
99.3878333568573    : 68 20 df 68 82 0c 63 59 6f 34 33 54 33 33 33 33 33 33 75 16
99.47287893295288   : 68 10 ef 68 04 0f 35 33 34 33 51 73 33 33 33 33 7a 39 ff ff 33 25 16
99.48394322395325   : 68 10 ef 68 84 01 01 55 16
99.55783414840698   : 68 31 ce 68 02 02 60 42 75 16
99.5899703502655    : 68 31 ce 68 82 0f 34 19 33 33 33 36 7a 33 34 39 56 56 56 56 56 44 16
99.65601539611816   : 68 20 df 68 02 02 38 3b 46 16
99.68781661987305   : 68 20 df 68 82 0c 63 59 6f 34 33 54 33 33 33 33 33 33 75 16
99.7729001045227    : 68 10 ef 68 04 0f 35 33 34 33 51 73 33 33 33 33 7a 39 ff ff 33 25 16
99.78365230560303   : 68 10 ef 68 84 01 01 55 16
99.85853052139282   : 68 31 ce 68 02 02 60 42 75 16
99.89099216461182   : 68 31 ce 68 82 0f 34 19 33 33 33 36 7a 33 34 39 56 56 56 56 56 44 16
99.95589137077332   : 68 20 df 68 02 02 38 3b 46 16
99.98760342597961   : 68 20 df 68 82 0c 63 59 6f 34 33 54 33 33 33 33 33 33 75 16
100.07215070724487  : 68 10 ef 68 04 0f 35 33 34 33 51 73 33 33 33 33 7a 39 ff ff 33 25 16
100.08282685279846  : 68 10 ef 68 84 01 01 55 16
100.15807271003723  : 68 31 ce 68 02 02 60 42 75 16
100.19034886360168  : 68 31 ce 68 82 0f 34 19 33 33 33 36 7a 33 34 39 56 56 56 56 56 44 16
100.25522828102112  : 68 20 df 68 02 02 38 3b 46 16
100.28730320930481  : 68 20 df 68 82 0c 63 59 6f 34 33 54 33 33 33 33 33 33 75 16
100.37184834480286  : 68 10 ef 68 04 0f 35 33 34 33 51 73 33 33 33 33 7a 39 ff ff 33 25 16
100.38296699523926  : 68 10 ef 68 84 01 01 55 16
100.45719170570374  : 68 31 ce 68 02 02 60 42 75 16
100.48932695388794  : 68 31 ce 68 82 0f 34 19 33 33 33 36 7a 33 34 39 56 56 56 56 56 44 16
100.56418800354004  : 68 20 df 68 02 02 38 3b 46 16
100.58617424964905  : 68 20 df 68 82 0c 63 59 6f 34 33 54 33 33 33 33 33 33 75 16
100.672527551651    : 68 10 ef 68 04 0f 35 33 34 33 51 73 33 33 33 33 7a 39 ff ff 33 25 16
100.68352723121643  : 68 10 ef 68 84 01 01 55 16
100.75805306434631  : 68 31 ce 68 02 02 60 42 75 16
100.7897961139679   : 68 31 ce 68 82 0f 34 19 33 33 33 36 7a 33 34 39 56 56 56 56 56 44 16
100.86610770225525  : 68 20 df 68 02 02 38 3b 46 16
100.88800859451294  : 68 20 df 68 82 0c 63 59 6f 34 33 54 33 33 33 33 33 33 75 16
100.97362160682678  : 68 10 ef 68 04 0f 35 33 34 33 51 73 33 33 33 33 7a 39 ff ff 33 25 16
100.98493027687073  : 68 10 ef 68 84 01 01 55 16
101.06166172027588  : 68 31 ce 68 02 02 60 42 75 16
101.0934829711914   : 68 31 ce 68 82 0f 34 19 33 33 33 36 7a 33 34 39 56 56 56 56 56 44 16
101.15758800506592  : 68 20 df 68 02 02 38 3b 46 16
101.18943667411804  : 68 20 df 68 82 0c 63 59 6f 34 33 54 33 33 33 33 33 33 75 16
101.27400541305542  : 68 10 ef 68 04 0f 35 33 34 33 51 73 33 33 33 33 7a 39 ff ff 33 25 16
101.28505945205688  : 68 10 ef 68 84 01 01 55 16
101.3585455417633   : 68 31 ce 68 02 02 60 42 75 16
101.39061903953552  : 68 31 ce 68 82 0f 34 19 33 33 33 36 7a 33 34 39 56 56 56 56 56 44 16
101.46561551094055  : 68 20 df 68 02 02 38 3b 46 16
101.49783396720886  : 68 20 df 68 82 0c 63 59 6f 34 33 54 33 33 33 33 33 33 75 16
101.5761022567749   : 68 10 ef 68 04 0f 35 33 34 33 51 73 33 33 33 33 7a 39 ff ff 33 25 16
101.5875813961029   : 68 10 ef 68 84 01 01 55 16
101.6606502532959   : 68 31 ce 68 02 02 60 42 75 16
101.69194412231445  : 68 31 ce 68 82 0f 34 19 33 33 33 36 7a 33 34 39 56 56 56 56 56 44 16
101.76384091377258  : 68 20 df 68 02 02 38 3b 46 16
101.78580594062805  : 68 20 df 68 82 0c 63 59 6f 34 33 54 33 33 33 33 33 33 75 16
101.87890863418579  : 68 10 ef 68 04 0f 35 33 34 33 51 73 33 33 33 33 7a 39 ff ff 33 25 16
101.89176654815674  : 68 10 ef 68 84 01 01 55 16
101.96769785881042  : 68 31 ce 68 02 02 60 42 75 16
101.99383783340454  : 68 31 ce 68 82 0f 34 19 33 33 33 36 7a 33 34 39 56 56 56 56 56 44 16
102.06752228736877  : 68 20 df 68 02 02 38 3b 46 16
102.08825731277466  : 68 20 df 68 82 0c 63 59 6f 34 33 54 33 33 33 33 33 33 75 16
102.18113422393799  : 68 10 ef 68 04 0f 35 33 34 33 51 73 33 33 33 33 7a 39 ff ff 33 25 16
102.19188952445984  : 68 10 ef 68 84 01 01 55 16
102.2643027305603   : 68 31 ce 68 02 02 60 42 75 16
102.29566192626953  : 68 31 ce 68 82 0f 34 19 33 33 33 36 7a 33 34 39 56 56 56 56 56 44 16
102.37000346183777  : 68 20 df 68 02 02 38 3b 46 16
102.39114832878113  : 68 20 df 68 82 0c 63 59 6f 34 33 54 33 33 33 33 33 33 75 16
102.48550319671631  : 68 10 ef 68 04 0f 35 33 34 33 51 73 33 33 33 33 7a 39 ff ff 33 25 16
102.49607753753662  : 68 10 ef 68 84 01 01 55 16
102.57018494606018  : 68 31 ce 68 02 02 60 42 75 16
102.59192085266113  : 68 31 ce 68 82 0f 34 19 33 33 33 36 7a 33 34 39 56 56 56 56 56 44 16
102.66761422157288  : 68 20 df 68 02 02 38 3b 46 16
102.68892574310303  : 68 20 df 68 82 0c 63 59 6f 34 33 54 33 33 33 33 33 33 75 16
102.78439855575562  : 68 10 ef 68 04 0f 35 33 34 33 51 73 33 33 33 33 7a 39 ff ff 33 25 16
102.79531526565552  : 68 10 ef 68 84 01 01 55 16
102.87008905410767  : 68 31 ce 68 02 02 60 42 75 16
102.90246319770813  : 68 31 ce 68 82 0f 34 19 33 33 33 36 7a 33 34 39 56 56 56 56 56 44 16
102.96670460700989  : 68 20 df 68 02 02 38 3b 46 16
102.98776054382324  : 68 20 df 68 82 0c 63 59 6f 34 33 54 33 33 33 33 33 33 75 16
103.0823929309845   : 68 10 ef 68 04 0f 35 33 34 33 51 73 33 33 33 33 7a 39 ff ff 33 25 16
103.09345316886902  : 68 10 ef 68 84 01 01 55 16
103.16746950149536  : 68 31 ce 68 02 02 60 42 75 16
103.1992347240448   : 68 31 ce 68 82 0f 34 19 33 33 33 36 7a 33 34 39 56 56 56 56 56 44 16
103.27274703979492  : 68 20 df 68 02 02 38 3b 46 16
103.29411220550537  : 68 20 df 68 82 0c 63 59 6f 34 33 54 33 33 33 33 33 33 75 16
103.3890278339386   : 68 10 ef 68 04 0f 35 33 34 33 51 73 33 33 33 33 7a 39 ff ff 33 25 16
103.44167971611023  : 68 10 ef 68 84 01 01 55 16
103.4739089012146   : 68 31 ce 68 02 02 60 42 75 16
103.49628806114197  : 68 31 ce 68 82 0f 34 19 33 33 33 36 7a 33 34 39 56 56 56 56 56 44 16
103.57028412818909  : 68 20 df 68 02 02 38 3b 46 16
103.59194898605347  : 68 20 df 68 82 0c 63 59 6f 34 33 54 33 33 33 33 33 33 75 16
103.67986226081848  : 68 10 ef 68 04 0f 35 33 34 33 51 73 33 33 33 33 7a 39 ff ff 33 25 16
103.69080114364624  : 68 10 ef 68 84 01 01 55 16
103.77521872520447  : 68 31 ce 68 02 02 60 42 75 16
103.7965817451477   : 68 31 ce 68 82 0f 34 19 33 33 33 36 7a 33 34 39 56 56 56 56 56 44 16
103.86996722221375  : 68 20 df 68 02 02 38 3b 46 16
103.89108347892761  : 68 20 df 68 82 0c 63 59 6f 34 33 54 33 33 33 33 33 33 75 16
103.98622703552246  : 68 10 ef 68 04 0f 35 33 34 33 51 73 33 33 33 33 7a 39 ff ff 33 25 16
103.99703979492188  : 68 10 ef 68 84 01 01 55 16
104.07194757461548  : 68 31 ce 68 02 02 60 42 75 16
104.10374855995178  : 68 31 ce 68 82 0f 34 19 33 33 33 36 7a 33 34 39 56 56 56 56 56 44 16
104.1674747467041   : 68 20 df 68 02 02 38 3b 46 16
104.19945859909058  : 68 20 df 68 82 0c 63 59 6f 34 33 54 33 33 33 33 33 33 75 16
104.28386425971985  : 68 10 ef 68 04 0f 35 33 34 33 51 73 33 33 33 33 7a 39 ff ff 33 25 16
104.29439353942871  : 68 10 ef 68 84 01 01 55 16
104.36907362937927  : 68 31 ce 68 02 02 60 42 75 16
104.40131545066833  : 68 31 ce 68 82 0f 34 19 33 33 33 36 7a 33 34 39 56 56 56 56 56 44 16
104.4753668308258   : 68 20 df 68 02 02 38 3b 46 16
104.49674844741821  : 68 20 df 68 82 0c 63 59 6f 34 33 54 33 33 33 33 33 33 75 16
104.59184074401855  : 68 10 ef 68 04 0f 35 33 34 33 51 73 33 33 33 33 7a 39 ff ff 33 25 16
104.60314106941223  : 68 10 ef 68 84 01 01 55 16
104.66961812973022  : 68 31 ce 68 02 02 60 42 75 16
104.70227718353271  : 68 31 ce 68 82 0f 34 19 33 33 33 36 7a 33 34 39 56 56 56 56 56 44 16
104.77693891525269  : 68 20 df 68 02 02 38 3b 46 16
104.79844546318054  : 68 20 df 68 82 0c 63 59 6f 34 33 54 33 33 33 33 33 33 75 16
104.88355922698975  : 68 10 ef 68 04 0f 35 33 34 33 51 73 33 33 33 33 7a 39 ff ff 33 25 16
104.89545011520386  : 68 10 ef 68 84 01 01 55 16
104.97410225868225  : 68 31 ce 68 02 02 60 42 75 16
105.00597548484802  : 68 31 ce 68 82 0f 34 19 33 33 33 36 7a 33 34 39 56 56 56 56 56 44 16
105.0724515914917   : 68 20 df 68 02 02 38 3b 46 16
105.09433579444885  : 68 20 df 68 82 0c 63 59 6f 34 33 54 33 33 33 33 33 33 75 16
105.19027614593506  : 68 10 ef 68 04 0f 35 33 34 33 51 73 33 33 33 33 7a 39 ff ff 33 25 16
105.20170187950134  : 68 10 ef 68 84 01 01 55 16
105.27557301521301  : 68 31 ce 68 02 02 60 42 75 16
105.30762767791748  : 68 31 ce 68 82 0f 34 19 33 33 33 36 7a 33 34 39 56 56 56 56 56 44 16
105.37175059318542  : 68 20 df 68 02 02 38 3b 46 16
105.40387201309204  : 68 20 df 68 82 0c 63 59 6f 34 33 54 33 33 33 33 33 33 75 16
105.48830842971802  : 68 10 ef 68 04 0f 35 33 34 33 51 73 33 33 33 33 7a 39 ff ff 33 25 16
105.4988260269165   : 68 10 ef 68 84 01 01 55 16
105.57238745689392  : 68 31 ce 68 02 02 60 42 75 16
105.6040301322937   : 68 31 ce 68 82 0f 34 19 33 33 33 36 7a 33 34 39 56 56 56 56 56 44 16
105.68024396896362  : 68 20 df 68 02 02 38 3b 46 16
105.70169568061829  : 68 20 df 68 82 0c 63 59 6f 34 33 54 33 33 33 33 33 33 75 16
105.78872108459473  : 68 10 ef 68 04 0f 35 33 34 33 51 73 33 33 33 33 7a 39 ff ff 33 25 16
105.79925751686096  : 68 10 ef 68 84 01 01 55 16
105.87355279922485  : 68 31 ce 68 02 02 60 42 75 16
105.90607953071594  : 68 31 ce 68 82 0f 34 19 33 33 33 36 7a 33 34 39 56 56 56 56 56 44 16
105.97195816040039  : 68 20 df 68 02 02 38 3b 46 16
105.99745297431946  : 68 20 df 68 82 0c 63 59 6f 34 33 54 33 33 33 33 33 33 75 16
106.09164452552795  : 68 10 ef 68 04 0f 35 33 34 33 51 73 33 33 33 33 7a 39 ff ff 33 25 16
106.10255527496338  : 68 10 ef 68 84 01 01 55 16
106.17564868927002  : 68 31 ce 68 02 02 60 42 75 16
106.20745944976807  : 68 31 ce 68 82 0f 34 19 33 33 33 36 7a 33 34 39 56 56 56 56 56 44 16
106.28120708465576  : 68 20 df 68 02 02 38 3b 46 16
106.30227828025818  : 68 20 df 68 82 0c 63 59 6f 34 33 54 33 33 33 33 33 33 75 16
106.39742279052734  : 68 10 ef 68 04 0f 35 33 34 33 51 73 33 33 33 33 7a 39 ff ff 33 25 16
106.4398844242096   : 68 10 ef 68 84 01 01 55 16
106.4824812412262   : 68 31 ce 68 02 02 60 42 75 16
106.50373721122742  : 68 31 ce 68 82 0f 34 19 33 33 33 36 7a 33 34 39 56 56 56 56 56 44 16
106.57761836051941  : 68 20 df 68 02 02 38 3b 46 16
106.59930419921875  : 68 20 df 68 82 0c 63 59 6f 34 33 54 33 33 33 33 33 33 75 16
106.69777750968933  : 68 10 ef 68 04 0f 35 33 34 33 51 73 33 33 33 33 7a 39 ff ff 33 25 16
106.70834636688232  : 68 10 ef 68 84 01 01 55 16
106.78290057182312  : 68 31 ce 68 02 02 60 42 75 16
106.80408382415771  : 68 31 ce 68 82 0f 34 19 33 33 33 36 7a 33 34 39 56 56 56 56 56 44 16
106.87771415710449  : 68 20 df 68 02 02 38 3b 46 16
106.89944911003113  : 68 20 df 68 82 0c 63 59 6f 34 33 54 33 33 33 33 33 33 75 16
106.9961895942688   : 68 10 ef 68 04 0f 35 33 34 33 51 73 33 33 33 33 7a 39 ff ff 33 25 16
107.0101535320282   : 68 10 ef 68 84 01 01 55 16
107.07472467422485  : 68 31 ce 68 02 02 60 42 75 16
107.10630631446838  : 68 31 ce 68 82 0f 34 19 33 33 33 36 7a 33 34 39 56 56 56 56 56 44 16
107.18003630638123  : 68 20 df 68 02 02 38 3b 46 16
107.20113706588745  : 68 20 df 68 82 0c 63 59 6f 34 33 54 33 33 33 33 33 33 75 16
107.2957272529602   : 68 10 ef 68 04 0f 35 33 34 33 51 73 33 33 33 33 7a 39 ff ff 33 25 16
107.30655980110168  : 68 10 ef 68 84 01 01 55 16
107.38013672828674  : 68 31 ce 68 02 02 60 42 75 16
107.41160249710083  : 68 31 ce 68 82 0f 34 19 33 33 33 36 7a 33 34 39 56 56 56 56 56 44 16
107.48548364639282  : 68 20 df 68 02 02 38 3b 46 16
107.50630712509155  : 68 20 df 68 82 0c 63 59 6f 34 33 54 33 33 33 33 33 33 75 16
107.59083700180054  : 68 10 ef 68 04 0f 35 33 34 33 51 73 33 33 33 33 7a 39 ff ff 33 25 16
107.6018853187561   : 68 10 ef 68 84 01 01 55 16
107.67764329910278  : 68 31 ce 68 02 02 60 42 75 16
107.7097520828247   : 68 31 ce 68 82 0f 34 19 33 33 33 36 7a 33 34 39 56 56 56 56 56 44 16
107.78390645980835  : 68 20 df 68 02 02 38 3b 46 16
107.8051540851593   : 68 20 df 68 82 0c 63 59 6f 34 33 54 33 33 33 33 33 33 75 16
107.90014934539795  : 68 10 ef 68 04 0f 35 33 34 33 51 73 33 33 33 33 7a 39 ff ff 33 25 16
107.91066074371338  : 68 10 ef 68 84 01 01 55 16
107.98485803604126  : 68 31 ce 68 02 02 60 42 75 16
108.00684094429016  : 68 31 ce 68 82 0f 34 19 33 33 33 36 7a 33 34 39 56 56 56 56 56 44 16
108.08356165885925  : 68 20 df 68 02 02 38 3b 46 16
108.10476875305176  : 68 20 df 68 82 0c 63 59 6f 34 33 54 33 33 33 33 33 33 75 16
108.20003199577332  : 68 10 ef 68 04 0f 35 33 34 33 51 73 33 33 33 33 7a 39 ff ff 33 25 16
108.21056818962097  : 68 10 ef 68 84 01 01 55 16
108.28502178192139  : 68 31 ce 68 02 02 60 42 75 16
108.31789255142212  : 68 31 ce 68 82 0f 34 19 33 33 33 36 7a 33 34 39 56 56 56 56 56 44 16
108.38194918632507  : 68 20 df 68 02 02 38 3b 46 16
108.40337657928467  : 68 20 df 68 82 0c 63 59 6f 34 33 54 33 33 33 33 33 33 75 16
108.49857711791992  : 68 10 ef 68 04 0f 35 33 34 33 51 73 33 33 33 33 7a 39 ff ff 33 25 16
108.5091016292572   : 68 10 ef 68 84 01 01 55 16
108.5834093093872   : 68 31 ce 68 02 02 60 42 75 16
108.61558771133423  : 68 31 ce 68 82 0f 34 19 33 33 33 36 7a 33 34 39 56 56 56 56 56 44 16
108.68117022514343  : 68 20 df 68 02 02 38 3b 46 16
108.71287107467651  : 68 20 df 68 82 0c 63 59 6f 34 33 54 33 33 33 33 33 33 75 16
108.79681730270386  : 68 10 ef 68 04 0f 35 33 34 33 51 73 33 33 33 33 7a 39 ff ff 33 25 16
108.80744791030884  : 68 10 ef 68 84 01 01 55 16
108.88148665428162  : 68 31 ce 68 02 02 60 42 75 16
108.91316771507263  : 68 31 ce 68 82 0f 34 19 33 33 33 36 7a 33 34 39 56 56 56 56 56 44 16
108.98703908920288  : 68 20 df 68 02 02 38 3b 46 16
109.00851273536682  : 68 20 df 68 82 0c 63 59 6f 34 33 54 33 33 33 33 33 33 75 16
109.1047351360321   : 68 10 ef 68 04 0f 35 33 34 33 51 73 33 33 33 33 7a 39 ff ff 33 25 16
109.11574292182922  : 68 10 ef 68 84 01 01 55 16
109.18937158584595  : 68 31 ce 68 02 02 60 42 75 16
109.21064901351929  : 68 31 ce 68 82 0f 34 19 33 33 33 36 7a 33 34 39 56 56 56 56 56 44 16
109.2852566242218   : 68 20 df 68 02 02 38 3b 46 16
109.30633091926575  : 68 20 df 68 82 0c 63 59 6f 34 33 54 33 33 33 33 33 33 75 16
109.4004774093628   : 68 10 ef 68 04 0f 35 33 34 33 51 73 33 33 33 33 7a 39 ff ff 33 25 16
109.4323799610138   : 68 10 ef 68 84 01 01 55 16
109.48519444465637  : 68 31 ce 68 02 02 60 42 75 16
109.51686191558838  : 68 31 ce 68 82 0f 34 19 33 33 33 36 7a 33 34 39 56 56 56 56 56 44 16
109.59076833724976  : 68 20 df 68 02 02 38 3b 46 16
109.61197137832642  : 68 20 df 68 82 0c 63 59 6f 34 33 54 33 33 33 33 33 33 75 16
110.08348655700684  : 68 31 ce 68 02 02 60 42 75 16
110.11903309822083  : 68 31 ce 68 82 0f 34 19 33 33 33 33 7a 33 33 39 56 56 56 56 56 40 16
110.18319940567017  : 68 31 ce 68 02 02 60 42 75 16
110.21469902992249  : 68 31 ce 68 82 0f 34 19 33 33 33 33 7a 33 33 39 56 56 56 56 56 40 16
110.28830361366272  : 68 31 ce 68 02 02 60 42 75 16
110.32016444206238  : 68 31 ce 68 82 0f 34 19 33 33 33 33 7a 33 33 39 56 56 56 56 56 40 16
111.2905638217926   : 68 31 ce 68 02 02 60 42 75 16
111.32569432258606  : 68 31 ce 68 82 0f 34 19 33 33 33 33 7a 33 33 39 56 56 56 56 56 40 16
111.38943529129028  : 68 31 ce 68 02 02 60 42 75 16
111.42128419876099  : 68 31 ce 68 82 0f 34 19 33 33 33 33 7a 33 33 39 56 56 56 56 56 40 16
111.49522471427917  : 68 31 ce 68 02 02 60 42 75 16
111.52743434906006  : 68 31 ce 68 82 0f 34 19 33 33 33 33 7a 33 33 39 56 56 56 56 56 40 16
111.89280295372009  : 68 31 ce 68 02 02 3c 57 66 16
111.9354920387268   : 68 31 ce 68 82 24 75 88 80 6c 7f 69 65 86 67 66 68 63 63 68 6c 6b 5d 5c 50 54 59 43 56 1e 79 6f 6a 65 1f 24 34 63 6d cb 34 25 fa 16
111.98909568786621  : 68 31 ce 68 02 02 3c 57 66 16
112.03321576118469  : 68 31 ce 68 82 24 75 88 80 6c 7f 69 65 86 67 66 68 63 63 68 6c 6b 5d 5c 50 54 59 43 56 1e 79 6f 6a 65 1f 24 34 63 6d cb 34 25 fa 16
112.09727382659912  : 68 31 ce 68 02 02 3c 57 66 16
112.12872958183289  : 68 31 ce 68 82 24 75 88 80 6c 7f 69 65 86 67 66 68 63 63 68 6c 6b 5d 5c 50 54 59 43 56 1e 79 6f 6a 65 1f 24 34 63 6d cb 34 25 fa 16
