9.538928747177124   : 68 31 ce 68 02 02 60 42 75 16
9.570258140563965   : 68 31 ce 68 82 0f 35 4c 33 33 33 35 97 33 34 33 4c 4c 4c 4c 4c 5c 16
9.633626461029053   : 68 31 ce 68 02 02 60 42 75 16
9.665201425552368   : 68 31 ce 68 82 0f 35 4c 33 33 33 35 97 33 34 33 4c 4c 4c 4c 4c 5c 16
9.739337921142578   : 68 31 ce 68 02 02 3c 57 66 16
9.781028509140015   : 68 31 ce 68 82 24 75 88 86 6c 7f 81 65 86 69 63 6c 63 63 63 69 68 5d 5c 50 54 59 40 51 e3 79 6f 6a 65 1f 24 34 63 65 fb 33 13 e2 16
9.834391355514526   : 68 20 df 68 02 02 38 3b 46 16
9.866225481033325   : 68 20 df 68 82 0c 63 59 6f 34 33 49 33 33 33 33 3b 33 72 16
9.93866777420044    : 68 20 df 68 01 01 36 07 16
12.175300121307373  : 68 31 ce 68 02 02 3c 57 66 16
12.21671438217163   : 68 31 ce 68 82 24 75 88 86 6c 7f 81 65 86 69 63 6c 63 63 63 69 68 5d 5c 50 54 59 40 51 e3 79 6f 6a 65 1f 24 34 63 65 fb 33 13 e2 16
12.373597145080566  : 68 31 ce 68 02 02 3c 57 66 16
12.415381908416748  : 68 31 ce 68 82 24 75 88 86 6c 7f 81 65 86 69 63 6c 63 63 63 69 68 5d 5c 50 54 59 40 51 e3 79 6f 6a 65 1f 24 34 63 65 fb 33 13 e2 16
12.581933736801147  : 68 31 ce 68 02 02 3c 57 66 16
12.623975992202759  : 68 31 ce 68 82 24 75 88 86 6c 7f 81 65 86 69 63 6c 63 63 63 69 68 5d 5c 50 54 59 40 51 e3 79 6f 6a 65 1f 24 34 63 65 fb 33 13 e2 16
12.781510591506958  : 68 31 ce 68 02 02 3c 57 66 16
12.822721004486084  : 68 31 ce 68 82 24 75 88 86 6c 7f 81 65 86 69 63 6c 63 63 63 69 68 5d 5c 50 54 59 40 51 e3 79 6f 6a 65 1f 24 34 63 65 fb 33 13 e2 16
12.989998817443848  : 68 31 ce 68 02 02 3c 57 66 16
13.0212721824646    : 68 31 ce 68 82 24 75 88 86 6c 7f 81 65 86 69 63 6c 63 63 63 69 68 5d 5c 50 54 59 40 51 e3 79 6f 6a 65 1f 24 34 63 65 fb 33 13 e2 16
13.190038442611694  : 68 31 ce 68 02 02 3c 57 66 16
13.231825351715088  : 68 31 ce 68 82 24 75 88 86 6c 7f 81 65 86 69 63 6c 63 63 63 69 68 5d 5c 50 54 59 40 51 e3 79 6f 6a 65 1f 24 34 63 65 fb 33 13 e2 16
13.39616870880127   : 68 31 ce 68 02 02 60 42 75 16
13.427968740463257  : 68 31 ce 68 82 0f 35 4c 33 33 33 33 97 33 33 33 4c 4c 4c 4c 4c 59 16
13.594346523284912  : 68 31 ce 68 02 02 60 42 75 16
13.625324249267578  : 68 31 ce 68 82 0f 35 4c 33 33 33 33 97 33 33 33 4c 4c 4c 4c 4c 59 16
13.803310871124268  : 68 31 ce 68 02 02 60 42 75 16
13.83433222770691   : 68 31 ce 68 82 0f 35 4c 33 33 33 33 97 33 33 33 4c 4c 4c 4c 4c 59 16
14.001210451126099  : 68 31 ce 68 02 02 60 42 75 16
14.032473087310791  : 68 31 ce 68 82 0f 35 4c 33 33 33 33 97 33 33 33 4c 4c 4c 4c 4c 59 16
14.211544513702393  : 68 31 ce 68 02 02 60 42 75 16
14.232303380966187  : 68 31 ce 68 82 0f 35 4c 33 33 33 33 97 33 33 33 4c 4c 4c 4c 4c 59 16
14.41012454032898   : 68 31 ce 68 02 02 60 42 75 16
14.44098687171936   : 68 31 ce 68 82 0f 35 4c 33 33 33 33 97 33 33 33 4c 4c 4c 4c 4c 59 16
59.04899549484253   : 68 20 df 68 01 01 36 07 16
59.2482373714447    : 68 20 df 68 01 01 36 07 16
59.45487666130066   : 68 20 df 68 01 01 36 07 16
59.66449999809265   : 68 20 df 68 01 01 36 07 16
59.86344385147095   : 68 20 df 68 01 01 36 07 16
60.0628387928009    : 68 20 df 68 01 01 36 07 16
60.272830963134766  : 68 20 df 68 01 01 36 07 16
60.46832990646362   : 68 20 df 68 01 01 36 07 16
60.49982523918152   : 68 20 df 68 81 10 80 88 64 66 66 6a 66 75 66 66 65 63 63 65 64 69 06 16
60.67788124084473   : 68 20 df 68 05 02 a6 b3 2f 16
60.688647747039795  : 68 20 df 68 85 01 01 56 16
60.78084349632263   : 68 31 ce 68 02 02 60 42 75 16
60.812402963638306  : 68 31 ce 68 82 0f 35 4c 33 33 33 34 97 33 33 33 4c 4c 4c 4c 4c 5a 16
60.97992992401123   : 68 20 df 68 02 02 38 3b 46 16
61.011497259140015  : 68 20 df 68 82 0c 63 59 6f 34 33 49 33 33 33 33 3b 33 72 16
61.0958685874939    : 68 10 ef 68 04 0f 39 23 34 33 5a 61 33 33 33 33 97 33 ff ff 33 27 16
61.13853454589844   : 68 10 ef 68 84 01 34 88 16
61.19109606742859   : 68 31 ce 68 02 02 60 42 75 16
61.21252250671387   : 68 31 ce 68 82 0f 35 4c 33 33 33 34 97 33 33 33 4c 4c 4c 4c 4c 5a 16
61.285813331604004  : 68 20 df 68 02 02 38 3b 46 16
61.317354679107666  : 68 20 df 68 82 0c 63 59 6f 34 33 49 33 33 33 33 3b 33 72 16
61.40093278884888   : 68 10 ef 68 04 0f 39 23 34 33 5a 61 33 33 33 33 97 33 ff ff 33 27 16
61.44197916984558   : 68 10 ef 68 84 01 34 88 16
61.494462728500366  : 68 31 ce 68 02 02 60 42 75 16
61.515817165374756  : 68 31 ce 68 82 0f 35 4c 33 33 33 35 97 33 33 33 4c 4c 4c 4c 4c 5b 16
61.5892174243927    : 68 20 df 68 02 02 38 3b 46 16
61.62028884887695   : 68 20 df 68 82 0c 63 59 6f 34 33 49 33 33 33 33 3b 33 72 16
61.71339797973633   : 68 10 ef 68 04 0f 39 23 34 33 5a 61 33 33 33 33 97 33 ff ff 33 27 16
61.7454571723938    : 68 10 ef 68 84 01 34 88 16
61.797725439071655  : 68 31 ce 68 02 02 60 42 75 16
61.82871627807617   : 68 31 ce 68 82 0f 35 4c 33 33 33 34 97 33 33 33 4c 4c 4c 4c 4c 5a 16
61.90203881263733   : 68 20 df 68 02 02 38 3b 46 16
61.923089265823364  : 68 20 df 68 82 0c 63 59 6f 34 33 49 33 33 33 33 3b 33 72 16
62.01743197441101   : 68 10 ef 68 04 0f 39 23 34 33 5a 61 33 33 33 33 97 33 ff ff 33 27 16
62.03858232498169   : 68 10 ef 68 84 01 34 88 16
62.101908922195435  : 68 31 ce 68 02 02 60 42 75 16
62.133517026901245  : 68 31 ce 68 82 0f 35 4c 33 33 33 34 97 33 33 33 4c 4c 4c 4c 4c 5a 16
62.207133531570435  : 68 20 df 68 02 02 38 3b 46 16
62.22825503349304   : 68 20 df 68 82 0c 63 59 6f 34 33 49 33 33 33 33 3b 33 72 16
62.32287955284119   : 68 10 ef 68 04 0f 39 23 34 33 5a 61 33 33 33 33 97 33 ff ff 33 27 16
62.34399700164795   : 68 10 ef 68 84 01 34 88 16
62.406195640563965  : 68 31 ce 68 02 02 60 42 75 16
62.4371440410614    : 68 31 ce 68 82 0f 35 4c 33 33 33 34 97 33 33 33 4c 4c 4c 4c 4c 5a 16
62.51011562347412   : 68 20 df 68 02 02 38 3b 46 16
62.53175163269043   : 68 20 df 68 82 0c 63 59 6f 34 33 49 33 33 33 33 3b 33 72 16
62.62613606452942   : 68 10 ef 68 04 0f 39 23 34 33 5a 61 33 33 33 33 97 33 ff ff 33 27 16
62.647318840026855  : 68 10 ef 68 84 01 34 88 16
62.709961891174316  : 68 31 ce 68 02 02 60 42 75 16
62.741058111190796  : 68 31 ce 68 82 0f 35 4c 33 33 33 34 97 33 33 33 4c 4c 4c 4c 4c 5a 16
62.81475234031677   : 68 20 df 68 02 02 38 3b 46 16
62.83584117889404   : 68 20 df 68 82 0c 63 59 6f 34 33 49 33 33 33 33 3b 33 72 16
62.92864918708801   : 68 10 ef 68 04 0f 39 23 34 33 5a 61 33 33 33 33 97 33 ff ff 33 27 16
62.97041630744934   : 68 10 ef 68 84 01 34 88 16
63.01218366622925   : 68 70 8f 68 02 02 53 39 5f 16
63.11717939376831   : 68 20 df 68 02 02 38 3b 46 16
63.1484854221344    : 68 20 df 68 82 0c 63 59 6f 34 33 49 33 33 33 33 3b 33 72 16
63.23190188407898   : 68 10 ef 68 04 0f b9 23 34 33 5a 61 33 33 33 33 97 33 ff ff 76 ea 16
63.27381372451782   : 68 10 ef 68 84 01 34 88 16
63.32646942138672   : 68 31 ce 68 02 02 60 42 75 16
63.34763479232788   : 68 31 ce 68 82 0f 35 4c 33 33 33 34 97 33 33 33 4c 4c 4c 4c 4c 5a 16
63.42034363746643   : 68 20 df 68 02 02 38 3b 46 16
63.451401710510254  : 68 20 df 68 82 0c 63 59 6f 34 33 49 33 33 33 33 3b 33 72 16
63.5353000164032    : 68 10 ef 68 04 0f b9 23 34 33 5a 61 33 33 33 33 97 33 ff ff 76 ea 16
63.57751250267029   : 68 10 ef 68 84 01 34 88 16
63.630138874053955  : 68 70 8f 68 02 02 53 39 5f 16
63.72489857673645   : 68 20 df 68 02 02 38 3b 46 16
63.756458044052124  : 68 20 df 68 82 0c 63 59 6f 34 33 49 33 33 33 33 3b 33 72 16
63.849650859832764  : 68 10 ef 68 04 0f b9 23 34 33 5a 61 33 33 33 33 97 33 ff ff 76 ea 16
63.87046027183533   : 68 10 ef 68 84 01 34 88 16
63.93303179740906   : 68 31 ce 68 02 02 60 42 75 16
63.96402430534363   : 68 31 ce 68 82 0f 35 4c 33 33 33 34 97 33 33 33 4c 4c 4c 4c 4c 5a 16
64.03689885139465   : 68 20 df 68 02 02 38 3b 46 16
64.05793690681458   : 68 20 df 68 82 0c 63 59 6f 34 33 49 33 33 33 33 3b 33 72 16
64.15198397636414   : 68 10 ef 68 04 0f b9 23 34 33 5a 61 33 33 33 33 97 33 ff ff 76 ea 16
64.17316746711731   : 68 10 ef 68 84 01 34 88 16
64.23633098602295   : 68 70 8f 68 02 02 53 39 5f 16
64.34260106086731   : 68 20 df 68 02 02 38 3b 46 16
64.36366581916809   : 68 20 df 68 82 0c 63 59 6f 34 33 49 33 33 33 33 3b 33 72 16
64.45606994628906   : 68 10 ef 68 04 0f b9 23 34 33 5a 61 33 33 33 33 97 33 ff ff 76 ea 16
64.47720980644226   : 68 10 ef 68 84 01 34 88 16
64.54013085365295   : 68 31 ce 68 02 02 60 42 75 16
64.57207536697388   : 68 31 ce 68 82 0f 35 4c 33 33 33 34 97 33 33 33 4c 4c 4c 4c 4c 5a 16
64.64569902420044   : 68 20 df 68 02 02 38 3b 46 16
64.66733264923096   : 68 20 df 68 82 0c 63 59 6f 34 33 49 33 33 33 33 3b 33 72 16
64.76110816001892   : 68 10 ef 68 04 0f b9 23 34 33 5a 61 33 33 33 33 97 33 ff ff 76 ea 16
64.78277111053467   : 68 10 ef 68 84 01 34 88 16
64.8455057144165    : 68 70 8f 68 02 02 53 39 5f 16
64.9489004611969    : 68 20 df 68 02 02 38 3b 46 16
64.96998429298401   : 68 20 df 68 82 0c 63 59 6f 34 33 49 33 33 33 33 3b 33 72 16
65.06306028366089   : 68 10 ef 68 04 0f b9 23 34 33 5a 61 33 33 33 33 97 33 ff ff 76 ea 16
65.10431432723999   : 68 10 ef 68 84 01 34 88 16
65.15632677078247   : 68 31 ce 68 02 02 60 42 75 16
65.17741107940674   : 68 31 ce 68 82 0f 35 4c 33 33 33 34 97 33 33 33 4c 4c 4c 4c 4c 5a 16
65.25124382972717   : 68 20 df 68 02 02 38 3b 46 16
65.28313827514648   : 68 20 df 68 82 0c 63 59 6f 34 33 49 33 33 33 33 3b 33 72 16
65.36737942695618   : 68 10 ef 68 04 0f b9 23 34 33 5a 61 33 33 33 33 97 33 ff ff 76 ea 16
65.4089207649231    : 68 10 ef 68 84 01 34 88 16
65.46136522293091   : 68 70 8f 68 02 02 53 39 5f 16
65.55609846115112   : 68 20 df 68 02 02 38 3b 46 16
65.58773946762085   : 68 20 df 68 82 0c 63 59 6f 34 33 49 33 33 33 33 3b 33 72 16
65.67198872566223   : 68 10 ef 68 04 0f b9 23 34 33 5a 61 33 33 33 33 97 33 ff ff 76 ea 16
65.70395731925964   : 68 10 ef 68 84 01 34 88 16
65.76707053184509   : 68 31 ce 68 02 02 60 42 75 16
65.78834414482117   : 68 31 ce 68 82 0f 35 4c 33 33 33 34 97 33 33 33 4c 4c 4c 4c 4c 5a 16
65.8621940612793    : 68 20 df 68 02 02 38 3b 46 16
65.88343238830566   : 68 20 df 68 82 0c 63 59 6f 34 33 49 33 33 33 33 3b 33 72 16
65.97700667381287   : 68 10 ef 68 04 0f b9 23 34 33 5a 61 33 33 33 33 97 33 ff ff 76 ea 16
66.00816416740417   : 68 10 ef 68 84 01 34 88 16
66.07068252563477   : 68 70 8f 68 02 02 53 39 5f 16
66.16385674476624   : 68 20 df 68 02 02 38 3b 46 16
66.19514012336731   : 68 20 df 68 82 0c 63 59 6f 34 33 49 33 33 33 33 3b 33 72 16
66.28941679000854   : 68 10 ef 68 04 0f b9 23 34 33 5a 61 33 33 33 33 97 33 ff ff 76 ea 16
66.31015682220459   : 68 10 ef 68 84 01 34 88 16
66.37305212020874   : 68 31 ce 68 02 02 60 42 75 16
66.40441250801086   : 68 31 ce 68 82 0f 35 4c 33 33 33 34 97 33 33 33 4c 4c 4c 4c 4c 5a 16
66.47743272781372   : 68 20 df 68 02 02 38 3b 46 16
66.49900960922241   : 68 20 df 68 82 0c 63 59 6f 34 33 49 33 33 33 33 3b 33 72 16
66.59334135055542   : 68 10 ef 68 04 0f 39 23 34 33 5a 61 33 33 33 33 97 33 ff ff 33 27 16
66.63570237159729   : 68 10 ef 68 84 01 34 88 16
66.67791676521301   : 68 70 8f 68 02 02 53 39 5f 16
66.78324317932129   : 68 20 df 68 02 02 38 3b 46 16
66.80435156822205   : 68 20 df 68 82 0c 63 59 6f 34 33 49 33 33 33 33 3b 33 72 16
66.89873814582825   : 68 10 ef 68 04 0f 39 23 34 33 5a 61 33 33 33 33 97 33 ff ff 33 27 16
66.930020570755     : 68 10 ef 68 84 01 34 88 16
66.98244905471802   : 68 31 ce 68 02 02 60 42 75 16
67.01395034790039   : 68 31 ce 68 82 0f 35 4c 33 33 33 35 97 33 33 33 4c 4c 4c 4c 4c 5b 16
67.08580493927002   : 68 20 df 68 02 02 38 3b 46 16
67.10689210891724   : 68 20 df 68 82 0c 63 59 6f 34 33 49 33 33 33 33 3b 33 72 16
67.20051884651184   : 68 10 ef 68 04 0f 39 23 34 33 5a 61 33 33 33 33 97 33 ff ff 33 27 16
67.23152899742126   : 68 10 ef 68 84 01 34 88 16
67.28375005722046   : 68 70 8f 68 02 02 53 39 5f 16
67.38899564743042   : 68 20 df 68 02 02 38 3b 46 16
67.41014432907104   : 68 20 df 68 82 0c 63 59 6f 34 33 49 33 33 33 33 3b 33 72 16
67.50268220901489   : 68 10 ef 68 04 0f 39 23 34 33 5a 61 33 33 33 33 97 33 ff ff 33 27 16
67.53463220596313   : 68 10 ef 68 84 01 34 88 16
67.58727979660034   : 68 31 ce 68 02 02 60 42 75 16
67.61883568763733   : 68 31 ce 68 82 0f 35 4c 33 33 33 34 97 33 33 33 4c 4c 4c 4c 4c 5a 16
67.69236636161804   : 68 20 df 68 02 02 38 3b 46 16
67.72407627105713   : 68 20 df 68 82 0c 63 59 6f 34 33 49 33 33 33 33 3b 33 72 16
67.80790829658508   : 68 10 ef 68 04 0f 39 23 34 33 5a 61 33 33 33 33 97 33 ff ff 33 27 16
67.83960700035095   : 68 10 ef 68 84 01 34 88 16
67.89244818687439   : 68 70 8f 68 02 02 53 39 5f 16
67.99739980697632   : 68 20 df 68 02 02 38 3b 46 16
68.02834844589233   : 68 20 df 68 82 0c 63 59 6f 34 33 49 33 33 33 33 3b 33 72 16
68.11275744438171   : 68 10 ef 68 04 0f 39 23 34 33 5a 61 33 33 33 33 97 33 ff ff 33 27 16
68.14389038085938   : 68 10 ef 68 84 01 34 88 16
68.20620036125183   : 68 31 ce 68 02 02 60 42 75 16
68.22733187675476   : 68 31 ce 68 82 0f 35 4c 33 33 33 34 97 33 33 33 4c 4c 4c 4c 4c 5a 16
68.29997658729553   : 68 20 df 68 02 02 38 3b 46 16
68.33165311813354   : 68 20 df 68 82 0c 63 59 6f 34 33 49 33 33 33 33 3b 33 72 16
68.42572355270386   : 68 10 ef 68 04 0f 39 23 34 33 5a 61 33 33 33 33 97 33 ff ff 33 27 16
68.4466073513031    : 68 10 ef 68 84 01 34 88 16
68.50946545600891   : 68 70 8f 68 02 02 53 39 5f 16
68.6152286529541    : 68 20 df 68 02 02 38 3b 46 16
68.63630509376526   : 68 20 df 68 82 0c 63 59 6f 34 33 49 33 33 33 33 3b 33 72 16
68.73073649406433   : 68 10 ef 68 04 0f 39 23 34 33 5a 61 33 33 33 33 97 33 ff ff 33 27 16
68.77291440963745   : 68 10 ef 68 84 01 34 88 16
68.81504845619202   : 68 31 ce 68 02 02 60 42 75 16
68.84607458114624   : 68 31 ce 68 82 0f 35 4c 33 33 33 34 97 33 33 33 4c 4c 4c 4c 4c 5a 16
68.90958285331726   : 68 20 df 68 02 02 38 3b 46 16
68.94115018844604   : 68 20 df 68 82 0c 63 59 6f 34 33 49 33 33 33 33 3b 33 72 16
69.03579306602478   : 68 10 ef 68 04 0f 39 23 34 33 5a 61 33 33 33 33 97 33 ff ff 33 27 16
69.06768774986267   : 68 10 ef 68 84 01 34 88 16
69.12040328979492   : 68 70 8f 68 02 02 53 39 5f 16
69.22404789924622   : 68 20 df 68 02 02 38 3b 46 16
69.24496388435364   : 68 20 df 68 82 0c 63 59 6f 34 33 49 33 33 33 33 3b 33 72 16
69.33842968940735   : 68 10 ef 68 04 0f 39 23 34 33 5a 61 33 33 33 33 97 33 ff ff 33 27 16
69.36975264549255   : 68 10 ef 68 84 01 34 88 16
69.42121028900146   : 68 31 ce 68 02 02 60 42 75 16
69.45241951942444   : 68 31 ce 68 82 0f 35 4c 33 33 33 34 97 33 33 33 4c 4c 4c 4c 4c 5a 16
69.52565622329712   : 68 20 df 68 02 02 38 3b 46 16
69.54683876037598   : 68 20 df 68 82 0c 63 59 6f 34 33 49 33 33 33 33 3b 33 72 16
69.64145731925964   : 68 10 ef 68 04 0f 39 23 34 33 5a 61 33 33 33 33 97 33 ff ff 33 27 16
69.67338037490845   : 68 10 ef 68 84 01 34 88 16
69.72573661804199   : 68 70 8f 68 02 02 53 39 5f 16
69.83143544197083   : 68 20 df 68 02 02 38 3b 46 16
69.85241651535034   : 68 20 df 68 82 0c 63 59 6f 34 33 49 33 33 33 33 3b 33 72 16
69.94698023796082   : 68 10 ef 68 04 0f 39 23 34 33 5a 61 33 33 33 33 97 33 ff ff 33 27 16
69.96806383132935   : 68 10 ef 68 84 01 34 88 16
70.03116822242737   : 68 31 ce 68 02 02 60 42 75 16
70.06219458580017   : 68 31 ce 68 82 0f 35 4c 33 33 33 34 97 33 33 33 4c 4c 4c 4c 4c 5a 16
70.13619327545166   : 68 20 df 68 02 02 38 3b 46 16
70.15731143951416   : 68 20 df 68 82 0c 63 59 6f 34 33 49 33 33 33 33 3b 33 72 16
70.25141835212708   : 68 10 ef 68 04 0f 39 23 34 33 5a 61 33 33 33 33 97 33 ff ff 33 27 16
70.29306983947754   : 68 10 ef 68 84 01 34 88 16
70.33461332321167   : 68 70 8f 68 02 02 53 39 5f 16
70.43934774398804   : 68 20 df 68 02 02 38 3b 46 16
70.46013283729553   : 68 20 df 68 82 0c 63 59 6f 34 33 49 33 33 33 33 3b 33 72 16
70.5525906085968    : 68 10 ef 68 04 0f 39 23 34 33 5a 61 33 33 33 33 97 33 ff ff 33 27 16
70.59470081329346   : 68 10 ef 68 84 01 34 88 16
70.647705078125     : 68 31 ce 68 02 02 60 42 75 16
70.66845464706421   : 68 31 ce 68 82 0f 35 4c 33 33 33 34 97 33 33 33 4c 4c 4c 4c 4c 5a 16
70.74182987213135   : 68 20 df 68 02 02 38 3b 46 16
70.77343082427979   : 68 20 df 68 82 0c 63 59 6f 34 33 49 33 33 33 33 3b 33 72 16
70.85763502120972   : 68 10 ef 68 04 0f 39 23 34 33 5a 61 33 33 33 33 97 33 ff ff 33 27 16
70.89932703971863   : 68 10 ef 68 84 01 34 88 16
70.95138168334961   : 68 70 8f 68 02 02 53 39 5f 16
71.04590964317322   : 68 20 df 68 02 02 38 3b 46 16
71.07752871513367   : 68 20 df 68 82 0c 63 59 6f 34 33 49 33 33 33 33 3b 33 72 16
71.16127109527588   : 68 10 ef 68 04 0f 39 23 34 33 5a 61 33 33 33 33 97 33 ff ff 33 27 16
71.19334602355957   : 68 10 ef 68 84 01 34 88 16
71.25681900978088   : 68 31 ce 68 02 02 60 42 75 16
71.27795338630676   : 68 31 ce 68 82 0f 35 4c 33 33 33 34 97 33 33 33 4c 4c 4c 4c 4c 5a 16
71.35041809082031   : 68 20 df 68 02 02 38 3b 46 16
71.38176083564758   : 68 20 df 68 82 0c 63 59 6f 34 33 49 33 33 33 33 3b 33 72 16
71.47438311576843   : 68 10 ef 68 04 0f 39 23 34 33 5a 61 33 33 33 33 97 33 ff ff 33 27 16
71.49519228935242   : 68 10 ef 68 84 01 34 88 16
71.55745005607605   : 68 70 8f 68 02 02 53 39 5f 16
71.66173791885376   : 68 20 df 68 02 02 38 3b 46 16
71.68289089202881   : 68 20 df 68 82 0c 63 59 6f 34 33 49 33 33 33 33 3b 33 72 16
71.77723240852356   : 68 10 ef 68 04 0f 39 23 34 33 5a 61 33 33 33 33 97 33 ff ff 33 27 16
71.79857802391052   : 68 10 ef 68 84 01 34 88 16
71.8620252609253    : 68 31 ce 68 02 02 60 42 75 16
71.89371132850647   : 68 31 ce 68 82 0f 35 4c 33 33 33 34 97 33 33 33 4c 4c 4c 4c 4c 5a 16
71.96763849258423   : 68 20 df 68 02 02 38 3b 46 16
71.98838424682617   : 68 20 df 68 82 0c 63 59 6f 34 33 49 33 33 33 33 3b 33 72 16
72.08247661590576   : 68 10 ef 68 04 0f 39 23 34 33 5a 61 33 33 33 33 97 33 ff ff 33 27 16
72.10360169410706   : 68 10 ef 68 84 01 34 88 16
72.1665666103363    : 68 70 8f 68 02 02 53 39 5f 16
72.27164602279663   : 68 20 df 68 02 02 38 3b 46 16
72.29276871681213   : 68 20 df 68 82 0c 63 59 6f 34 33 49 33 33 33 33 3b 33 72 16
72.38748049736023   : 68 10 ef 68 04 0f 39 23 34 33 5a 61 33 33 33 33 97 33 ff ff 33 27 16
72.4293155670166    : 68 10 ef 68 84 01 34 88 16
72.47082567214966   : 68 31 ce 68 02 02 60 42 75 16
72.5022943019867    : 68 31 ce 68 82 0f 35 4c 33 33 33 34 97 33 33 33 4c 4c 4c 4c 4c 5a 16
72.5753219127655    : 68 20 df 68 02 02 38 3b 46 16
72.59632301330566   : 68 20 df 68 82 0c 63 59 6f 34 33 49 33 33 33 33 3b 33 72 16
72.68954229354858   : 68 10 ef 68 04 0f 39 23 34 33 5a 61 33 33 33 33 97 33 ff ff 33 27 16
72.73210096359253   : 68 10 ef 68 84 01 34 88 16
72.77388310432434   : 68 70 8f 68 02 02 53 39 5f 16
72.87915682792664   : 68 20 df 68 02 02 38 3b 46 16
72.90053582191467   : 68 20 df 68 82 0c 63 59 6f 34 33 49 33 33 33 33 3b 33 72 16
72.9944097995758    : 68 10 ef 68 04 0f 39 23 34 33 5a 61 33 33 33 33 97 33 ff ff 33 27 16
73.02630758285522   : 68 10 ef 68 84 01 34 88 16
73.0788197517395    : 68 31 ce 68 02 02 60 42 75 16
73.11074042320251   : 68 31 ce 68 82 0f 35 4c 33 33 33 34 97 33 33 33 4c 4c 4c 4c 4c 5a 16
73.18404150009155   : 68 20 df 68 02 02 38 3b 46 16
73.20538210868835   : 68 20 df 68 82 0c 63 59 6f 34 33 49 33 33 33 33 3b 33 72 16
73.30005240440369   : 68 10 ef 68 04 0f 39 23 34 33 5a 61 33 33 33 33 97 33 ff ff 33 27 16
73.33167672157288   : 68 10 ef 68 84 01 34 88 16
73.38441443443298   : 68 70 8f 68 02 02 53 39 5f 16
73.488765001297     : 68 20 df 68 02 02 38 3b 46 16
73.50965714454651   : 68 20 df 68 82 0c 63 59 6f 34 33 49 33 33 33 33 3b 33 72 16
73.60306406021118   : 68 10 ef 68 04 0f 39 23 34 33 5a 61 33 33 33 33 97 33 ff ff 33 27 16
73.6346824169159    : 68 10 ef 68 84 01 34 88 16
73.69775438308716   : 68 31 ce 68 02 02 60 42 75 16
73.71867156028748   : 68 31 ce 68 82 0f 35 4c 33 33 33 34 97 33 33 33 4c 4c 4c 4c 4c 5a 16
73.79138946533203   : 68 20 df 68 02 02 38 3b 46 16
73.82296133041382   : 68 20 df 68 82 0c 63 59 6f 34 33 49 33 33 33 33 3b 33 72 16
73.90683317184448   : 68 10 ef 68 04 0f 39 23 34 33 5a 61 33 33 33 33 97 33 ff ff 33 27 16
73.95942282676697   : 68 10 ef 68 84 01 34 88 16
74.00157880783081   : 68 70 8f 68 02 02 53 39 5f 16
74.09592890739441   : 68 20 df 68 02 02 38 3b 46 16
74.12727808952332   : 68 20 df 68 82 0c 63 59 6f 34 33 49 33 33 33 33 3b 33 72 16
74.21133852005005   : 68 10 ef 68 04 0f 39 23 34 33 5a 61 33 33 33 33 97 33 ff ff 33 27 16
74.2538001537323    : 68 10 ef 68 84 01 34 88 16
74.30652236938477   : 68 31 ce 68 02 02 60 42 75 16
74.32762360572815   : 68 31 ce 68 82 0f 35 4c 33 33 33 34 97 33 33 33 4c 4c 4c 4c 4c 5a 16
74.40119624137878   : 68 20 df 68 02 02 38 3b 46 16
74.43271088600159   : 68 20 df 68 82 0c 63 59 6f 34 33 49 33 33 33 33 3b 33 72 16
74.52524065971375   : 68 10 ef 68 04 0f 39 23 34 33 5a 61 33 33 33 33 97 33 ff ff 33 27 16
74.5564866065979    : 68 10 ef 68 84 01 34 88 16
74.60854887962341   : 68 70 8f 68 02 02 53 39 5f 16
74.71273946762085   : 68 20 df 68 02 02 38 3b 46 16
74.73381614685059   : 68 20 df 68 82 0c 63 59 6f 34 33 49 33 33 33 33 3b 33 72 16
74.82646298408508   : 68 10 ef 68 04 0f 39 23 34 33 5a 61 33 33 33 33 97 33 ff ff 33 27 16
74.85776734352112   : 68 10 ef 68 84 01 34 88 16
74.9104950428009    : 68 31 ce 68 02 02 60 42 75 16
74.94220781326294   : 68 31 ce 68 82 0f 35 4c 33 33 33 34 97 33 33 33 4c 4c 4c 4c 4c 5a 16
75.01581454277039   : 68 20 df 68 02 02 38 3b 46 16
75.03719115257263   : 68 20 df 68 82 0c 63 59 6f 34 33 49 33 33 33 33 3b 33 72 16
75.13158917427063   : 68 10 ef 68 04 0f 39 23 34 33 5a 61 33 33 33 33 97 33 ff ff 33 27 16
75.16332817077637   : 68 10 ef 68 84 01 34 88 16
75.21540093421936   : 68 70 8f 68 02 02 53 39 5f 16
75.3211920261383    : 68 20 df 68 02 02 38 3b 46 16
75.34223771095276   : 68 20 df 68 82 0c 63 59 6f 34 33 49 33 33 33 33 3b 33 72 16
75.43699407577515   : 68 10 ef 68 04 0f 39 23 34 33 5a 61 33 33 33 33 97 33 ff ff 33 27 16
75.45809626579285   : 68 10 ef 68 84 01 34 88 16
75.52073979377747   : 68 31 ce 68 02 02 60 42 75 16
75.55272126197815   : 68 31 ce 68 82 0f 35 4c 33 33 33 34 97 33 33 33 4c 4c 4c 4c 4c 5a 16
75.62607550621033   : 68 20 df 68 02 02 38 3b 46 16
75.64730167388916   : 68 20 df 68 82 0c 63 59 6f 34 33 49 33 33 33 33 3b 33 72 16
75.74069857597351   : 68 10 ef 68 04 0f 39 23 34 33 5a 61 33 33 33 33 97 33 ff ff 33 27 16
75.76180601119995   : 68 10 ef 68 84 01 34 88 16
75.82540965080261   : 68 70 8f 68 02 02 53 39 5f 16
75.92873334884644   : 68 20 df 68 02 02 38 3b 46 16
75.95014548301697   : 68 20 df 68 82 0c 63 59 6f 34 33 49 33 33 33 33 3b 33 72 16
76.04394102096558   : 68 10 ef 68 04 0f 39 23 34 33 5a 61 33 33 33 33 97 33 ff ff 33 27 16
76.06556797027588   : 68 10 ef 68 84 01 34 88 16
76.1281476020813    : 68 31 ce 68 02 02 60 42 75 16
76.16002893447876   : 68 31 ce 68 82 0f 35 4c 33 33 33 34 97 33 33 33 4c 4c 4c 4c 4c 5a 16
76.23343801498413   : 68 20 df 68 02 02 38 3b 46 16
76.25481629371643   : 68 20 df 68 82 0c 63 59 6f 34 33 49 33 33 33 33 3b 33 72 16
76.34911441802979   : 68 10 ef 68 04 0f 39 23 34 33 5a 61 33 33 33 33 97 33 ff ff 33 27 16
76.39091205596924   : 68 10 ef 68 84 01 34 88 16
76.43303442001343   : 68 70 8f 68 02 02 53 39 5f 16
76.53654074668884   : 68 20 df 68 02 02 38 3b 46 16
76.56770515441895   : 68 20 df 68 82 0c 63 59 6f 34 33 49 33 33 33 33 3b 33 72 16
76.65143418312073   : 68 10 ef 68 04 0f 39 23 34 33 5a 61 33 33 33 33 97 33 ff ff 33 27 16
76.6932418346405    : 68 10 ef 68 84 01 34 88 16
76.74577736854553   : 68 31 ce 68 02 02 60 42 75 16
76.77688336372375   : 68 31 ce 68 82 0f 35 4c 33 33 33 35 97 33 33 33 4c 4c 4c 4c 4c 5b 16
76.85002088546753   : 68 20 df 68 02 02 38 3b 46 16
76.87109804153442   : 68 20 df 68 82 0c 63 59 6f 34 33 49 33 33 33 33 3b 33 72 16
76.96456503868103   : 68 10 ef 68 04 0f 39 23 34 33 5a 61 33 33 33 33 97 33 ff ff 33 27 16
76.99591302871704   : 68 10 ef 68 84 01 34 88 16
77.04813408851624   : 68 70 8f 68 02 02 53 39 5f 16
77.15317511558533   : 68 20 df 68 02 02 38 3b 46 16
77.17401194572449   : 68 20 df 68 82 0c 63 59 6f 34 33 49 33 33 33 33 3b 33 72 16
77.26804113388062   : 68 10 ef 68 04 0f 39 23 34 33 5a 61 33 33 33 33 97 33 ff ff 33 27 16
77.28916954994202   : 68 10 ef 68 84 01 34 88 16
77.35242319107056   : 68 31 ce 68 02 02 60 42 75 16
77.38421297073364   : 68 31 ce 68 82 0f 35 4c 33 33 33 34 97 33 33 33 4c 4c 4c 4c 4c 5a 16
77.45817542076111   : 68 20 df 68 02 02 38 3b 46 16
77.4789445400238    : 68 20 df 68 82 0c 63 59 6f 34 33 49 33 33 33 33 3b 33 72 16
77.5712685585022    : 68 10 ef 68 04 0f 39 23 34 33 5a 61 33 33 33 33 97 33 ff ff 33 27 16
77.5924506187439    : 68 10 ef 68 84 01 34 88 16
77.65524291992188   : 68 70 8f 68 02 02 53 39 5f 16
77.76041555404663   : 68 20 df 68 02 02 38 3b 46 16
77.78181195259094   : 68 20 df 68 82 0c 63 59 6f 34 33 49 33 33 33 33 3b 33 72 16
77.87516832351685   : 68 10 ef 68 04 0f 39 23 34 33 5a 61 33 33 33 33 97 33 ff ff 33 27 16
77.91715908050537   : 68 10 ef 68 84 01 34 88 16
77.95896863937378   : 68 31 ce 68 02 02 60 42 75 16
77.99058103561401   : 68 31 ce 68 82 0f 35 4c 33 33 33 34 97 33 33 33 4c 4c 4c 4c 4c 5a 16
78.06304001808167   : 68 20 df 68 02 02 38 3b 46 16
78.09447813034058   : 68 20 df 68 82 0c 63 59 6f 34 33 49 33 33 33 33 3b 33 72 16
78.17861437797546   : 68 10 ef 68 04 0f 39 23 34 33 5a 61 33 33 33 33 97 33 ff ff 33 27 16
78.22062921524048   : 68 10 ef 68 84 01 34 88 16
78.27268648147583   : 68 70 8f 68 02 02 53 39 5f 16
78.3678514957428    : 68 20 df 68 02 02 38 3b 46 16
78.3996171951294    : 68 20 df 68 82 0c 63 59 6f 34 33 49 33 33 33 33 3b 33 72 16
78.48352599143982   : 68 10 ef 68 04 0f 39 23 34 33 5a 61 33 33 33 33 97 33 ff ff 33 27 16
78.52493357658386   : 68 10 ef 68 84 01 34 88 16
78.57731127738953   : 68 31 ce 68 02 02 60 42 75 16
78.59916067123413   : 68 31 ce 68 82 0f 35 4c 33 33 33 35 97 33 33 33 4c 4c 4c 4c 4c 5b 16
78.67293524742126   : 68 20 df 68 02 02 38 3b 46 16
78.70479440689087   : 68 20 df 68 82 0c 63 59 6f 34 33 49 33 33 33 33 3b 33 72 16
78.78919196128845   : 68 10 ef 68 04 0f 39 23 34 33 5a 61 33 33 33 33 97 33 ff ff 33 27 16
78.82112956047058   : 68 10 ef 68 84 01 34 88 16
78.8732738494873    : 68 70 8f 68 02 02 53 39 5f 16
78.97611856460571   : 68 20 df 68 02 02 38 3b 46 16
79.00770449638367   : 68 20 df 68 82 0c 63 59 6f 34 33 49 33 33 33 33 3b 33 72 16
79.09159636497498   : 68 10 ef 68 04 0f 39 23 34 33 5a 61 33 33 33 33 97 33 ff ff 33 27 16
79.12289094924927   : 68 10 ef 68 84 01 34 88 16
79.18479990959167   : 68 31 ce 68 02 02 60 42 75 16
79.21635675430298   : 68 31 ce 68 82 0f 35 4c 33 33 33 35 97 33 33 33 4c 4c 4c 4c 4c 5b 16
79.2897469997406    : 68 20 df 68 02 02 38 3b 46 16
79.31078553199768   : 68 20 df 68 82 0c 63 59 6f 34 33 49 33 33 33 33 3b 33 72 16
79.40583515167236   : 68 10 ef 68 04 0f 39 23 34 33 5a 61 33 33 33 33 97 33 ff ff 33 27 16
79.42693543434143   : 68 10 ef 68 84 01 34 88 16
79.49056339263916   : 68 70 8f 68 02 02 53 39 5f 16
79.59467935562134   : 68 20 df 68 02 02 38 3b 46 16
79.61610770225525   : 68 20 df 68 82 0c 63 59 6f 34 33 49 33 33 33 33 3b 33 72 16
79.71033263206482   : 68 10 ef 68 04 0f 39 23 34 33 5a 61 33 33 33 33 97 33 ff ff 33 27 16
79.73187303543091   : 68 10 ef 68 84 01 34 88 16
79.79485249519348   : 68 31 ce 68 02 02 60 42 75 16
79.82645297050476   : 68 31 ce 68 82 0f 35 4c 33 33 33 34 97 33 33 33 4c 4c 4c 4c 4c 5a 16
79.88986897468567   : 68 20 df 68 02 02 38 3b 46 16
79.92144227027893   : 68 20 df 68 82 0c 63 59 6f 34 33 49 33 33 33 33 3b 33 72 16
80.01440620422363   : 68 10 ef 68 04 0f 39 23 34 33 5a 61 33 33 33 33 97 33 ff ff 33 27 16
80.05574369430542   : 68 10 ef 68 84 01 34 88 16
80.09802484512329   : 68 70 8f 68 02 02 53 39 5f 16
80.20244789123535   : 68 20 df 68 02 02 38 3b 46 16
80.22322344779968   : 68 20 df 68 82 0c 63 59 6f 34 33 49 33 33 33 33 3b 33 72 16
80.31628108024597   : 68 10 ef 68 04 0f 39 23 34 33 5a 61 33 33 33 33 97 33 ff ff 33 27 16
80.35850477218628   : 68 10 ef 68 84 01 34 88 16
80.40081095695496   : 68 31 ce 68 02 02 60 42 75 16
80.43281531333923   : 68 31 ce 68 82 0f 35 4c 33 33 33 34 97 33 33 33 4c 4c 4c 4c 4c 5a 16
80.506174325943     : 68 20 df 68 02 02 38 3b 46 16
80.52724695205688   : 68 20 df 68 82 0c 63 59 6f 34 33 49 33 33 33 33 3b 33 72 16
80.62017679214478   : 68 10 ef 68 04 0f 39 23 34 33 5a 61 33 33 33 33 97 33 ff ff 33 27 16
80.65201234817505   : 68 10 ef 68 84 01 34 88 16
80.70454740524292   : 68 70 8f 68 02 02 53 39 5f 16
80.81002426147461   : 68 20 df 68 02 02 38 3b 46 16
80.83137893676758   : 68 20 df 68 82 0c 63 59 6f 34 33 49 33 33 33 33 3b 33 72 16
80.92619681358337   : 68 10 ef 68 04 0f 39 23 34 33 5a 61 33 33 33 33 97 33 ff ff 33 27 16
80.95784044265747   : 68 10 ef 68 84 01 34 88 16
81.01060366630554   : 68 31 ce 68 02 02 60 42 75 16
81.04191899299622   : 68 31 ce 68 82 0f 35 4c 33 33 33 34 97 33 33 33 4c 4c 4c 4c 4c 5a 16
81.11465835571289   : 68 20 df 68 02 02 38 3b 46 16
81.13546538352966   : 68 20 df 68 82 0c 63 59 6f 34 33 49 33 33 33 33 3b 33 72 16
81.22979593276978   : 68 10 ef 68 04 0f 39 23 34 33 5a 61 33 33 33 33 97 33 ff ff 33 27 16
81.25118613243103   : 68 10 ef 68 84 01 34 88 16
81.31342625617981   : 68 70 8f 68 02 02 53 39 5f 16
81.4185163974762    : 68 20 df 68 02 02 38 3b 46 16
81.43959498405457   : 68 20 df 68 82 0c 63 59 6f 34 33 49 33 33 33 33 3b 33 72 16
81.53390622138977   : 68 10 ef 68 04 0f 39 23 34 33 5a 61 33 33 33 33 97 33 ff ff 33 27 16
81.57543420791626   : 68 10 ef 68 84 01 34 88 16
81.62692356109619   : 68 31 ce 68 02 02 60 42 75 16
81.64847183227539   : 68 31 ce 68 82 0f 35 4c 33 33 33 34 97 33 33 33 4c 4c 4c 4c 4c 5a 16
81.72216653823853   : 68 20 df 68 02 02 38 3b 46 16
81.75396370887756   : 68 20 df 68 82 0c 63 59 6f 34 33 49 33 33 33 33 3b 33 72 16
81.83758735656738   : 68 10 ef 68 04 0f 39 23 34 33 5a 61 33 33 33 33 97 33 ff ff 33 27 16
81.87963795661926   : 68 10 ef 68 84 01 34 88 16
81.93189764022827   : 68 70 8f 68 02 02 53 39 5f 16
82.0262942314148    : 68 20 df 68 02 02 38 3b 46 16
82.0583963394165    : 68 20 df 68 82 0c 63 59 6f 34 33 49 33 33 33 33 3b 33 72 16
82.14157700538635   : 68 10 ef 68 04 0f 39 23 34 33 5a 61 33 33 33 33 97 33 ff ff 33 27 16
82.18308806419373   : 68 10 ef 68 84 01 34 88 16
82.23569917678833   : 68 31 ce 68 02 02 60 42 75 16
82.26729440689087   : 68 31 ce 68 82 0f 35 4c 33 33 33 34 97 33 33 33 4c 4c 4c 4c 4c 5a 16
82.33051180839539   : 68 20 df 68 02 02 38 3b 46 16
82.36155462265015   : 68 20 df 68 82 0c 63 59 6f 34 33 49 33 33 33 33 3b 33 72 16
82.45519828796387   : 68 10 ef 68 04 0f 39 23 34 33 5a 61 33 33 33 33 97 33 ff ff 33 27 16
82.48680353164673   : 68 10 ef 68 84 01 34 88 16
82.53914999961853   : 68 70 8f 68 02 02 53 39 5f 16
82.64459204673767   : 68 20 df 68 02 02 38 3b 46 16
82.66593790054321   : 68 20 df 68 82 0c 63 59 6f 34 33 49 33 33 33 33 3b 33 72 16
82.76032829284668   : 68 10 ef 68 04 0f 39 23 34 33 5a 61 33 33 33 33 97 33 ff ff 33 27 16
82.78175854682922   : 68 10 ef 68 84 01 34 88 16
82.84493088722229   : 68 31 ce 68 02 02 60 42 75 16
82.87622594833374   : 68 31 ce 68 82 0f 35 4c 33 33 33 34 97 33 33 33 4c 4c 4c 4c 4c 5a 16
82.94037675857544   : 68 20 df 68 02 02 38 3b 46 16
82.97202897071838   : 68 20 df 68 82 0c 63 59 6f 34 33 49 33 33 33 33 3b 33 72 16
83.06660795211792   : 68 10 ef 68 04 0f 39 23 34 33 5a 61 33 33 33 33 97 33 ff ff 33 27 16
83.08772778511047   : 68 10 ef 68 84 01 34 88 16
83.15107917785645   : 68 70 8f 68 02 02 53 39 5f 16
83.2543044090271    : 68 20 df 68 02 02 38 3b 46 16
83.27553820610046   : 68 20 df 68 82 0c 63 59 6f 34 33 49 33 33 33 33 3b 33 72 16
83.3702564239502    : 68 10 ef 68 04 0f 39 23 34 33 5a 61 33 33 33 33 97 33 ff ff 33 27 16
83.39131355285645   : 68 10 ef 68 84 01 34 88 16
83.45451879501343   : 68 31 ce 68 02 02 60 42 75 16
83.48587203025818   : 68 31 ce 68 82 0f 35 4c 33 33 33 34 97 33 33 33 4c 4c 4c 4c 4c 5a 16
83.5586142539978    : 68 20 df 68 02 02 38 3b 46 16
83.57951188087463   : 68 20 df 68 82 0c 63 59 6f 34 33 49 33 33 33 33 3b 33 72 16
83.67397141456604   : 68 10 ef 68 04 0f 39 23 34 33 5a 61 33 33 33 33 97 33 ff ff 33 27 16
83.7163474559784    : 68 10 ef 68 84 01 34 88 16
83.75816059112549   : 68 70 8f 68 02 02 53 39 5f 16
83.86370158195496   : 68 20 df 68 02 02 38 3b 46 16
83.88482475280762   : 68 20 df 68 82 0c 63 59 6f 34 33 49 33 33 33 33 3b 33 72 16
83.9792914390564    : 68 10 ef 68 04 0f 39 23 34 33 5a 61 33 33 33 33 97 33 ff ff 33 27 16
84.01091504096985   : 68 10 ef 68 84 01 34 88 16
84.0637788772583    : 68 31 ce 68 02 02 60 42 75 16
84.09541249275208   : 68 31 ce 68 82 0f 35 4c 33 33 33 34 97 33 33 33 4c 4c 4c 4c 4c 5a 16
84.16899681091309   : 68 20 df 68 02 02 38 3b 46 16
84.19007158279419   : 68 20 df 68 82 0c 63 59 6f 34 33 49 33 33 33 33 3b 33 72 16
84.28405499458313   : 68 10 ef 68 04 0f 39 23 34 33 5a 61 33 33 33 33 97 33 ff ff 33 27 16
84.3153018951416    : 68 10 ef 68 84 01 34 88 16
84.3680670261383    : 68 70 8f 68 02 02 53 39 5f 16
84.47348618507385   : 68 20 df 68 02 02 38 3b 46 16
84.49484539031982   : 68 20 df 68 82 0c 63 59 6f 34 33 49 33 33 33 33 3b 33 72 16
84.58797717094421   : 68 10 ef 68 04 0f 39 23 34 33 5a 61 33 33 33 33 97 33 ff ff 33 27 16
84.61903619766235   : 68 10 ef 68 84 01 34 88 16
84.67128491401672   : 68 31 ce 68 02 02 60 42 75 16
84.70318698883057   : 68 31 ce 68 82 0f 35 4c 33 33 33 35 97 33 33 33 4c 4c 4c 4c 4c 5b 16
84.7759997844696    : 68 20 df 68 02 02 38 3b 46 16
84.79725885391235   : 68 20 df 68 82 0c 63 59 6f 34 33 49 33 33 33 33 3b 33 72 16
84.8912742137909    : 68 10 ef 68 04 0f 39 23 34 33 5a 61 33 33 33 33 97 33 ff ff 33 27 16
84.91265869140625   : 68 10 ef 68 84 01 34 88 16
84.97587871551514   : 68 70 8f 68 02 02 53 39 5f 16
85.08131909370422   : 68 20 df 68 02 02 38 3b 46 16
85.10245490074158   : 68 20 df 68 82 0c 63 59 6f 34 33 49 33 33 33 33 3b 33 72 16
85.1971685886383    : 68 10 ef 68 04 0f 39 23 34 33 5a 61 33 33 33 33 97 33 ff ff 33 27 16
85.23898911476135   : 68 10 ef 68 84 01 34 88 16
85.28146266937256   : 68 31 ce 68 02 02 60 42 75 16
85.31274676322937   : 68 31 ce 68 82 0f 35 4c 33 33 33 34 97 33 33 33 4c 4c 4c 4c 4c 5a 16
85.38555240631104   : 68 20 df 68 02 02 38 3b 46 16
85.40624952316284   : 68 20 df 68 82 0c 63 59 6f 34 33 49 33 33 33 33 3b 33 72 16
85.49978017807007   : 68 10 ef 68 04 0f 39 23 34 33 5a 61 33 33 33 33 97 33 ff ff 33 27 16
85.54177403450012   : 68 10 ef 68 84 01 34 88 16
85.59358263015747   : 68 70 8f 68 02 02 53 39 5f 16
85.68598985671997   : 68 20 df 68 02 02 38 3b 46 16
85.71760177612305   : 68 20 df 68 82 0c 63 59 6f 34 33 49 33 33 33 33 3b 33 72 16
85.81251358985901   : 68 10 ef 68 04 0f 39 23 34 33 5a 61 33 33 33 33 97 33 ff ff 33 27 16
85.84421610832214   : 68 10 ef 68 84 01 34 88 16
85.8970456123352    : 68 31 ce 68 02 02 60 42 75 16
85.92869353294373   : 68 31 ce 68 82 0f 35 4c 33 33 33 35 97 33 33 33 4c 4c 4c 4c 4c 5b 16
85.99060463905334   : 68 20 df 68 02 02 38 3b 46 16
86.02176785469055   : 68 20 df 68 82 0c 63 59 6f 34 33 49 33 33 33 33 3b 33 72 16
86.11538457870483   : 68 10 ef 68 04 0f 39 23 34 33 5a 61 33 33 33 33 97 33 ff ff 33 27 16
86.14701914787292   : 68 10 ef 68 84 01 34 88 16
86.19938611984253   : 68 70 8f 68 02 02 53 39 5f 16
86.30461573600769   : 68 20 df 68 02 02 38 3b 46 16
86.32541346549988   : 68 20 df 68 82 0c 63 59 6f 34 33 49 33 33 33 33 3b 33 72 16
86.42004632949829   : 68 10 ef 68 04 0f 39 23 34 33 5a 61 33 33 33 33 97 33 ff ff 33 27 16
86.44083142280579   : 68 10 ef 68 84 01 34 88 16
86.50329566001892   : 68 31 ce 68 02 02 60 42 75 16
86.5348436832428    : 68 31 ce 68 82 0f 35 4c 33 33 33 34 97 33 33 33 4c 4c 4c 4c 4c 5a 16
86.60734057426453   : 68 20 df 68 02 02 38 3b 46 16
86.62815761566162   : 68 20 df 68 82 0c 63 59 6f 34 33 49 33 33 33 33 3b 33 72 16
86.72072505950928   : 68 10 ef 68 04 0f 39 23 34 33 5a 61 33 33 33 33 97 33 ff ff 33 27 16
86.75180196762085   : 68 10 ef 68 84 01 34 88 16
86.81439971923828   : 68 70 8f 68 02 02 53 39 5f 16
86.90914416313171   : 68 20 df 68 02 02 38 3b 46 16
86.94119262695312   : 68 20 df 68 82 0c 63 59 6f 34 33 49 33 33 33 33 3b 33 72 16
87.02514362335205   : 68 10 ef 68 04 0f 39 23 34 33 5a 61 33 33 33 33 97 33 ff ff 33 27 16
87.04638242721558   : 68 10 ef 68 84 01 34 88 16
87.11977672576904   : 68 31 ce 68 02 02 60 42 75 16
87.14086556434631   : 68 31 ce 68 82 0f 35 4c 33 33 33 34 97 33 33 33 4c 4c 4c 4c 4c 5a 16
87.21445274353027   : 68 20 df 68 02 02 38 3b 46 16
87.23572564125061   : 68 20 df 68 82 0c 63 59 6f 34 33 49 33 33 33 33 3b 33 72 16
87.3302538394928    : 68 10 ef 68 04 0f 39 23 34 33 5a 61 33 33 33 33 97 33 ff ff 33 27 16
87.37209844589233   : 68 10 ef 68 84 01 34 88 16
87.41448855400085   : 68 70 8f 68 02 02 53 39 5f 16
87.51864671707153   : 68 20 df 68 02 02 38 3b 46 16
87.55007314682007   : 68 20 df 68 82 0c 63 59 6f 34 33 49 33 33 33 33 3b 33 72 16
87.64257001876831   : 68 10 ef 68 04 0f 39 23 34 33 5a 61 33 33 33 33 97 33 ff ff 33 27 16
87.6734516620636    : 68 10 ef 68 84 01 34 88 16
87.7260365486145    : 68 31 ce 68 02 02 60 42 75 16
87.75706148147583   : 68 31 ce 68 82 0f 35 4c 33 33 33 35 97 33 33 33 4c 4c 4c 4c 4c 5b 16
87.82973194122314   : 68 20 df 68 02 02 38 3b 46 16
87.85083246231079   : 68 20 df 68 82 0c 63 59 6f 34 33 49 33 33 33 33 3b 33 72 16
87.9455578327179    : 68 10 ef 68 04 0f 39 23 34 33 5a 61 33 33 33 33 97 33 ff ff 33 27 16
87.97716426849365   : 68 10 ef 68 84 01 34 88 16
88.03018879890442   : 68 70 8f 68 02 02 53 39 5f 16
88.13598537445068   : 68 20 df 68 02 02 38 3b 46 16
88.1571638584137    : 68 20 df 68 82 0c 63 59 6f 34 33 49 33 33 33 33 3b 33 72 16
88.25181341171265   : 68 10 ef 68 04 0f 39 23 34 33 5a 61 33 33 33 33 97 33 ff ff 33 27 16
88.27289891242981   : 68 10 ef 68 84 01 34 88 16
88.33588075637817   : 68 31 ce 68 02 02 60 42 75 16
88.36762046813965   : 68 31 ce 68 82 0f 35 4c 33 33 33 34 97 33 33 33 4c 4c 4c 4c 4c 5a 16
88.44119262695312   : 68 20 df 68 02 02 38 3b 46 16
88.46255230903625   : 68 20 df 68 82 0c 63 59 6f 34 33 49 33 33 33 33 3b 33 72 16
88.55620789527893   : 68 10 ef 68 04 0f 39 23 34 33 5a 61 33 33 33 33 97 33 ff ff 33 27 16
88.57728433609009   : 68 10 ef 68 84 01 34 88 16
88.6395092010498    : 68 70 8f 68 02 02 53 39 5f 16
88.74491691589355   : 68 20 df 68 02 02 38 3b 46 16
88.76604509353638   : 68 20 df 68 82 0c 63 59 6f 34 33 49 33 33 33 33 3b 33 72 16
88.85954141616821   : 68 10 ef 68 04 0f 39 23 34 33 5a 61 33 33 33 33 97 33 ff ff 33 27 16
88.9009940624237    : 68 10 ef 68 84 01 34 88 16
88.94323682785034   : 68 31 ce 68 02 02 60 42 75 16
88.97480940818787   : 68 31 ce 68 82 0f 35 4c 33 33 33 34 97 33 33 33 4c 4c 4c 4c 4c 5a 16
89.0484082698822    : 68 20 df 68 02 02 38 3b 46 16
89.06947541236877   : 68 20 df 68 82 0c 63 59 6f 34 33 49 33 33 33 33 3b 33 72 16
89.16411209106445   : 68 10 ef 68 04 0f 39 23 34 33 5a 61 33 33 33 33 97 33 ff ff 33 27 16
89.20617890357971   : 68 10 ef 68 84 01 34 88 16
89.24809050559998   : 68 70 8f 68 02 02 53 39 5f 16
89.35342574119568   : 68 20 df 68 02 02 38 3b 46 16
89.374520778656     : 68 20 df 68 82 0c 63 59 6f 34 33 49 33 33 33 33 3b 33 72 16
89.46939444541931   : 68 10 ef 68 04 0f 39 23 34 33 5a 61 33 33 33 33 97 33 ff ff 33 27 16
89.50104355812073   : 68 10 ef 68 84 01 34 88 16
89.55354857444763   : 68 31 ce 68 02 02 60 42 75 16
89.58497977256775   : 68 31 ce 68 82 0f 35 4c 33 33 33 35 97 33 33 33 4c 4c 4c 4c 4c 5b 16
89.65763831138611   : 68 20 df 68 02 02 38 3b 46 16
89.67886447906494   : 68 20 df 68 82 0c 63 59 6f 34 33 49 33 33 33 33 3b 33 72 16
89.7725920677185    : 68 10 ef 68 04 0f 39 23 34 33 5a 61 33 33 33 33 97 33 ff ff 33 27 16
89.8042402267456    : 68 10 ef 68 84 01 34 88 16
89.8571286201477    : 68 70 8f 68 02 02 53 39 5f 16
89.96114110946655   : 68 20 df 68 02 02 38 3b 46 16
89.9824550151825    : 68 20 df 68 82 0c 63 59 6f 34 33 49 33 33 33 33 3b 33 72 16
90.0768346786499    : 68 10 ef 68 04 0f 39 23 34 33 5a 61 33 33 33 33 97 33 ff ff 33 27 16
90.10869836807251   : 68 10 ef 68 84 01 34 88 16
90.1613359451294    : 68 31 ce 68 02 02 60 42 75 16
90.19282174110413   : 68 31 ce 68 82 0f 35 4c 33 33 33 34 97 33 33 33 4c 4c 4c 4c 4c 5a 16
90.26706862449646   : 68 20 df 68 02 02 38 3b 46 16
90.28818535804749   : 68 20 df 68 82 0c 63 59 6f 34 33 49 33 33 33 33 3b 33 72 16
90.38293170928955   : 68 10 ef 68 04 0f 39 23 34 33 5a 61 33 33 33 33 97 33 ff ff 33 27 16
90.40408039093018   : 68 10 ef 68 84 01 34 88 16
90.46708655357361   : 68 70 8f 68 02 02 53 39 5f 16
90.57213997840881   : 68 20 df 68 02 02 38 3b 46 16
90.59329462051392   : 68 20 df 68 82 0c 63 59 6f 34 33 49 33 33 33 33 33 33 6a 16
90.68593978881836   : 68 10 ef 68 04 0f 35 23 34 33 5a 61 33 33 33 33 97 33 ff ff 33 23 16
90.7067277431488    : 68 10 ef 68 84 01 34 88 16
90.77938723564148   : 68 31 ce 68 02 02 60 42 75 16
90.80024456977844   : 68 31 ce 68 82 0f 35 4c 33 33 33 34 97 33 33 33 4c 4c 4c 4c 4c 5a 16
90.87357950210571   : 68 20 df 68 02 02 38 3b 46 16
90.9052882194519    : 68 20 df 68 82 0c 63 59 6f 34 33 49 33 33 33 33 33 33 6a 16
90.9880383014679    : 68 10 ef 68 04 0f 35 23 34 33 5a 61 33 33 33 33 97 33 ff ff 33 23 16
91.0403962135315    : 68 10 ef 68 84 01 34 88 16
91.08256435394287   : 68 70 8f 68 02 02 53 39 5f 16
91.17749547958374   : 68 20 df 68 02 02 38 3b 46 16
91.20880198478699   : 68 20 df 68 82 0c 63 59 6f 34 33 49 33 33 33 33 33 33 6a 16
91.29339718818665   : 68 10 ef 68 04 0f 35 23 34 33 5a 61 33 33 33 33 97 33 ff ff 33 23 16
91.3357355594635    : 68 10 ef 68 84 01 34 88 16
91.38806104660034   : 68 31 ce 68 02 02 60 42 75 16
91.40906691551208   : 68 31 ce 68 82 0f 35 4c 33 33 33 34 97 33 33 33 4c 4c 4c 4c 4c 5a 16
91.48309636116028   : 68 20 df 68 02 02 38 3b 46 16
91.51477289199829   : 68 20 df 68 82 0c 63 59 6f 34 33 49 33 33 33 33 33 33 6a 16
91.59840750694275   : 68 10 ef 68 04 0f 35 23 34 33 5a 61 33 33 33 33 97 33 ff ff 33 23 16
91.63991355895996   : 68 10 ef 68 84 01 34 88 16
91.69166254997253   : 68 70 8f 68 02 02 53 39 5f 16
91.7956874370575    : 68 20 df 68 02 02 38 3b 46 16
91.81670451164246   : 68 20 df 68 82 0c 63 59 6f 34 33 49 33 33 33 33 33 33 6a 16
91.91121649742126   : 68 10 ef 68 04 0f 35 23 34 33 5a 61 33 33 33 33 97 33 ff ff 33 23 16
91.93274021148682   : 68 10 ef 68 84 01 34 88 16
91.99623227119446   : 68 31 ce 68 02 02 60 42 75 16
92.02724409103394   : 68 31 ce 68 82 0f 35 4c 33 33 33 34 97 33 33 33 4c 4c 4c 4c 4c 5a 16
92.09994888305664   : 68 20 df 68 02 02 38 3b 46 16
92.12074732780457   : 68 20 df 68 82 0c 63 59 6f 34 33 49 33 33 33 33 33 33 6a 16
92.21521472930908   : 68 10 ef 68 04 0f 35 23 34 33 5a 61 33 33 33 33 97 33 ff ff 33 23 16
92.23628187179565   : 68 10 ef 68 84 01 34 88 16
92.29909777641296   : 68 70 8f 68 02 02 53 39 5f 16
92.40318608283997   : 68 20 df 68 02 02 38 3b 46 16
92.42399406433105   : 68 20 df 68 82 0c 63 59 6f 34 33 49 33 33 33 33 33 33 6a 16
92.518221616745     : 68 10 ef 68 04 0f 35 23 34 33 5a 61 33 33 33 33 97 33 ff ff 33 23 16
92.56050992012024   : 68 10 ef 68 84 01 34 88 16
92.60265135765076   : 68 31 ce 68 02 02 60 42 75 16
92.63398551940918   : 68 31 ce 68 82 0f 35 4c 33 33 33 35 97 33 33 33 4c 4c 4c 4c 4c 5b 16
92.70615911483765   : 68 20 df 68 02 02 38 3b 46 16
92.73695397377014   : 68 20 df 68 82 0c 63 59 6f 34 33 49 33 33 33 33 33 33 6a 16
92.8207061290741    : 68 10 ef 68 04 0f 35 23 34 33 5a 61 33 33 33 33 97 33 ff ff 33 23 16
92.86225152015686   : 68 10 ef 68 84 01 34 88 16
92.91419339179993   : 68 70 8f 68 02 02 53 39 5f 16
93.00831818580627   : 68 20 df 68 02 02 38 3b 46 16
93.0401918888092    : 68 20 df 68 82 0c 63 59 6f 34 33 49 33 33 33 33 33 33 6a 16
93.12369227409363   : 68 10 ef 68 04 0f 35 23 34 33 5a 61 33 33 33 33 97 33 ff ff 33 23 16
93.16521310806274   : 68 10 ef 68 84 01 34 88 16
93.21807646751404   : 68 31 ce 68 02 02 60 42 75 16
93.24968028068542   : 68 31 ce 68 82 0f 35 4c 33 33 33 34 97 33 33 33 4c 4c 4c 4c 4c 5a 16
93.31219220161438   : 68 20 df 68 02 02 38 3b 46 16
93.3436963558197    : 68 20 df 68 82 0c 63 59 6f 34 33 49 33 33 33 33 33 33 6a 16
93.43816804885864   : 68 10 ef 68 04 0f 35 23 34 33 5a 61 33 33 33 33 97 33 ff ff 33 23 16
93.46975803375244   : 68 10 ef 68 84 01 34 88 16
93.5224061012268    : 68 70 8f 68 02 02 53 39 5f 16
93.61700081825256   : 68 20 df 68 02 02 38 3b 46 16
93.64835166931152   : 68 20 df 68 82 0c 63 59 6f 34 33 49 33 33 33 33 3b 33 72 16
93.74097442626953   : 68 10 ef 68 04 0f 39 23 34 33 5a 61 33 33 33 33 97 33 ff ff 33 27 16
93.76223158836365   : 68 10 ef 68 84 01 34 88 16
93.82490062713623   : 68 31 ce 68 02 02 60 42 75 16
93.85652351379395   : 68 31 ce 68 82 0f 35 4c 33 33 33 34 97 33 33 33 4c 4c 4c 4c 4c 5a 16
93.92928457260132   : 68 20 df 68 02 02 38 3b 46 16
93.9499933719635    : 68 20 df 68 82 0c 63 59 6f 34 33 49 33 33 33 33 3b 33 72 16
94.04411745071411   : 68 10 ef 68 04 0f 39 23 34 33 5a 61 33 33 33 33 97 33 ff ff 33 27 16
94.06524109840393   : 68 10 ef 68 84 01 34 88 16
94.12785148620605   : 68 70 8f 68 02 02 53 39 5f 16
94.23241090774536   : 68 20 df 68 02 02 38 3b 46 16
94.25326704978943   : 68 20 df 68 82 0c 63 59 6f 34 33 49 33 33 33 33 3b 33 72 16
94.34792113304138   : 68 10 ef 68 04 0f 39 23 34 33 5a 61 33 33 33 33 97 33 ff ff 33 27 16
94.36899709701538   : 68 10 ef 68 84 01 34 88 16
94.43214511871338   : 68 31 ce 68 02 02 60 42 75 16
94.46341848373413   : 68 31 ce 68 82 0f 35 4c 33 33 33 34 97 33 33 33 4c 4c 4c 4c 4c 5a 16
94.53768968582153   : 68 20 df 68 02 02 38 3b 46 16
94.5584671497345    : 68 20 df 68 82 0c 63 59 6f 34 33 49 33 33 33 33 3b 33 72 16
94.65336656570435   : 68 10 ef 68 04 0f 39 23 34 33 5a 61 33 33 33 33 97 33 ff ff 33 27 16
94.69491958618164   : 68 10 ef 68 84 01 34 88 16
94.73686790466309   : 68 70 8f 68 02 02 53 39 5f 16
94.84164357185364   : 68 20 df 68 02 02 38 3b 46 16
94.86271691322327   : 68 20 df 68 82 0c 63 59 6f 34 33 49 33 33 33 33 3b 33 72 16
94.95750141143799   : 68 10 ef 68 04 0f 39 23 34 33 5a 61 33 33 33 33 97 33 ff ff 33 27 16
94.99874901771545   : 68 10 ef 68 84 01 34 88 16
95.05047035217285   : 68 31 ce 68 02 02 60 42 75 16
95.07160210609436   : 68 31 ce 68 82 0f 35 4c 33 33 33 34 97 33 33 33 4c 4c 4c 4c 4c 5a 16
95.14544034004211   : 68 20 df 68 02 02 38 3b 46 16
95.17700147628784   : 68 20 df 68 82 0c 63 59 6f 34 33 49 33 33 33 33 3b 33 72 16
95.25975751876831   : 68 10 ef 68 04 0f 39 23 34 33 5a 61 33 33 33 33 97 33 ff ff 33 27 16
95.3010847568512    : 68 10 ef 68 84 01 34 88 16
95.35349011421204   : 68 70 8f 68 02 02 53 39 5f 16
95.44841527938843   : 68 20 df 68 02 02 38 3b 46 16
95.48054790496826   : 68 20 df 68 82 0c 63 59 6f 34 33 49 33 33 33 33 3b 33 72 16
95.56428647041321   : 68 10 ef 68 04 0f 39 23 34 33 5a 61 33 33 33 33 97 33 ff ff 33 27 16
95.59567093849182   : 68 10 ef 68 84 01 34 88 16
95.65876317024231   : 68 31 ce 68 02 02 60 42 75 16
95.67977261543274   : 68 31 ce 68 82 0f 35 4c 33 33 33 34 97 33 33 33 4c 4c 4c 4c 4c 5a 16
95.76192426681519   : 68 20 df 68 02 02 38 3b 46 16
95.78335690498352   : 68 20 df 68 82 0c 63 59 6f 34 33 49 33 33 33 33 3b 33 72 16
95.87822437286377   : 68 10 ef 68 04 0f 39 23 34 33 5a 61 33 33 33 33 97 33 ff ff 33 27 16
95.8995201587677    : 68 10 ef 68 84 01 34 88 16
95.96263337135315   : 68 70 8f 68 02 02 53 39 5f 16
96.06638836860657   : 68 20 df 68 02 02 38 3b 46 16
96.0874719619751    : 68 20 df 68 82 0c 63 59 6f 34 33 49 33 33 33 33 3b 33 72 16
96.18105792999268   : 68 10 ef 68 04 0f 39 23 34 33 5a 61 33 33 33 33 97 33 ff ff 33 27 16
96.22291612625122   : 68 10 ef 68 84 01 34 88 16
96.26520442962646   : 68 31 ce 68 02 02 60 42 75 16
96.29626774787903   : 68 31 ce 68 82 0f 35 4c 33 33 33 34 97 33 33 33 4c 4c 4c 4c 4c 5a 16
96.36959028244019   : 68 20 df 68 02 02 38 3b 46 16
96.39081573486328   : 68 20 df 68 82 0c 63 59 6f 34 33 49 33 33 33 33 3b 33 72 16
96.48505473136902   : 68 10 ef 68 04 0f 39 23 34 33 5a 61 33 33 33 33 97 33 ff ff 33 27 16
96.52716422080994   : 68 10 ef 68 84 01 34 88 16
96.56920528411865   : 68 70 8f 68 02 02 53 39 5f 16
96.67387771606445   : 68 20 df 68 02 02 38 3b 46 16
96.69473075866699   : 68 20 df 68 82 0c 63 59 6f 34 33 49 33 33 33 33 33 33 6a 16
96.78870701789856   : 68 10 ef 68 04 0f 35 23 34 33 5a 61 33 33 33 33 97 33 ff ff 33 23 16
96.820565700531     : 68 10 ef 68 84 01 34 88 16
96.87336754798889   : 68 31 ce 68 02 02 60 42 75 16
96.90496587753296   : 68 31 ce 68 82 0f 35 4c 33 33 33 34 97 33 33 33 4c 4c 4c 4c 4c 5a 16
96.9788339138031    : 68 20 df 68 02 02 38 3b 46 16
96.9999213218689    : 68 20 df 68 82 0c 63 59 6f 34 33 49 33 33 33 33 33 33 6a 16
97.09448194503784   : 68 10 ef 68 04 0f 35 23 34 33 5a 61 33 33 33 33 97 33 ff ff 33 23 16
97.12583184242249   : 68 10 ef 68 84 01 34 88 16
97.17817234992981   : 68 70 8f 68 02 02 53 39 5f 16
97.28339099884033   : 68 20 df 68 02 02 38 3b 46 16
97.30421137809753   : 68 20 df 68 82 0c 63 59 6f 34 33 49 33 33 33 33 33 33 6a 16
97.39870882034302   : 68 10 ef 68 04 0f 35 23 34 33 5a 61 33 33 33 33 97 33 ff ff 33 23 16
97.43028998374939   : 68 10 ef 68 84 01 34 88 16
97.48296880722046   : 68 31 ce 68 02 02 60 42 75 16
97.51485633850098   : 68 31 ce 68 82 0f 35 4c 33 33 33 34 97 33 33 33 4c 4c 4c 4c 4c 5a 16
97.58843874931335   : 68 20 df 68 02 02 38 3b 46 16
97.60968351364136   : 68 20 df 68 82 0c 63 59 6f 34 33 49 33 33 33 33 33 33 6a 16
97.70359230041504   : 68 10 ef 68 04 0f 35 23 34 33 5a 61 33 33 33 33 97 33 ff ff 33 23 16
97.72476100921631   : 68 10 ef 68 84 01 34 88 16
97.78773736953735   : 68 70 8f 68 02 02 53 39 5f 16
97.89275741577148   : 68 20 df 68 02 02 38 3b 46 16
97.913578748703     : 68 20 df 68 82 0c 63 59 6f 34 33 49 33 33 33 33 33 33 6a 16
98.00765347480774   : 68 10 ef 68 04 0f 35 23 34 33 5a 61 33 33 33 33 97 33 ff ff 33 23 16
98.02884769439697   : 68 10 ef 68 84 01 34 88 16
98.09160113334656   : 68 31 ce 68 02 02 60 42 75 16
98.1226007938385    : 68 31 ce 68 82 0f 35 4c 33 33 33 35 97 33 33 33 4c 4c 4c 4c 4c 5b 16
98.19458651542664   : 68 20 df 68 02 02 38 3b 46 16
98.2256453037262    : 68 20 df 68 82 0c 63 59 6f 34 33 49 33 33 33 33 33 33 6a 16
98.31773948669434   : 68 10 ef 68 04 0f 35 23 34 33 5a 61 33 33 33 33 97 33 ff ff 33 23 16
98.35894203186035   : 68 10 ef 68 84 01 34 88 16
98.40137982368469   : 68 70 8f 68 02 02 53 39 5f 16
98.50553798675537   : 68 20 df 68 02 02 38 3b 46 16
98.5269181728363    : 68 20 df 68 82 0c 63 59 6f 34 33 49 33 33 33 33 33 33 6a 16
98.62160444259644   : 68 10 ef 68 04 0f 35 23 34 33 5a 61 33 33 33 33 97 33 ff ff 33 23 16
98.65339779853821   : 68 10 ef 68 84 01 34 88 16
98.70522451400757   : 68 31 ce 68 02 02 60 42 75 16
98.73689460754395   : 68 31 ce 68 82 0f 35 4c 33 33 33 34 97 33 33 33 4c 4c 4c 4c 4c 5a 16
98.80869460105896   : 68 20 df 68 02 02 38 3b 46 16
98.82981157302856   : 68 20 df 68 82 0c 63 59 6f 34 33 49 33 33 33 33 33 33 6a 16
98.92418003082275   : 68 10 ef 68 04 0f 35 23 34 33 5a 61 33 33 33 33 97 33 ff ff 33 23 16
98.9560284614563    : 68 10 ef 68 84 01 34 88 16
99.00838994979858   : 68 70 8f 68 02 02 53 39 5f 16
99.11399459838867   : 68 20 df 68 02 02 38 3b 46 16
99.13482666015625   : 68 20 df 68 82 0c 63 59 6f 34 33 49 33 33 33 33 33 33 6a 16
99.23017406463623   : 68 10 ef 68 04 0f 35 23 34 33 5a 61 33 33 33 33 97 33 ff ff 33 23 16
99.26138305664062   : 68 10 ef 68 84 01 34 88 16
99.31267809867859   : 68 31 ce 68 02 02 60 42 75 16
99.34376502037048   : 68 31 ce 68 82 0f 35 4c 33 33 33 34 97 33 33 33 4c 4c 4c 4c 4c 5a 16
99.41772699356079   : 68 20 df 68 02 02 38 3b 46 16
99.43902277946472   : 68 20 df 68 82 0c 63 59 6f 34 33 49 33 33 33 33 3b 33 72 16
99.53321266174316   : 68 10 ef 68 04 0f 39 23 34 33 5a 61 33 33 33 33 97 33 ff ff 33 27 16
99.55399537086487   : 68 10 ef 68 84 01 34 88 16
99.61769700050354   : 68 70 8f 68 02 02 53 39 5f 16
99.72165846824646   : 68 20 df 68 02 02 38 3b 46 16
99.74246788024902   : 68 20 df 68 82 0c 63 59 6f 34 33 49 33 33 33 33 3b 33 72 16
99.83485078811646   : 68 10 ef 68 04 0f 39 23 34 33 5a 61 33 33 33 33 97 33 ff ff 33 27 16
99.88716006278992   : 68 10 ef 68 84 01 34 88 16
99.92925930023193   : 68 31 ce 68 02 02 60 42 75 16
99.96093797683716   : 68 31 ce 68 82 0f 35 4c 33 33 33 34 97 33 33 33 4c 4c 4c 4c 4c 5a 16
100.02354407310486  : 68 20 df 68 02 02 38 3b 46 16
100.05516290664673  : 68 20 df 68 82 0c 63 59 6f 34 33 49 33 33 33 33 3b 33 72 16
100.13933610916138  : 68 10 ef 68 04 0f 39 23 34 33 5a 61 33 33 33 33 97 33 ff ff 33 27 16
100.18146753311157  : 68 10 ef 68 84 01 34 88 16
100.2344491481781   : 68 70 8f 68 02 02 53 39 5f 16
100.32793283462524  : 68 20 df 68 02 02 38 3b 46 16
100.35890984535217  : 68 20 df 68 82 0c 63 59 6f 34 33 49 33 33 33 33 3b 33 72 16
100.45349431037903  : 68 10 ef 68 04 0f 39 23 34 33 5a 61 33 33 33 33 97 33 ff ff 33 27 16
100.48506665229797  : 68 10 ef 68 84 01 34 88 16
100.53741598129272  : 68 31 ce 68 02 02 60 42 75 16
100.56896233558655  : 68 31 ce 68 82 0f 35 4c 33 33 33 34 97 33 33 33 4c 4c 4c 4c 4c 5a 16
100.64181137084961  : 68 20 df 68 02 02 38 3b 46 16
100.66323399543762  : 68 20 df 68 82 0c 63 59 6f 34 33 49 33 33 33 33 3b 33 72 16
100.75711226463318  : 68 10 ef 68 04 0f 39 23 34 33 5a 61 33 33 33 33 97 33 ff ff 33 27 16
100.78832817077637  : 68 10 ef 68 84 01 34 88 16
100.84093570709229  : 68 70 8f 68 02 02 53 39 5f 16
100.94661784172058  : 68 20 df 68 02 02 38 3b 46 16
100.96776294708252  : 68 20 df 68 82 0c 63 59 6f 34 33 49 33 33 33 33 3b 33 72 16
101.06219244003296  : 68 10 ef 68 04 0f 39 23 34 33 5a 61 33 33 33 33 97 33 ff ff 33 27 16
101.09332036972046  : 68 10 ef 68 84 01 34 88 16
101.14528751373291  : 68 31 ce 68 02 02 60 42 75 16
101.17627286911011  : 68 31 ce 68 82 0f 35 4c 33 33 33 34 97 33 33 33 4c 4c 4c 4c 4c 5a 16
101.24980854988098  : 68 20 df 68 02 02 38 3b 46 16
101.27095699310303  : 68 20 df 68 82 0c 63 59 6f 34 33 49 33 33 33 33 3b 33 72 16
101.36597180366516  : 68 10 ef 68 04 0f 39 23 34 33 5a 61 33 33 33 33 97 33 ff ff 33 27 16
101.38676643371582  : 68 10 ef 68 84 01 34 88 16
101.44888925552368  : 68 70 8f 68 02 02 53 39 5f 16
101.55463576316833  : 68 20 df 68 02 02 38 3b 46 16
101.576096534729    : 68 20 df 68 82 0c 63 59 6f 34 33 49 33 33 33 33 3b 33 72 16
101.66949653625488  : 68 10 ef 68 04 0f 39 23 34 33 5a 61 33 33 33 33 97 33 ff ff 33 27 16
101.69037890434265  : 68 10 ef 68 84 01 34 88 16
101.75206518173218  : 68 31 ce 68 02 02 60 42 75 16
101.78296065330505  : 68 31 ce 68 82 0f 35 4c 33 33 33 34 97 33 33 33 4c 4c 4c 4c 4c 5a 16
101.85632395744324  : 68 20 df 68 02 02 38 3b 46 16
101.88791036605835  : 68 20 df 68 82 0c 63 59 6f 34 33 49 33 33 33 33 3b 33 72 16
101.97231101989746  : 68 10 ef 68 04 0f 39 23 34 33 5a 61 33 33 33 33 97 33 ff ff 33 27 16
102.0144271850586   : 68 10 ef 68 84 01 34 88 16
102.05675864219666  : 68 70 8f 68 02 02 53 39 5f 16
102.16106367111206  : 68 20 df 68 02 02 38 3b 46 16
102.19266176223755  : 68 20 df 68 82 0c 63 59 6f 34 33 49 33 33 33 33 3b 33 72 16
102.27654767036438  : 68 10 ef 68 04 0f 39 23 34 33 5a 61 33 33 33 33 97 33 ff ff 33 27 16
102.31865048408508  : 68 10 ef 68 84 01 34 88 16
102.37121081352234  : 68 31 ce 68 02 02 60 42 75 16
102.39234948158264  : 68 31 ce 68 82 0f 35 4c 33 33 33 34 97 33 33 33 4c 4c 4c 4c 4c 5a 16
102.46536779403687  : 68 20 df 68 02 02 38 3b 46 16
102.49654865264893  : 68 20 df 68 82 0c 63 59 6f 34 33 49 33 33 33 33 3b 33 72 16
102.58010721206665  : 68 10 ef 68 04 0f 39 23 34 33 5a 61 33 33 33 33 97 33 ff ff 33 27 16
102.62211680412292  : 68 10 ef 68 84 01 34 88 16
102.67479133605957  : 68 70 8f 68 02 02 53 39 5f 16
102.76826620101929  : 68 20 df 68 02 02 38 3b 46 16
102.799889087677    : 68 20 df 68 82 0c 63 59 6f 34 33 49 33 33 33 33 3b 33 72 16
102.89437007904053  : 68 10 ef 68 04 0f 39 23 34 33 5a 61 33 33 33 33 97 33 ff ff 33 27 16
102.9152090549469   : 68 10 ef 68 84 01 34 88 16
102.97800970077515  : 68 31 ce 68 02 02 60 42 75 16
103.00964093208313  : 68 31 ce 68 82 0f 35 4c 33 33 33 34 97 33 33 33 4c 4c 4c 4c 4c 5a 16
103.08331847190857  : 68 20 df 68 02 02 38 3b 46 16
103.10441374778748  : 68 20 df 68 82 0c 63 59 6f 34 33 49 33 33 33 33 3b 33 72 16
103.19903922080994  : 68 10 ef 68 04 0f 39 23 34 33 5a 61 33 33 33 33 97 33 ff ff 33 27 16
103.22016429901123  : 68 10 ef 68 84 01 34 88 16
103.28349542617798  : 68 70 8f 68 02 02 53 39 5f 16
103.37831473350525  : 68 20 df 68 02 02 38 3b 46 16
103.40989446640015  : 68 20 df 68 82 0c 63 59 6f 34 33 49 33 33 33 33 3b 33 72 16
103.50453019142151  : 68 10 ef 68 04 0f 39 23 34 33 5a 61 33 33 33 33 97 33 ff ff 33 27 16
103.51515698432922  : 68 10 ef 68 84 01 34 88 16
103.58773589134216  : 68 31 ce 68 02 02 60 42 75 16
103.61926126480103  : 68 31 ce 68 82 0f 35 4c 33 33 33 34 97 33 33 33 4c 4c 4c 4c 4c 5a 16
103.69304084777832  : 68 20 df 68 02 02 38 3b 46 16
103.71414113044739  : 68 20 df 68 82 0c 63 59 6f 34 33 49 33 33 33 33 3b 33 72 16
103.80631136894226  : 68 10 ef 68 04 0f 39 23 34 33 5a 61 33 33 33 33 97 33 ff ff 33 27 16
103.84762263298035  : 68 10 ef 68 84 01 34 88 16
103.88987708091736  : 68 70 8f 68 02 02 53 39 5f 16
103.99464440345764  : 68 20 df 68 02 02 38 3b 46 16
104.01570296287537  : 68 20 df 68 82 0c 63 59 6f 34 33 49 33 33 33 33 3b 33 72 16
104.11015343666077  : 68 10 ef 68 04 0f 39 23 34 33 5a 61 33 33 33 33 97 33 ff ff 33 27 16
104.14164447784424  : 68 10 ef 68 84 01 34 88 16
104.1942389011383   : 68 31 ce 68 02 02 60 42 75 16
104.22579383850098  : 68 31 ce 68 82 0f 35 4c 33 33 33 35 97 33 33 33 4c 4c 4c 4c 4c 5b 16
104.29948687553406  : 68 20 df 68 02 02 38 3b 46 16
104.3206353187561   : 68 20 df 68 82 0c 63 59 6f 34 33 49 33 33 33 33 3b 33 72 16
104.41530203819275  : 68 10 ef 68 04 0f 39 23 34 33 5a 61 33 33 33 33 97 33 ff ff 33 27 16
104.44687366485596  : 68 10 ef 68 84 01 34 88 16
104.49948692321777  : 68 70 8f 68 02 02 53 39 5f 16
104.60364270210266  : 68 20 df 68 02 02 38 3b 46 16
104.6245744228363   : 68 20 df 68 82 0c 63 59 6f 34 33 49 33 33 33 33 3b 33 72 16
104.718008518219    : 68 10 ef 68 04 0f 39 23 34 33 5a 61 33 33 33 33 97 33 ff ff 33 27 16
104.74905586242676  : 68 10 ef 68 84 01 34 88 16
104.81182932853699  : 68 31 ce 68 02 02 60 42 75 16
104.83274459838867  : 68 31 ce 68 82 0f 35 4c 33 33 33 34 97 33 33 33 4c 4c 4c 4c 4c 5a 16
104.90531945228577  : 68 20 df 68 02 02 38 3b 46 16
104.93688178062439  : 68 20 df 68 82 0c 63 59 6f 34 33 49 33 33 33 33 3b 33 72 16
105.02103471755981  : 68 10 ef 68 04 0f 39 23 34 33 5a 61 33 33 33 33 97 33 ff ff 33 27 16
105.0524034500122   : 68 10 ef 68 84 01 34 88 16
105.11580681800842  : 68 70 8f 68 02 02 53 39 5f 16
105.21057534217834  : 68 20 df 68 02 02 38 3b 46 16
105.24218654632568  : 68 20 df 68 82 0c 63 59 6f 34 33 49 33 33 33 33 3b 33 72 16
105.32640194892883  : 68 10 ef 68 04 0f 39 23 34 33 5a 61 33 33 33 33 97 33 ff ff 33 27 16
105.34736108779907  : 68 10 ef 68 84 01 34 88 16
105.42099452018738  : 68 31 ce 68 02 02 60 42 75 16
105.44211840629578  : 68 31 ce 68 82 0f 35 4c 33 33 33 34 97 33 33 33 4c 4c 4c 4c 4c 5a 16
105.51546812057495  : 68 20 df 68 02 02 38 3b 46 16
105.5470974445343   : 68 20 df 68 82 0c 63 59 6f 34 33 49 33 33 33 33 3b 33 72 16
105.63140535354614  : 68 10 ef 68 04 0f 39 23 34 33 5a 61 33 33 33 33 97 33 ff ff 33 27 16
105.68321967124939  : 68 10 ef 68 84 01 34 88 16
105.72484636306763  : 68 70 8f 68 02 02 53 39 5f 16
105.82927203178406  : 68 20 df 68 02 02 38 3b 46 16
105.85033702850342  : 68 20 df 68 82 0c 63 59 6f 34 33 49 33 33 33 33 3b 33 72 16
105.94406938552856  : 68 10 ef 68 04 0f 39 23 34 33 5a 61 33 33 33 33 97 33 ff ff 33 27 16
105.975661277771    : 68 10 ef 68 84 01 34 88 16
106.02798366546631  : 68 31 ce 68 02 02 60 42 75 16
106.05957579612732  : 68 31 ce 68 82 0f 35 4c 33 33 33 34 97 33 33 33 4c 4c 4c 4c 4c 5a 16
106.13324117660522  : 68 20 df 68 02 02 38 3b 46 16
106.15435552597046  : 68 20 df 68 82 0c 63 59 6f 34 33 49 33 33 33 33 3b 33 72 16
106.24901247024536  : 68 10 ef 68 04 0f 39 23 34 33 5a 61 33 33 33 33 97 33 ff ff 33 27 16
106.28064131736755  : 68 10 ef 68 84 01 34 88 16
106.33325839042664  : 68 70 8f 68 02 02 53 39 5f 16
106.43821048736572  : 68 20 df 68 02 02 38 3b 46 16
106.45956707000732  : 68 20 df 68 82 0c 63 59 6f 35 33 49 33 33 33 33 3b 33 73 16
106.55395174026489  : 68 10 ef 68 04 0f 39 23 35 33 5a 61 33 33 33 33 97 33 ff ff 33 28 16
106.57507681846619  : 68 10 ef 68 84 01 34 88 16
106.6380386352539   : 68 31 ce 68 02 02 60 42 75 16
106.66978716850281  : 68 31 ce 68 82 0f 35 4c 33 33 33 34 97 33 33 33 4c 4c 4c 4c 4c 5a 16
106.74292206764221  : 68 20 df 68 02 02 38 3b 46 16
106.76371645927429  : 68 20 df 68 82 0c 63 59 6f 35 33 49 33 33 33 33 3b 33 73 16
106.8572678565979   : 68 10 ef 68 04 0f 39 23 35 33 5a 61 33 33 33 33 97 33 ff ff 33 28 16
106.87862205505371  : 68 10 ef 68 84 01 34 88 16
106.94163966178894  : 68 70 8f 68 02 02 53 39 5f 16
107.04551672935486  : 68 20 df 68 02 02 38 3b 46 16
107.06663346290588  : 68 20 df 68 82 0c 63 59 6f 35 33 49 33 33 33 33 3b 33 73 16
107.16137027740479  : 68 10 ef 68 04 0f 39 23 35 33 5a 61 33 33 33 33 97 33 ff ff 33 28 16
107.20324611663818  : 68 10 ef 68 84 01 34 88 16
107.24534583091736  : 68 31 ce 68 02 02 60 42 75 16
107.27694344520569  : 68 31 ce 68 82 0f 35 4c 33 33 33 35 97 33 33 33 4c 4c 4c 4c 4c 5b 16
107.35028529167175  : 68 20 df 68 02 02 38 3b 46 16
107.37134742736816  : 68 20 df 68 82 0c 63 59 6f 35 33 49 33 33 33 33 3b 33 73 16
107.4659492969513   : 68 10 ef 68 04 0f 39 23 35 33 5a 61 33 33 33 33 97 33 ff ff 33 28 16
107.50823068618774  : 68 10 ef 68 84 01 34 88 16
107.55003309249878  : 68 70 8f 68 02 02 53 39 5f 16
107.65465569496155  : 68 20 df 68 02 02 38 3b 46 16
107.67574453353882  : 68 20 df 68 82 0c 63 59 6f 35 33 49 33 33 33 33 3b 33 73 16
107.76970148086548  : 68 10 ef 68 04 0f b9 23 35 33 5a 61 33 33 33 33 97 33 ff ff 76 eb 16
107.81117486953735  : 68 10 ef 68 84 01 34 88 16
107.85298275947571  : 68 31 ce 68 02 02 60 42 75 16
107.88400626182556  : 68 31 ce 68 82 0f 35 4c 33 33 33 34 97 33 33 33 4c 4c 4c 4c 4c 5a 16
107.95751547813416  : 68 20 df 68 02 02 38 3b 46 16
107.9790256023407   : 68 20 df 68 82 0c 63 59 6f 35 33 49 33 33 33 33 3b 33 73 16
108.07252645492554  : 68 10 ef 68 04 0f b9 23 35 33 5a 61 33 33 33 33 97 33 ff ff 76 eb 16
108.10391569137573  : 68 10 ef 68 84 01 34 88 16
108.16650199890137  : 68 70 8f 68 02 02 53 39 5f 16
108.26107692718506  : 68 20 df 68 02 02 38 3b 46 16
108.29275703430176  : 68 20 df 68 82 0c 63 59 6f 35 33 49 33 33 33 33 3b 33 73 16
108.37699580192566  : 68 10 ef 68 04 0f b9 23 35 33 5a 61 33 33 33 33 97 33 ff ff 76 eb 16
108.40863180160522  : 68 10 ef 68 84 01 34 88 16
108.47172284126282  : 68 31 ce 68 02 02 60 42 75 16
108.4928150177002   : 68 31 ce 68 82 0f 35 4c 33 33 33 34 97 33 33 33 4c 4c 4c 4c 4c 5a 16
108.56651568412781  : 68 20 df 68 02 02 38 3b 46 16
108.5982129573822   : 68 20 df 68 82 0c 63 59 6f 35 33 49 33 33 33 33 3b 33 73 16
108.6821038722992   : 68 10 ef 68 04 0f b9 23 35 33 5a 61 33 33 33 33 97 33 ff ff 76 eb 16
108.71370363235474  : 68 10 ef 68 84 01 34 88 16
108.77657198905945  : 68 70 8f 68 02 02 53 39 5f 16
108.87056970596313  : 68 20 df 68 02 02 38 3b 46 16
108.90196871757507  : 68 20 df 68 82 0c 63 59 6f 35 33 49 33 33 33 33 3b 33 73 16
108.99580717086792  : 68 10 ef 68 04 0f b9 23 35 33 5a 61 33 33 33 33 97 33 ff ff 76 eb 16
109.01691007614136  : 68 10 ef 68 84 01 34 88 16
109.08002877235413  : 68 31 ce 68 02 02 60 42 75 16
109.11132597923279  : 68 31 ce 68 82 0f 35 4c 33 33 33 34 97 33 33 33 4c 4c 4c 4c 4c 5a 16
109.18356919288635  : 68 20 df 68 02 02 38 3b 46 16
109.20446729660034  : 68 20 df 68 82 0c 63 59 6f 35 33 49 33 33 33 33 3b 33 73 16
109.29884099960327  : 68 10 ef 68 04 0f b9 23 35 33 5a 61 33 33 33 33 97 33 ff ff 76 eb 16
109.34086418151855  : 68 10 ef 68 84 01 34 88 16
109.38333368301392  : 68 70 8f 68 02 02 53 39 5f 16
109.4884295463562   : 68 20 df 68 02 02 38 3b 46 16
109.50981736183167  : 68 20 df 68 82 0c 63 59 6f 35 33 49 33 33 33 33 3b 33 73 16
109.60439443588257  : 68 10 ef 68 04 0f b9 23 35 33 5a 61 33 33 33 33 97 33 ff ff 76 eb 16
109.63608145713806  : 68 10 ef 68 84 01 34 88 16
109.6887092590332   : 68 31 ce 68 02 02 60 42 75 16
109.72057342529297  : 68 31 ce 68 82 0f 35 4c 33 33 33 34 97 33 33 33 4c 4c 4c 4c 4c 5a 16
109.79324746131897  : 68 20 df 68 02 02 38 3b 46 16
109.8142957687378   : 68 20 df 68 82 0c 63 59 6f 35 33 49 33 33 33 33 3b 33 73 16
109.90845274925232  : 68 10 ef 68 04 0f b9 23 35 33 5a 61 33 33 33 33 97 33 ff ff 76 eb 16
109.93955993652344  : 68 10 ef 68 84 01 34 88 16
109.99125814437866  : 68 70 8f 68 02 02 53 39 5f 16
110.09561085700989  : 68 20 df 68 02 02 38 3b 46 16
110.11666297912598  : 68 20 df 68 82 0c 63 59 6f 34 33 49 33 33 33 33 3b 33 72 16
110.20939874649048  : 68 10 ef 68 04 0f b9 23 34 33 5a 61 33 33 33 33 97 33 ff ff 76 ea 16
110.24074101448059  : 68 10 ef 68 84 01 34 88 16
110.29369044303894  : 68 31 ce 68 02 02 60 42 75 16
110.3250367641449   : 68 31 ce 68 82 0f 35 4c 33 33 33 34 97 33 33 33 4c 4c 4c 4c 4c 5a 16
110.39882206916809  : 68 20 df 68 02 02 38 3b 46 16
110.41989922523499  : 68 20 df 68 82 0c 63 59 6f 34 33 49 33 33 33 33 3b 33 72 16
110.51460647583008  : 68 10 ef 68 04 0f b9 23 34 33 5a 61 33 33 33 33 97 33 ff ff 76 ea 16
110.53575110435486  : 68 10 ef 68 84 01 34 88 16
110.59937953948975  : 68 70 8f 68 02 02 53 39 5f 16
110.70424914360046  : 68 20 df 68 02 02 38 3b 46 16
110.7256646156311   : 68 20 df 68 82 0c 63 59 6f 34 33 49 33 33 33 33 3b 33 72 16
110.81862473487854  : 68 10 ef 68 04 0f b9 23 34 33 5a 61 33 33 33 33 97 33 ff ff 76 ea 16
110.86003875732422  : 68 10 ef 68 84 01 34 88 16
110.91290855407715  : 68 31 ce 68 02 02 60 42 75 16
110.93371081352234  : 68 31 ce 68 82 0f 35 4c 33 33 33 34 97 33 33 33 4c 4c 4c 4c 4c 5a 16
111.00689649581909  : 68 20 df 68 02 02 38 3b 46 16
111.03821229934692  : 68 20 df 68 82 0c 63 59 6f 34 33 49 33 33 33 33 3b 33 72 16
111.13115382194519  : 68 10 ef 68 04 0f 39 23 34 33 5a 61 33 33 33 33 97 33 ff ff 33 27 16
111.16279244422913  : 68 10 ef 68 84 01 34 88 16
111.21538376808167  : 68 70 8f 68 02 02 53 39 5f 16
111.31886386871338  : 68 20 df 68 02 02 38 3b 46 16
111.34000587463379  : 68 20 df 68 82 0c 63 59 6f 34 33 49 33 33 33 33 3b 33 72 16
111.43495678901672  : 68 10 ef 68 04 0f 39 23 34 33 5a 61 33 33 33 33 97 33 ff ff 33 27 16
111.46649980545044  : 68 10 ef 68 84 01 34 88 16
111.51914381980896  : 68 31 ce 68 02 02 60 42 75 16
111.55087089538574  : 68 31 ce 68 82 0f 35 4c 33 33 33 34 97 33 33 33 4c 4c 4c 4c 4c 5a 16
111.62456130981445  : 68 20 df 68 02 02 38 3b 46 16
111.64575552940369  : 68 20 df 68 82 0c 63 59 6f 34 33 49 33 33 33 33 3b 33 72 16
111.74052429199219  : 68 10 ef 68 04 0f 39 23 34 33 5a 61 33 33 33 33 97 33 ff ff 33 27 16
111.77219128608704  : 68 10 ef 68 84 01 34 88 16
111.8234794139862   : 68 70 8f 68 02 02 53 39 5f 16
111.9282956123352   : 68 20 df 68 02 02 38 3b 46 16
111.94935178756714  : 68 20 df 68 82 0c 63 59 6f 34 33 49 33 33 33 33 3b 33 72 16
112.044278383255    : 68 10 ef 68 04 0f 39 23 34 33 5a 61 33 33 33 33 97 33 ff ff 33 27 16
112.06513619422913  : 68 10 ef 68 84 01 34 88 16
112.1268527507782   : 68 31 ce 68 02 02 60 42 75 16
112.15825772285461  : 68 31 ce 68 82 0f 35 4c 33 33 33 35 97 33 33 33 4c 4c 4c 4c 4c 5b 16
112.23198986053467  : 68 20 df 68 02 02 38 3b 46 16
112.25307393074036  : 68 20 df 68 82 0c 63 59 6f 34 33 49 33 33 33 33 3b 33 72 16
112.34668040275574  : 68 10 ef 68 04 0f 39 23 34 33 5a 61 33 33 33 33 97 33 ff ff 33 27 16
112.3676986694336   : 68 10 ef 68 84 01 34 88 16
112.42964386940002  : 68 70 8f 68 02 02 53 39 5f 16
112.53497266769409  : 68 20 df 68 02 02 38 3b 46 16
112.55577731132507  : 68 20 df 68 82 0c 63 59 6f 34 33 49 33 33 33 33 3b 33 72 16
112.65095162391663  : 68 10 ef 68 04 0f 39 23 34 33 5a 61 33 33 33 33 97 33 ff ff 33 27 16
112.67205381393433  : 68 10 ef 68 84 01 34 88 16
112.7352864742279   : 68 31 ce 68 02 02 60 42 75 16
112.76691818237305  : 68 31 ce 68 82 0f 35 4c 33 33 33 34 97 33 33 33 4c 4c 4c 4c 4c 5a 16
112.83904838562012  : 68 20 df 68 02 02 38 3b 46 16
112.87024641036987  : 68 20 df 68 82 0c 63 59 6f 34 33 49 33 33 33 33 3b 33 72 16
112.9540684223175   : 68 10 ef 68 04 0f 39 23 34 33 5a 61 33 33 33 33 97 33 ff ff 33 27 16
112.99616122245789  : 68 10 ef 68 84 01 34 88 16
113.03830027580261  : 68 70 8f 68 02 02 53 39 5f 16
113.14280962944031  : 68 20 df 68 02 02 38 3b 46 16
113.17387366294861  : 68 20 df 68 82 0c 63 59 6f 34 33 49 33 33 33 33 3b 33 72 16
113.25680589675903  : 68 10 ef 68 04 0f 39 23 34 33 5a 61 33 33 33 33 97 33 ff ff 33 27 16
113.29932355880737  : 68 10 ef 68 84 01 34 88 16
113.35174345970154  : 68 31 ce 68 02 02 60 42 75 16
113.38331818580627  : 68 31 ce 68 82 0f 35 4c 33 33 33 34 97 33 33 33 4c 4c 4c 4c 4c 5a 16
113.4449896812439   : 68 20 df 68 02 02 38 3b 46 16
113.47704267501831  : 68 20 df 68 82 0c 63 59 6f 34 33 49 33 33 33 33 3b 33 72 16
113.561603307724    : 68 10 ef 68 04 0f 39 23 34 33 5a 61 33 33 33 33 97 33 ff ff 33 27 16
113.60372018814087  : 68 10 ef 68 84 01 34 88 16
113.65634775161743  : 68 70 8f 68 02 02 53 39 5f 16
113.75123906135559  : 68 20 df 68 02 02 38 3b 46 16
113.78281354904175  : 68 20 df 68 82 0c 63 59 6f 35 33 49 33 33 33 33 3b 33 73 16
113.87523627281189  : 68 10 ef 68 04 0f 39 23 35 33 5a 61 33 33 33 33 97 33 ff ff 33 28 16
113.89646816253662  : 68 10 ef 68 84 01 34 88 16
113.95957708358765  : 68 31 ce 68 02 02 60 42 75 16
113.9913694858551   : 68 31 ce 68 82 0f 35 4c 33 33 33 34 97 33 33 33 4c 4c 4c 4c 4c 5a 16
114.0649824142456   : 68 20 df 68 02 02 38 3b 46 16
114.08611297607422  : 68 20 df 68 82 0c 63 59 6f 35 33 49 33 33 33 33 3b 33 73 16
114.18061566352844  : 68 10 ef 68 04 0f 39 23 35 33 5a 61 33 33 33 33 97 33 ff ff 33 28 16
114.20181512832642  : 68 10 ef 68 84 01 34 88 16
114.26352643966675  : 68 70 8f 68 02 02 53 39 5f 16
114.36794137954712  : 68 20 df 68 02 02 38 3b 46 16
114.38871884346008  : 68 20 df 68 82 0c 63 59 6f 35 33 49 33 33 33 33 3b 33 73 16
114.4825086593628   : 68 10 ef 68 04 0f 39 23 35 33 5a 61 33 33 33 33 97 33 ff ff 33 28 16
114.52378940582275  : 68 10 ef 68 84 01 34 88 16
114.56601405143738  : 68 31 ce 68 02 02 60 42 75 16
114.59757804870605  : 68 31 ce 68 82 0f 35 4c 33 33 33 34 97 33 33 33 4c 4c 4c 4c 4c 5a 16
114.67084908485413  : 68 20 df 68 02 02 38 3b 46 16
114.6920440196991   : 68 20 df 68 82 0c 63 59 6f 35 33 49 33 33 33 33 3b 33 73 16
114.78614807128906  : 68 10 ef 68 04 0f 39 23 35 33 5a 61 33 33 33 33 97 33 ff ff 33 28 16
114.82780385017395  : 68 10 ef 68 84 01 34 88 16
114.86950922012329  : 68 70 8f 68 02 02 53 39 5f 16
114.97436785697937  : 68 20 df 68 02 02 38 3b 46 16
114.99669051170349  : 68 20 df 68 82 0c 63 59 6f 35 33 49 33 33 33 33 3b 33 73 16
115.09081554412842  : 68 10 ef 68 04 0f 39 23 35 33 5a 61 33 33 33 33 97 33 ff ff 33 28 16
115.12276768684387  : 68 10 ef 68 84 01 34 88 16
115.17514681816101  : 68 31 ce 68 02 02 60 42 75 16
115.20683646202087  : 68 31 ce 68 82 0f 35 4c 33 33 33 34 97 33 33 33 4c 4c 4c 4c 4c 5a 16
115.27999353408813  : 68 20 df 68 02 02 38 3b 46 16
115.30079936981201  : 68 20 df 68 82 0c 63 59 6f 35 33 49 33 33 33 33 3b 33 73 16
115.3947606086731   : 68 10 ef 68 04 0f 39 23 35 33 5a 61 33 33 33 33 97 33 ff ff 33 28 16
115.42608904838562  : 68 10 ef 68 84 01 34 88 16
115.47884130477905  : 68 70 8f 68 02 02 53 39 5f 16
115.58202409744263  : 68 20 df 68 02 02 38 3b 46 16
115.6134238243103   : 68 20 df 68 82 0c 63 59 6f 35 33 49 33 33 33 33 3b 33 73 16
115.69715738296509  : 68 10 ef 68 04 0f 39 23 35 33 5a 61 33 33 33 33 97 33 ff ff 33 28 16
115.72876405715942  : 68 10 ef 68 84 01 34 88 16
115.79190707206726  : 68 31 ce 68 02 02 60 42 75 16
115.81300354003906  : 68 31 ce 68 82 0f 35 4c 33 33 33 34 97 33 33 33 4c 4c 4c 4c 4c 5a 16
115.88568210601807  : 68 20 df 68 02 02 38 3b 46 16
115.91768789291382  : 68 20 df 68 82 0c 63 59 6f 35 33 49 33 33 33 33 3b 33 73 16
116.01211476325989  : 68 10 ef 68 04 0f 39 23 35 33 5a 61 33 33 33 33 97 33 ff ff 33 28 16
116.0334804058075   : 68 10 ef 68 84 01 34 88 16
116.09669756889343  : 68 70 8f 68 02 02 53 39 5f 16
116.1998872756958   : 68 20 df 68 02 02 38 3b 46 16
116.22068738937378  : 68 20 df 68 82 0c 63 59 6f 35 33 49 33 33 33 33 3b 33 73 16
116.31470084190369  : 68 10 ef 68 04 0f 39 23 35 33 5a 61 33 33 33 33 97 33 ff ff 33 28 16
116.33581757545471  : 68 10 ef 68 84 01 34 88 16
116.39832854270935  : 68 31 ce 68 02 02 60 42 75 16
116.42997002601624  : 68 31 ce 68 82 0f 35 4c 33 33 33 34 97 33 33 33 4c 4c 4c 4c 4c 5a 16
116.50385880470276  : 68 20 df 68 02 02 38 3b 46 16
116.52523970603943  : 68 20 df 68 82 0c 63 59 6f 35 33 49 33 33 33 33 3b 33 73 16
116.61853790283203  : 68 10 ef 68 04 0f 39 23 35 33 5a 61 33 33 33 33 97 33 ff ff 33 28 16
116.66030430793762  : 68 10 ef 68 84 01 34 88 16
116.70215201377869  : 68 70 8f 68 02 02 53 39 5f 16
116.80742168426514  : 68 20 df 68 02 02 38 3b 46 16
116.82814311981201  : 68 20 df 68 82 0c 63 59 6f 35 33 49 33 33 33 33 3b 33 73 16
116.92065596580505  : 68 10 ef 68 04 0f 39 23 35 33 5a 61 33 33 33 33 97 33 ff ff 33 28 16
116.96186423301697  : 68 10 ef 68 84 01 34 88 16
117.00369596481323  : 68 31 ce 68 02 02 60 42 75 16
117.03533220291138  : 68 31 ce 68 82 0f 35 4c 33 33 33 34 97 33 33 33 4c 4c 4c 4c 4c 5a 16
117.10917973518372  : 68 20 df 68 02 02 38 3b 46 16
117.13048887252808  : 68 20 df 68 82 0c 63 59 6f 34 33 49 33 33 33 33 3b 33 72 16
117.22488069534302  : 68 10 ef 68 04 0f 39 23 34 33 5a 61 33 33 33 33 97 33 ff ff 33 27 16
117.25644183158875  : 68 10 ef 68 84 01 34 88 16
117.30913925170898  : 68 70 8f 68 02 02 53 39 5f 16
117.41370725631714  : 68 20 df 68 02 02 38 3b 46 16
117.44471597671509  : 68 20 df 68 82 0c 63 59 6f 34 33 49 33 33 33 33 3b 33 72 16
117.52851152420044  : 68 10 ef 68 04 0f 39 23 34 33 5a 61 33 33 33 33 97 33 ff ff 33 27 16
117.56039357185364  : 68 10 ef 68 84 01 34 88 16
117.6237370967865   : 68 31 ce 68 02 02 60 42 75 16
117.6447982788086   : 68 31 ce 68 82 0f 35 4c 33 33 33 34 97 33 33 33 4c 4c 4c 4c 4c 5a 16
117.71719884872437  : 68 20 df 68 02 02 38 3b 46 16
117.74879622459412  : 68 20 df 68 82 0c 63 59 6f 34 33 49 33 33 33 33 3b 33 72 16
117.8325777053833   : 68 10 ef 68 04 0f 39 23 34 33 5a 61 33 33 33 33 97 33 ff ff 33 27 16
117.86355924606323  : 68 10 ef 68 84 01 34 88 16
117.92619490623474  : 68 70 8f 68 02 02 53 39 5f 16
118.020583152771    : 68 20 df 68 02 02 38 3b 46 16
118.05215501785278  : 68 20 df 68 82 0c 63 59 6f 34 33 49 33 33 33 33 3b 33 72 16
118.14708065986633  : 68 10 ef 68 04 0f 39 23 34 33 5a 61 33 33 33 33 97 33 ff ff 33 27 16
118.1892831325531   : 68 10 ef 68 84 01 34 88 16
118.23175740242004  : 68 31 ce 68 02 02 60 42 75 16
118.26365947723389  : 68 31 ce 68 82 0f 35 4c 33 33 33 34 97 33 33 33 4c 4c 4c 4c 4c 5a 16
118.32684803009033  : 68 20 df 68 02 02 38 3b 46 16
118.35857725143433  : 68 20 df 68 82 0c 63 59 6f 34 33 49 33 33 33 33 3b 33 72 16
118.44269347190857  : 68 10 ef 68 04 0f 39 23 34 33 5a 61 33 33 33 33 97 33 ff ff 33 27 16
118.48427677154541  : 68 10 ef 68 84 01 34 88 16
118.53570199012756  : 68 70 8f 68 02 02 53 39 5f 16
118.64004349708557  : 68 20 df 68 02 02 38 3b 46 16
118.66198420524597  : 68 20 df 68 82 0c 63 59 6f 34 33 49 33 33 33 33 3b 33 72 16
118.75577425956726  : 68 10 ef 68 04 0f 39 23 34 33 5a 61 33 33 33 33 97 33 ff ff 33 27 16
118.7868139743805   : 68 10 ef 68 84 01 34 88 16
118.83966040611267  : 68 31 ce 68 02 02 60 42 75 16
118.87131714820862  : 68 31 ce 68 82 0f 35 4c 33 33 33 34 97 33 33 33 4c 4c 4c 4c 4c 5a 16
118.94304537773132  : 68 20 df 68 02 02 38 3b 46 16
118.96406579017639  : 68 20 df 68 82 0c 63 59 6f 34 33 49 33 33 33 33 3b 33 72 16
119.0589337348938   : 68 10 ef 68 04 0f 39 23 34 33 5a 61 33 33 33 33 97 33 ff ff 33 27 16
119.09056901931763  : 68 10 ef 68 84 01 34 88 16
119.1431257724762   : 68 70 8f 68 02 02 53 39 5f 16
119.24845004081726  : 68 20 df 68 02 02 38 3b 46 16
119.2692482471466   : 68 20 df 68 82 0c 63 59 6f 34 33 49 33 33 33 33 3b 33 72 16
119.3635184764862   : 68 10 ef 68 04 0f 39 23 34 33 5a 61 33 33 33 33 97 33 ff ff 33 27 16
119.39490938186646  : 68 10 ef 68 84 01 34 88 16
119.4476387500763   : 68 31 ce 68 02 02 60 42 75 16
119.4795458316803   : 68 31 ce 68 82 0f 35 4c 33 33 33 35 97 33 33 33 4c 4c 4c 4c 4c 5b 16
119.5525643825531   : 68 20 df 68 02 02 38 3b 46 16
119.57346534729004  : 68 20 df 68 82 0c 63 59 6f 34 33 49 33 33 33 33 3b 33 72 16
119.66759824752808  : 68 10 ef 68 04 0f 39 23 34 33 5a 61 33 33 33 33 97 33 ff ff 33 27 16
119.68864965438843  : 68 10 ef 68 84 01 34 88 16
119.75168657302856  : 68 70 8f 68 02 02 53 39 5f 16
119.85577082633972  : 68 20 df 68 02 02 38 3b 46 16
119.87683987617493  : 68 20 df 68 82 0c 63 59 6f 34 33 49 33 33 33 33 3b 33 72 16
119.96914720535278  : 68 10 ef 68 04 0f 39 23 34 33 5a 61 33 33 33 33 97 33 ff ff 33 27 16
119.98988461494446  : 68 10 ef 68 84 01 34 88 16
120.06320071220398  : 68 31 ce 68 02 02 60 42 75 16
120.08431029319763  : 68 31 ce 68 82 0f 35 4c 33 33 33 34 97 33 33 33 4c 4c 4c 4c 4c 5a 16
120.15794897079468  : 68 20 df 68 02 02 38 3b 46 16
120.18965983390808  : 68 20 df 68 82 0c 63 59 6f 34 33 49 33 33 33 33 3b 33 72 16
120.273996591568    : 68 10 ef 68 04 0f 39 23 34 33 5a 61 33 33 33 33 97 33 ff ff 33 27 16
120.3159065246582   : 68 10 ef 68 84 01 34 88 16
120.36803102493286  : 68 70 8f 68 02 02 53 39 5f 16
120.46286511421204  : 68 20 df 68 02 02 38 3b 46 16
120.49448084831238  : 68 20 df 68 82 0c 63 59 6f 34 33 49 33 33 33 33 3b 33 72 16
120.57815933227539  : 68 10 ef 68 04 0f 39 23 34 33 5a 61 33 33 33 33 97 33 ff ff 33 27 16
120.61961555480957  : 68 10 ef 68 84 01 34 88 16
120.67089343070984  : 68 31 ce 68 02 02 60 42 75 16
120.70215439796448  : 68 31 ce 68 82 0f 35 4c 33 33 33 35 97 33 33 33 4c 4c 4c 4c 4c 5b 16
120.77564764022827  : 68 20 df 68 02 02 38 3b 46 16
120.79674100875854  : 68 20 df 68 82 0c 63 59 6f 34 33 49 33 33 33 33 3b 33 72 16
120.89047741889954  : 68 10 ef 68 04 0f 39 23 34 33 5a 61 33 33 33 33 97 33 ff ff 33 27 16
120.92167901992798  : 68 10 ef 68 84 01 34 88 16
120.97295832633972  : 68 70 8f 68 02 02 53 39 5f 16
121.07803535461426  : 68 20 df 68 02 02 38 3b 46 16
121.09881520271301  : 68 20 df 68 82 0c 63 59 6f 34 33 49 33 33 33 33 3b 33 72 16
121.19348073005676  : 68 10 ef 68 04 0f 39 23 34 33 5a 61 33 33 33 33 97 33 ff ff 33 27 16
121.22533249855042  : 68 10 ef 68 84 01 34 88 16
121.2777841091156   : 68 31 ce 68 02 02 60 42 75 16
121.30930352210999  : 68 31 ce 68 82 0f 35 4c 33 33 33 34 97 33 33 33 4c 4c 4c 4c 4c 5a 16
121.38289761543274  : 68 20 df 68 02 02 38 3b 46 16
121.40403342247009  : 68 20 df 68 82 0c 63 59 6f 34 33 49 33 33 33 33 3b 33 72 16
121.49866795539856  : 68 10 ef 68 04 0f 39 23 34 33 5a 61 33 33 33 33 97 33 ff ff 33 27 16
121.51974511146545  : 68 10 ef 68 84 01 34 88 16
121.58259129524231  : 68 70 8f 68 02 02 53 39 5f 16
121.68732953071594  : 68 20 df 68 02 02 38 3b 46 16
121.70817255973816  : 68 20 df 68 82 0c 63 59 6f 34 33 49 33 33 33 33 3b 33 72 16
121.80178236961365  : 68 10 ef 68 04 0f 39 23 34 33 5a 61 33 33 33 33 97 33 ff ff 33 27 16
121.84401202201843  : 68 10 ef 68 84 01 34 88 16
121.8860731124878   : 68 31 ce 68 02 02 60 42 75 16
121.91731715202332  : 68 31 ce 68 82 0f 35 4c 33 33 33 35 97 33 33 33 4c 4c 4c 4c 4c 5b 16
121.99044156074524  : 68 20 df 68 02 02 38 3b 46 16
122.01145696640015  : 68 20 df 68 82 0c 63 59 6f 34 33 49 33 33 33 33 3b 33 72 16
122.10632920265198  : 68 10 ef 68 04 0f 39 23 34 33 5a 61 33 33 33 33 97 33 ff ff 33 27 16
122.14854788780212  : 68 10 ef 68 84 01 34 88 16
122.19005346298218  : 68 70 8f 68 02 02 53 39 5f 16
122.29531121253967  : 68 20 df 68 02 02 38 3b 46 16
122.31633377075195  : 68 20 df 68 82 0c 63 59 6f 35 33 49 33 33 33 33 3b 33 73 16
122.4107186794281   : 68 10 ef 68 04 0f 39 23 35 33 5a 61 33 33 33 33 97 33 ff ff 33 28 16
122.45277810096741  : 68 10 ef 68 84 01 34 88 16
122.49496698379517  : 68 31 ce 68 02 02 60 42 75 16
122.52685737609863  : 68 31 ce 68 82 0f 35 4c 33 33 33 35 97 33 33 33 4c 4c 4c 4c 4c 5b 16
122.60069417953491  : 68 20 df 68 02 02 38 3b 46 16
122.62189173698425  : 68 20 df 68 82 0c 63 59 6f 35 33 49 33 33 33 33 3b 33 73 16
122.71673679351807  : 68 10 ef 68 04 0f 39 23 35 33 5a 61 33 33 33 33 97 33 ff ff 33 28 16
122.7481050491333   : 68 10 ef 68 84 01 34 88 16
122.81029748916626  : 68 70 8f 68 02 02 53 39 5f 16
122.90402722358704  : 68 20 df 68 02 02 38 3b 46 16
122.93534326553345  : 68 20 df 68 82 0c 63 59 6f 35 33 49 33 33 33 33 3b 33 73 16
123.02778720855713  : 68 10 ef 68 04 0f 39 23 35 33 5a 61 33 33 33 33 97 33 ff ff 33 28 16
123.04890131950378  : 68 10 ef 68 84 01 34 88 16
123.11117935180664  : 68 31 ce 68 02 02 60 42 75 16
123.14280295372009  : 68 31 ce 68 82 0f 35 4c 33 33 33 34 97 33 33 33 4c 4c 4c 4c 4c 5a 16
123.21640992164612  : 68 20 df 68 02 02 38 3b 46 16
123.23750519752502  : 68 20 df 68 82 0c 63 59 6f 35 33 49 33 33 33 33 3b 33 73 16
123.33160090446472  : 68 10 ef 68 04 0f 39 23 35 33 5a 61 33 33 33 33 97 33 ff ff 33 28 16
123.3527626991272   : 68 10 ef 68 84 01 34 88 16
123.41590666770935  : 68 70 8f 68 02 02 53 39 5f 16
123.52067804336548  : 68 20 df 68 02 02 38 3b 46 16
123.54213809967041  : 68 20 df 68 82 0c 63 59 6f 35 33 49 33 33 33 33 3b 33 73 16
123.6362566947937   : 68 10 ef 68 04 0f 39 23 35 33 5a 61 33 33 33 33 97 33 ff ff 33 28 16
123.65763258934021  : 68 10 ef 68 84 01 34 88 16
123.72025918960571  : 68 31 ce 68 02 02 60 42 75 16
123.75191926956177  : 68 31 ce 68 82 0f 35 4c 33 33 33 34 97 33 33 33 4c 4c 4c 4c 4c 5a 16
123.82512354850769  : 68 20 df 68 02 02 38 3b 46 16
123.84594988822937  : 68 20 df 68 82 0c 63 59 6f 35 33 49 33 33 33 33 3b 33 73 16
123.93913888931274  : 68 10 ef 68 04 0f 39 23 35 33 5a 61 33 33 33 33 97 33 ff ff 33 28 16
123.980966091156    : 68 10 ef 68 84 01 34 88 16
124.02244472503662  : 68 70 8f 68 02 02 53 39 5f 16
124.12502217292786  : 68 20 df 68 02 02 38 3b 46 16
124.14648389816284  : 68 20 df 68 82 0c 63 59 6f 35 33 49 33 33 33 33 3b 33 73 16
124.24069285392761  : 68 10 ef 68 04 0f 39 23 35 33 5a 61 33 33 33 33 97 33 ff ff 33 28 16
124.28298997879028  : 68 10 ef 68 84 01 34 88 16
124.32505655288696  : 68 31 ce 68 02 02 60 42 75 16
124.35636591911316  : 68 31 ce 68 82 0f 35 4c 33 33 33 34 97 33 33 33 4c 4c 4c 4c 4c 5a 16
124.43012356758118  : 68 20 df 68 02 02 38 3b 46 16
124.45136189460754  : 68 20 df 68 82 0c 63 59 6f 35 33 49 33 33 33 33 3b 33 73 16
124.54597759246826  : 68 10 ef 68 04 0f 39 23 35 33 5a 61 33 33 33 33 97 33 ff ff 33 28 16
124.57771754264832  : 68 10 ef 68 84 01 34 88 16
124.63024020195007  : 68 70 8f 68 02 02 53 39 5f 16
124.73513627052307  : 68 20 df 68 02 02 38 3b 46 16
124.75667977333069  : 68 20 df 68 82 0c 63 59 6f 35 33 49 33 33 33 33 3b 33 73 16
124.85105633735657  : 68 10 ef 68 04 0f 39 23 35 33 5a 61 33 33 33 33 97 33 ff ff 33 28 16
124.88261890411377  : 68 10 ef 68 84 01 34 88 16
124.9445436000824   : 68 31 ce 68 02 02 60 42 75 16
124.96573281288147  : 68 31 ce 68 82 0f 35 4c 33 33 33 34 97 33 33 33 4c 4c 4c 4c 4c 5a 16
125.03830528259277  : 68 20 df 68 02 02 38 3b 46 16
125.06986451148987  : 68 20 df 68 82 0c 63 59 6f 35 33 49 33 33 33 33 3b 33 73 16
125.15346097946167  : 68 10 ef 68 04 0f 39 23 35 33 5a 61 33 33 33 33 97 33 ff ff 33 28 16
125.18447542190552  : 68 10 ef 68 84 01 34 88 16
125.24713659286499  : 68 70 8f 68 02 02 53 39 5f 16
125.34158945083618  : 68 20 df 68 02 02 38 3b 46 16
125.37325501441956  : 68 20 df 68 82 0c 63 59 6f 34 33 49 33 33 33 33 3b 33 72 16
125.46773266792297  : 68 10 ef 68 04 0f 39 23 34 33 5a 61 33 33 33 33 97 33 ff ff 33 27 16
125.5101637840271   : 68 10 ef 68 84 01 34 88 16
125.55225992202759  : 68 31 ce 68 02 02 60 42 75 16
125.58419275283813  : 68 31 ce 68 82 0f 35 4c 33 33 33 34 97 33 33 33 4c 4c 4c 4c 4c 5a 16
125.64701843261719  : 68 20 df 68 02 02 38 3b 46 16
125.67878651618958  : 68 20 df 68 82 0c 63 59 6f 34 33 49 33 33 33 33 3b 33 72 16
125.77318286895752  : 68 10 ef 68 04 0f 39 23 34 33 5a 61 33 33 33 33 97 33 ff ff 33 27 16
125.80451893806458  : 68 10 ef 68 84 01 34 88 16
125.85729455947876  : 68 70 8f 68 02 02 53 39 5f 16
125.9518039226532   : 68 20 df 68 02 02 38 3b 46 16
125.9828851222992   : 68 20 df 68 82 0c 63 59 6f 34 33 49 33 33 33 33 3b 33 72 16
126.07544016838074  : 68 10 ef 68 04 0f 39 23 34 33 5a 61 33 33 33 33 97 33 ff ff 33 27 16
126.10679459571838  : 68 10 ef 68 84 01 34 88 16
126.15943670272827  : 68 31 ce 68 02 02 60 42 75 16
126.19131064414978  : 68 31 ce 68 82 0f 35 4c 33 33 33 34 97 33 33 33 4c 4c 4c 4c 4c 5a 16
126.26373291015625  : 68 20 df 68 02 02 38 3b 46 16
126.28486037254333  : 68 20 df 68 82 0c 63 59 6f 34 33 49 33 33 33 33 3b 33 72 16
126.37953400611877  : 68 10 ef 68 04 0f 39 23 34 33 5a 61 33 33 33 33 97 33 ff ff 33 27 16
126.41115617752075  : 68 10 ef 68 84 01 34 88 16
126.46404957771301  : 68 70 8f 68 02 02 53 39 5f 16
126.56865119934082  : 68 20 df 68 02 02 38 3b 46 16
126.58971238136292  : 68 20 df 68 82 0c 63 59 6f 34 33 49 33 33 33 33 3b 33 72 16
126.6839029788971   : 68 10 ef 68 04 0f 39 23 34 33 5a 61 33 33 33 33 97 33 ff ff 33 27 16
126.71612668037415  : 68 10 ef 68 84 01 34 88 16
126.7685194015503   : 68 31 ce 68 02 02 60 42 75 16
126.80025577545166  : 68 31 ce 68 82 0f 35 4c 33 33 33 34 97 33 33 33 4c 4c 4c 4c 4c 5a 16
126.87396144866943  : 68 20 df 68 02 02 38 3b 46 16
126.89492869377136  : 68 20 df 68 82 0c 63 59 6f 34 33 49 33 33 33 33 3b 33 72 16
126.98877787590027  : 68 10 ef 68 04 0f 39 23 34 33 5a 61 33 33 33 33 97 33 ff ff 33 27 16
127.01006126403809  : 68 10 ef 68 84 01 34 88 16
127.07256174087524  : 68 70 8f 68 02 02 53 39 5f 16
127.17694568634033  : 68 20 df 68 02 02 38 3b 46 16
127.1980550289154   : 68 20 df 68 82 0c 63 59 6f 34 33 49 33 33 33 33 3b 33 72 16
127.2919659614563   : 68 10 ef 68 04 0f 39 23 34 33 5a 61 33 33 33 33 97 33 ff ff 33 27 16
127.31276416778564  : 68 10 ef 68 84 01 34 88 16
127.3754940032959   : 68 31 ce 68 02 02 60 42 75 16
127.40685772895813  : 68 31 ce 68 82 0f 35 4c 33 33 33 35 97 33 33 33 4c 4c 4c 4c 4c 5b 16
127.48095941543579  : 68 20 df 68 02 02 38 3b 46 16
127.5125744342804   : 68 20 df 68 82 0c 63 59 6f 34 33 49 33 33 33 33 3b 33 72 16
127.59650993347168  : 68 10 ef 68 04 0f 39 23 34 33 5a 61 33 33 33 33 97 33 ff ff 33 27 16
127.638512134552    : 68 10 ef 68 84 01 34 88 16
127.6806149482727   : 68 70 8f 68 02 02 53 39 5f 16
127.78553438186646  : 68 20 df 68 02 02 38 3b 46 16
127.8069007396698   : 68 20 df 68 82 0c 63 59 6f 34 33 49 33 33 33 33 3b 33 72 16
127.90128874778748  : 68 10 ef 68 04 0f 39 23 34 33 5a 61 33 33 33 33 97 33 ff ff 33 27 16
127.94361591339111  : 68 10 ef 68 84 01 34 88 16
127.98565530776978  : 68 31 ce 68 02 02 60 42 75 16
128.01678895950317  : 68 31 ce 68 82 0f 35 4c 33 33 33 34 97 33 33 33 4c 4c 4c 4c 4c 5a 16
128.08853673934937  : 68 20 df 68 02 02 38 3b 46 16
128.1195330619812   : 68 20 df 68 82 0c 63 59 6f 34 33 49 33 33 33 33 3b 33 72 16
128.2138614654541   : 68 10 ef 68 04 0f 39 23 34 33 5a 61 33 33 33 33 97 33 ff ff 33 27 16
128.24567127227783  : 68 10 ef 68 84 01 34 88 16
128.29833340644836  : 68 70 8f 68 02 02 53 39 5f 16
128.40159678459167  : 68 20 df 68 02 02 38 3b 46 16
128.42286610603333  : 68 20 df 68 82 0c 63 59 6f 34 33 49 33 33 33 33 3b 33 72 16
128.51773357391357  : 68 10 ef 68 04 0f 39 23 34 33 5a 61 33 33 33 33 97 33 ff ff 33 27 16
128.5388367176056   : 68 10 ef 68 84 01 34 88 16
128.60156178474426  : 68 31 ce 68 02 02 60 42 75 16
128.63346695899963  : 68 31 ce 68 82 0f 35 4c 33 33 33 34 97 33 33 33 4c 4c 4c 4c 4c 5a 16
128.70743322372437  : 68 20 df 68 02 02 38 3b 46 16
128.72850441932678  : 68 20 df 68 82 0c 63 59 6f 34 33 49 33 33 33 33 3b 33 72 16
128.82302379608154  : 68 10 ef 68 04 0f 39 23 34 33 5a 61 33 33 33 33 97 33 ff ff 33 27 16
128.8441264629364   : 68 10 ef 68 84 01 34 88 16
128.90722703933716  : 68 70 8f 68 02 02 53 39 5f 16
129.01221656799316  : 68 20 df 68 02 02 38 3b 46 16
129.0330846309662   : 68 20 df 68 82 0c 63 59 6f 34 33 49 33 33 33 33 3b 33 72 16
129.12709999084473  : 68 10 ef 68 04 0f 39 23 34 33 5a 61 33 33 33 33 97 33 ff ff 33 27 16
129.1687421798706   : 68 10 ef 68 84 01 34 88 16
129.21017861366272  : 68 31 ce 68 02 02 60 42 75 16
129.24126267433167  : 68 31 ce 68 82 0f 35 4c 33 33 33 34 97 33 33 33 4c 4c 4c 4c 4c 5a 16
129.31496119499207  : 68 20 df 68 02 02 38 3b 46 16
129.33613228797913  : 68 20 df 68 82 0c 63 59 6f 34 33 49 33 33 33 33 3b 33 72 16
129.42977023124695  : 68 10 ef 68 04 0f 39 23 34 33 5a 61 33 33 33 33 97 33 ff ff 33 27 16
129.47123336791992  : 68 10 ef 68 84 01 34 88 16
129.51416087150574  : 68 70 8f 68 02 02 53 39 5f 16
129.6193084716797   : 68 20 df 68 02 02 38 3b 46 16
129.64057683944702  : 68 20 df 68 82 0c 63 59 6f 34 33 49 33 33 33 33 3b 33 72 16
129.7350800037384   : 68 10 ef 68 04 0f 39 23 34 33 5a 61 33 33 33 33 97 33 ff ff 33 27 16
129.76668238639832  : 68 10 ef 68 84 01 34 88 16
129.8196668624878   : 68 31 ce 68 02 02 60 42 75 16
129.85129141807556  : 68 31 ce 68 82 0f 35 4c 33 33 33 35 97 33 33 33 4c 4c 4c 4c 4c 5b 16
129.92509865760803  : 68 20 df 68 02 02 38 3b 46 16
129.94615864753723  : 68 20 df 68 82 0c 63 59 6f 34 33 49 33 33 33 33 3b 33 72 16
130.04007077217102  : 68 10 ef 68 04 0f 39 23 34 33 5a 61 33 33 33 33 97 33 ff ff 33 27 16
130.07116389274597  : 68 10 ef 68 84 01 34 88 16
130.12406373023987  : 68 70 8f 68 02 02 53 39 5f 16
130.22849893569946  : 68 20 df 68 02 02 38 3b 46 16
130.24930620193481  : 68 20 df 68 82 0c 63 59 6f 34 33 49 33 33 33 33 3b 33 72 16
130.34243822097778  : 68 10 ef 68 04 0f 39 23 34 33 5a 61 33 33 33 33 97 33 ff ff 33 27 16
130.37406611442566  : 68 10 ef 68 84 01 34 88 16
130.4269735813141   : 68 31 ce 68 02 02 60 42 75 16
130.45854234695435  : 68 31 ce 68 82 0f 35 4c 33 33 33 34 97 33 33 33 4c 4c 4c 4c 4c 5a 16
130.53077173233032  : 68 20 df 68 02 02 38 3b 46 16
130.56244158744812  : 68 20 df 68 82 0c 63 59 6f 34 33 49 33 33 33 33 3b 33 72 16
130.6461546421051   : 68 10 ef 68 04 0f 39 23 34 33 5a 61 33 33 33 33 97 33 ff ff 33 27 16
130.6779339313507   : 68 10 ef 68 84 01 34 88 16
130.7410695552826   : 68 70 8f 68 02 02 53 39 5f 16
130.8354833126068   : 68 20 df 68 02 02 38 3b 46 16
130.86714220046997  : 68 20 df 68 82 0c 63 59 6f 34 33 49 33 33 33 33 3b 33 72 16
130.951651096344    : 68 10 ef 68 04 0f 39 23 34 33 5a 61 33 33 33 33 97 33 ff ff 33 27 16
130.97255730628967  : 68 10 ef 68 84 01 34 88 16
131.0444734096527   : 68 31 ce 68 02 02 60 42 75 16
131.06552910804749  : 68 31 ce 68 82 0f 35 4c 33 33 33 34 97 33 33 33 4c 4c 4c 4c 4c 5a 16
131.13810682296753  : 68 20 df 68 02 02 38 3b 46 16
131.169615983963    : 68 20 df 68 82 0c 63 59 6f 34 33 49 33 33 33 33 3b 33 72 16
131.26391458511353  : 68 10 ef 68 04 0f 39 23 34 33 5a 61 33 33 33 33 97 33 ff ff 33 27 16
131.30520176887512  : 68 10 ef 68 84 01 34 88 16
131.34660482406616  : 68 70 8f 68 02 02 53 39 5f 16
131.45095920562744  : 68 20 df 68 02 02 38 3b 46 16
131.47205519676208  : 68 20 df 68 82 0c 63 59 6f 34 33 49 33 33 33 33 3b 33 72 16
131.56533074378967  : 68 10 ef 68 04 0f 39 23 34 33 5a 61 33 33 33 33 97 33 ff ff 33 27 16
131.6066620349884   : 68 10 ef 68 84 01 34 88 16
131.64826345443726  : 68 31 ce 68 02 02 60 42 75 16
131.67923188209534  : 68 31 ce 68 82 0f 35 4c 33 33 33 34 97 33 33 33 4c 4c 4c 4c 4c 5a 16
131.75310134887695  : 68 20 df 68 02 02 38 3b 46 16
131.77459168434143  : 68 20 df 68 82 0c 63 59 6f 34 33 49 33 33 33 33 3b 33 72 16
131.8691508769989   : 68 10 ef 68 04 0f 39 23 34 33 5a 61 33 33 33 33 97 33 ff ff 33 27 16
131.90101289749146  : 68 10 ef 68 84 01 34 88 16
131.95344996452332  : 68 70 8f 68 02 02 53 39 5f 16
132.05848121643066  : 68 20 df 68 02 02 38 3b 46 16
132.0794060230255   : 68 20 df 68 82 0c 63 59 6f 34 33 49 33 33 33 33 3b 33 72 16
132.17388153076172  : 68 10 ef 68 04 0f 39 23 34 33 5a 61 33 33 33 33 97 33 ff ff 33 27 16
132.20578360557556  : 68 10 ef 68 84 01 34 88 16
132.25806641578674  : 68 31 ce 68 02 02 60 42 75 16
132.28958892822266  : 68 31 ce 68 82 0f 35 4c 33 33 33 34 97 33 33 33 4c 4c 4c 4c 4c 5a 16
132.3634386062622   : 68 20 df 68 02 02 38 3b 46 16
132.38432025909424  : 68 20 df 68 82 0c 63 59 6f 34 33 49 33 33 33 33 3b 33 72 16
132.47785353660583  : 68 10 ef 68 04 0f 39 23 34 33 5a 61 33 33 33 33 97 33 ff ff 33 27 16
132.4989516735077   : 68 10 ef 68 84 01 34 88 16
132.5622103214264   : 68 70 8f 68 02 02 53 39 5f 16
132.6659243106842   : 68 20 df 68 02 02 38 3b 46 16
132.69738221168518  : 68 20 df 68 82 0c 63 59 6f 34 33 49 33 33 33 33 3b 33 72 16
132.78163957595825  : 68 10 ef 68 04 0f 39 23 34 33 5a 61 33 33 33 33 97 33 ff ff 33 27 16
132.82343435287476  : 68 10 ef 68 84 01 34 88 16
132.87573313713074  : 68 31 ce 68 02 02 60 42 75 16
132.89681243896484  : 68 31 ce 68 82 0f 35 4c 33 33 33 34 97 33 33 33 4c 4c 4c 4c 4c 5a 16
132.97039556503296  : 68 20 df 68 02 02 38 3b 46 16
133.00246596336365  : 68 20 df 68 82 0c 63 59 6f 34 33 49 33 33 33 33 3b 33 72 16
133.08580827713013  : 68 10 ef 68 04 0f 39 23 34 33 5a 61 33 33 33 33 97 33 ff ff 33 27 16
133.12876272201538  : 68 10 ef 68 84 01 34 88 16
133.1814444065094   : 68 70 8f 68 02 02 53 39 5f 16
133.27587628364563  : 68 20 df 68 02 02 38 3b 46 16
133.30746030807495  : 68 20 df 68 82 0c 63 59 6f 34 33 49 33 33 33 33 33 33 6a 16
133.39089632034302  : 68 10 ef 68 04 0f 35 23 34 33 5a 61 33 33 33 33 97 33 ff ff 33 23 16
133.43268585205078  : 68 10 ef 68 84 01 34 88 16
133.48438000679016  : 68 31 ce 68 02 02 60 42 75 16
133.51592183113098  : 68 31 ce 68 82 0f 35 4c 33 33 33 35 97 33 33 33 4c 4c 4c 4c 4c 5b 16
133.5796024799347   : 68 20 df 68 02 02 38 3b 46 16
133.61156797409058  : 68 20 df 68 82 0c 63 59 6f 34 33 49 33 33 33 33 33 33 6a 16
133.6952633857727   : 68 10 ef 68 04 0f 35 23 34 33 5a 61 33 33 33 33 97 33 ff ff 33 23 16
133.72631669044495  : 68 10 ef 68 84 01 34 88 16
133.78946042060852  : 68 70 8f 68 02 02 53 39 5f 16
133.88382482528687  : 68 20 df 68 02 02 38 3b 46 16
133.91542506217957  : 68 20 df 68 82 0c 63 59 6f 34 33 49 33 33 33 33 33 33 6a 16
134.00979566574097  : 68 10 ef 68 04 0f 35 23 34 33 5a 61 33 33 33 33 97 33 ff ff 33 23 16
134.03086829185486  : 68 10 ef 68 84 01 34 88 16
134.09339380264282  : 68 31 ce 68 02 02 60 42 75 16
134.12523412704468  : 68 31 ce 68 82 0f 35 4c 33 33 33 34 97 33 33 33 4c 4c 4c 4c 4c 5a 16
134.18832111358643  : 68 20 df 68 02 02 38 3b 46 16
134.21964955329895  : 68 20 df 68 82 0c 63 59 6f 34 33 49 33 33 33 33 33 33 6a 16
134.31480813026428  : 68 10 ef 68 04 0f 35 23 34 33 5a 61 33 33 33 33 97 33 ff ff 33 23 16
134.3360311985016   : 68 10 ef 68 84 01 34 88 16
134.3994119167328   : 68 70 8f 68 02 02 53 39 5f 16
134.49428486824036  : 68 20 df 68 02 02 38 3b 46 16
134.52532315254211  : 68 20 df 68 82 0c 63 59 6f 34 33 49 33 33 33 33 33 33 6a 16
134.6183626651764   : 68 10 ef 68 04 0f 35 23 34 33 5a 61 33 33 33 33 97 33 ff ff 33 23 16
134.63967275619507  : 68 10 ef 68 84 01 34 88 16
134.70212411880493  : 68 31 ce 68 02 02 60 42 75 16
134.73369884490967  : 68 31 ce 68 82 0f 35 4c 33 33 33 34 97 33 33 33 4c 4c 4c 4c 4c 5a 16
134.80627584457397  : 68 20 df 68 02 02 38 3b 46 16
134.82724976539612  : 68 20 df 68 82 0c 63 59 6f 34 33 49 33 33 33 33 33 33 6a 16
134.92164969444275  : 68 10 ef 68 04 0f 35 23 34 33 5a 61 33 33 33 33 97 33 ff ff 33 23 16
134.96354055404663  : 68 10 ef 68 84 01 34 88 16
135.00591206550598  : 68 70 8f 68 02 02 53 39 5f 16
135.10962986946106  : 68 20 df 68 02 02 38 3b 46 16
135.1306791305542   : 68 20 df 68 82 0c 63 59 6f 34 33 49 33 33 33 33 33 33 6a 16
135.22532629966736  : 68 10 ef 68 04 0f 35 23 34 33 5a 61 33 33 33 33 97 33 ff ff 33 23 16
135.2672894001007   : 68 10 ef 68 84 01 34 88 16
135.3092920780182   : 68 31 ce 68 02 02 60 42 75 16
135.3405623435974   : 68 31 ce 68 82 0f 35 4c 33 33 33 35 97 33 33 33 4c 4c 4c 4c 4c 5b 16
135.41397881507874  : 68 20 df 68 02 02 38 3b 46 16
135.4354419708252   : 68 20 df 68 82 0c 63 59 6f 34 33 49 33 33 33 33 33 33 6a 16
135.5297613143921   : 68 10 ef 68 04 0f 35 23 34 33 5a 61 33 33 33 33 97 33 ff ff 33 23 16
135.56136012077332  : 68 10 ef 68 84 01 34 88 16
135.6128706932068   : 68 70 8f 68 02 02 53 39 5f 16
135.7171654701233   : 68 20 df 68 02 02 38 3b 46 16
135.7390239238739   : 68 20 df 68 82 0c 63 59 6f 34 33 49 33 33 33 33 33 33 6a 16
135.8326530456543   : 68 10 ef 68 04 0f 35 23 34 33 5a 61 33 33 33 33 97 33 ff ff 33 23 16
135.86374425888062  : 68 10 ef 68 84 01 34 88 16
135.92685866355896  : 68 31 ce 68 02 02 60 42 75 16
135.94795441627502  : 68 31 ce 68 82 0f 35 4c 33 33 33 34 97 33 33 33 4c 4c 4c 4c 4c 5a 16
136.02123641967773  : 68 20 df 68 02 02 38 3b 46 16
136.05278062820435  : 68 20 df 68 82 0c 63 59 6f 34 33 49 33 33 33 33 33 33 6a 16
136.13559913635254  : 68 10 ef 68 04 0f 35 23 34 33 5a 61 33 33 33 33 97 33 ff ff 33 23 16
136.16717982292175  : 68 10 ef 68 84 01 34 88 16
136.23039937019348  : 68 70 8f 68 02 02 53 39 5f 16
136.32514119148254  : 68 20 df 68 02 02 38 3b 46 16
136.3567328453064   : 68 20 df 68 82 0c 63 59 6f 34 33 49 33 33 33 33 33 33 6a 16
136.44044399261475  : 68 10 ef 68 04 0f 35 23 34 33 5a 61 33 33 33 33 97 33 ff ff 33 23 16
136.4927396774292   : 68 10 ef 68 84 01 34 88 16
136.53459429740906  : 68 31 ce 68 02 02 60 42 75 16
136.56612491607666  : 68 31 ce 68 82 0f 35 4c 33 33 33 34 97 33 33 33 4c 4c 4c 4c 4c 5a 16
136.6296420097351   : 68 20 df 68 02 02 38 3b 46 16
136.66065168380737  : 68 20 df 68 82 0c 63 59 6f 34 33 49 33 33 33 33 33 33 6a 16
136.75283241271973  : 68 10 ef 68 04 0f 35 23 34 33 5a 61 33 33 33 33 97 33 ff ff 33 23 16
136.78444600105286  : 68 10 ef 68 84 01 34 88 16
136.83764553070068  : 68 70 8f 68 02 02 53 39 5f 16
136.94078397750854  : 68 20 df 68 02 02 38 3b 46 16
136.96147871017456  : 68 20 df 68 82 0c 63 59 6f 34 33 49 33 33 33 33 33 33 6a 16
137.05553364753723  : 68 10 ef 68 04 0f 35 23 34 33 5a 61 33 33 33 33 97 33 ff ff 33 23 16
137.0865876674652   : 68 10 ef 68 84 01 34 88 16
137.13880062103271  : 68 31 ce 68 02 02 60 42 75 16
137.17010354995728  : 68 31 ce 68 82 0f 35 4c 33 33 33 34 97 33 33 33 4c 4c 4c 4c 4c 5a 16
137.24334621429443  : 68 20 df 68 02 02 38 3b 46 16
137.26447319984436  : 68 20 df 68 82 0c 63 59 6f 34 33 49 33 33 33 33 33 33 6a 16
137.35871124267578  : 68 10 ef 68 04 0f 35 23 34 33 5a 61 33 33 33 33 97 33 ff ff 33 23 16
137.39000391960144  : 68 10 ef 68 84 01 34 88 16
137.44300723075867  : 68 70 8f 68 02 02 53 39 5f 16
137.54862999916077  : 68 20 df 68 02 02 38 3b 46 16
137.56970071792603  : 68 20 df 68 82 0c 63 59 6f 34 33 49 33 33 33 33 33 33 6a 16
137.66450810432434  : 68 10 ef 68 04 0f 35 23 34 33 5a 61 33 33 33 33 97 33 ff ff 33 23 16
137.69600415229797  : 68 10 ef 68 84 01 34 88 16
137.74751043319702  : 68 31 ce 68 02 02 60 42 75 16
137.77876162528992  : 68 31 ce 68 82 0f 35 4c 33 33 33 34 97 33 33 33 4c 4c 4c 4c 4c 5a 16
137.85211515426636  : 68 20 df 68 02 02 38 3b 46 16
137.88414001464844  : 68 20 df 68 82 0c 63 59 6f 34 33 49 33 33 33 33 33 33 6a 16
137.96748995780945  : 68 10 ef 68 04 0f 35 23 34 33 5a 61 33 33 33 33 97 33 ff ff 33 23 16
137.99847984313965  : 68 10 ef 68 84 01 34 88 16
138.0611972808838   : 68 70 8f 68 02 02 53 39 5f 16
138.1538360118866   : 68 20 df 68 02 02 38 3b 46 16
138.18460392951965  : 68 20 df 68 82 0c 63 59 6f 34 33 49 33 33 33 33 33 33 6a 16
138.27929067611694  : 68 10 ef 68 04 0f 35 23 34 33 5a 61 33 33 33 33 97 33 ff ff 33 23 16
138.300363779068    : 68 10 ef 68 84 01 34 88 16
138.36314177513123  : 68 31 ce 68 02 02 60 42 75 16
138.39470028877258  : 68 31 ce 68 82 0f 35 4c 33 33 33 35 97 33 33 33 4c 4c 4c 4c 4c 5b 16
138.46824741363525  : 68 20 df 68 02 02 38 3b 46 16
138.4895839691162   : 68 20 df 68 82 0c 63 59 6f 34 33 49 33 33 33 33 33 33 6a 16
138.5835304260254   : 68 10 ef 68 04 0f 35 23 34 33 5a 61 33 33 33 33 97 33 ff ff 33 23 16
138.62597179412842  : 68 10 ef 68 84 01 34 88 16
138.66797399520874  : 68 70 8f 68 02 02 53 39 5f 16
138.77298164367676  : 68 20 df 68 02 02 38 3b 46 16
138.7937948703766   : 68 20 df 68 82 0c 63 59 6f 34 33 49 33 33 33 33 33 33 6a 16
138.88713192939758  : 68 10 ef 68 04 0f 35 23 34 33 5a 61 33 33 33 33 97 33 ff ff 33 23 16
138.9187581539154   : 68 10 ef 68 84 01 34 88 16
138.9706630706787   : 68 31 ce 68 02 02 60 42 75 16
139.00195217132568  : 68 31 ce 68 82 0f 35 4c 33 33 33 34 97 33 33 33 4c 4c 4c 4c 4c 5a 16
139.07449436187744  : 68 20 df 68 02 02 38 3b 46 16
139.09572649002075  : 68 20 df 68 82 0c 63 59 6f 34 33 49 33 33 33 33 33 33 6a 16
139.1882483959198   : 68 10 ef 68 04 0f 35 23 34 33 5a 61 33 33 33 33 97 33 ff ff 33 23 16
139.21934294700623  : 68 10 ef 68 84 01 34 88 16
139.2722885608673   : 68 70 8f 68 02 02 53 39 5f 16
139.37712049484253  : 68 20 df 68 02 02 38 3b 46 16
139.4085350036621   : 68 20 df 68 82 0c 63 59 6f 34 33 49 33 33 33 33 33 33 6a 16
139.49248814582825  : 68 10 ef 68 04 0f 35 23 34 33 5a 61 33 33 33 33 97 33 ff ff 33 23 16
139.52411270141602  : 68 10 ef 68 84 01 34 88 16
139.57745838165283  : 68 31 ce 68 02 02 60 42 75 16
139.6089804172516   : 68 31 ce 68 82 0f 35 4c 33 33 33 34 97 33 33 33 4c 4c 4c 4c 4c 5a 16
139.6822907924652   : 68 20 df 68 02 02 38 3b 46 16
139.71384859085083  : 68 20 df 68 82 0c 63 59 6f 34 33 49 33 33 33 33 33 33 6a 16
139.7979257106781   : 68 10 ef 68 04 0f 35 23 34 33 5a 61 33 33 33 33 97 33 ff ff 33 23 16
139.81898164749146  : 68 10 ef 68 84 01 34 88 16
139.89111852645874  : 68 70 8f 68 02 02 53 39 5f 16
139.9846007823944   : 68 20 df 68 02 02 38 3b 46 16
140.01613450050354  : 68 20 df 68 82 0c 63 59 6f 34 33 49 33 33 33 33 33 33 6a 16
140.109801530838    : 68 10 ef 68 04 0f 35 23 34 33 5a 61 33 33 33 33 97 33 ff ff 33 23 16
140.15140175819397  : 68 10 ef 68 84 01 34 88 16
140.19398593902588  : 68 31 ce 68 02 02 60 42 75 16
140.22574377059937  : 68 31 ce 68 82 0f 35 4c 33 33 33 34 97 33 33 33 4c 4c 4c 4c 4c 5a 16
140.2993655204773   : 68 20 df 68 02 02 38 3b 46 16
140.3212628364563   : 68 20 df 68 82 0c 63 59 6f 34 33 49 33 33 33 33 33 33 6a 16
140.41592001914978  : 68 10 ef 68 04 0f 35 23 34 33 5a 61 33 33 33 33 97 33 ff ff 33 23 16
140.44755053520203  : 68 10 ef 68 84 01 34 88 16
140.49978399276733  : 68 70 8f 68 02 02 53 39 5f 16
140.60436582565308  : 68 20 df 68 02 02 38 3b 46 16
140.62541007995605  : 68 20 df 68 82 0c 63 59 6f 34 33 49 33 33 33 33 33 33 6a 16
140.71951842308044  : 68 10 ef 68 04 0f 35 23 34 33 5a 61 33 33 33 33 97 33 ff ff 33 23 16
140.75114250183105  : 68 10 ef 68 84 01 34 88 16
140.8038833141327   : 68 31 ce 68 02 02 60 42 75 16
140.83521580696106  : 68 31 ce 68 82 0f 35 4c 33 33 33 34 97 33 33 33 4c 4c 4c 4c 4c 5a 16
140.90817046165466  : 68 20 df 68 02 02 38 3b 46 16
140.92914581298828  : 68 20 df 68 82 0c 63 59 6f 34 33 49 33 33 33 33 33 33 6a 16
141.02164888381958  : 68 10 ef 68 04 0f 35 23 34 33 5a 61 33 33 33 33 97 33 ff ff 33 23 16
141.05292296409607  : 68 10 ef 68 84 01 34 88 16
141.1043450832367   : 68 70 8f 68 02 02 53 39 5f 16
141.2076015472412   : 68 20 df 68 02 02 38 3b 46 16
141.2385127544403   : 68 20 df 68 82 0c 63 59 6f 34 33 49 33 33 33 33 33 33 6a 16
141.32247686386108  : 68 10 ef 68 04 0f 35 23 34 33 5a 61 33 33 33 33 97 33 ff ff 33 23 16
141.35402822494507  : 68 10 ef 68 84 01 34 88 16
141.4170527458191   : 68 31 ce 68 02 02 60 42 75 16
141.438134431839    : 68 31 ce 68 82 0f 35 4c 33 33 33 34 97 33 33 33 4c 4c 4c 4c 4c 5a 16
141.51154708862305  : 68 20 df 68 02 02 38 3b 46 16
141.54330348968506  : 68 20 df 68 82 0c 63 59 6f 34 33 49 33 33 33 33 33 33 6a 16
141.62747836112976  : 68 10 ef 68 04 0f 35 23 34 33 5a 61 33 33 33 33 97 33 ff ff 33 23 16
141.6591067314148   : 68 10 ef 68 84 01 34 88 16
141.72219109535217  : 68 70 8f 68 02 02 53 39 5f 16
141.81674146652222  : 68 20 df 68 02 02 38 3b 46 16
141.84836101531982  : 68 20 df 68 82 0c 63 59 6f 34 33 49 33 33 33 33 33 33 6a 16
141.93161392211914  : 68 10 ef 68 04 0f 35 23 34 33 5a 61 33 33 33 33 97 33 ff ff 33 23 16
141.95269322395325  : 68 10 ef 68 84 01 34 88 16
142.02470564842224  : 68 31 ce 68 02 02 60 42 75 16
142.05661582946777  : 68 31 ce 68 82 0f 35 4c 33 33 33 34 97 33 33 33 4c 4c 4c 4c 4c 5a 16
142.11963033676147  : 68 20 df 68 02 02 38 3b 46 16
142.15103340148926  : 68 20 df 68 82 0c 63 59 6f 34 33 49 33 33 33 33 33 33 6a 16
142.24435782432556  : 68 10 ef 68 04 0f 35 23 34 33 5a 61 33 33 33 33 97 33 ff ff 33 23 16
142.28541207313538  : 68 10 ef 68 84 01 34 88 16
142.32696795463562  : 68 70 8f 68 02 02 53 39 5f 16
142.43247485160828  : 68 20 df 68 02 02 38 3b 46 16
142.45325541496277  : 68 20 df 68 82 0c 63 59 6f 34 33 49 33 33 33 33 33 33 6a 16
142.54781484603882  : 68 10 ef 68 04 0f 35 23 34 33 5a 61 33 33 33 33 97 33 ff ff 33 23 16
142.57910585403442  : 68 10 ef 68 84 01 34 88 16
142.6317286491394   : 68 31 ce 68 02 02 60 42 75 16
142.6632969379425   : 68 31 ce 68 82 0f 35 4c 33 33 33 34 97 33 33 33 4c 4c 4c 4c 4c 5a 16
142.7368757724762   : 68 20 df 68 02 02 38 3b 46 16
142.75766324996948  : 68 20 df 68 82 0c 63 59 6f 34 33 49 33 33 33 33 33 33 6a 16
142.85174036026     : 68 10 ef 68 04 0f 35 23 34 33 5a 61 33 33 33 33 97 33 ff ff 33 23 16
142.8835175037384   : 68 10 ef 68 84 01 34 88 16
142.93590664863586  : 68 70 8f 68 02 02 53 39 5f 16
143.04088020324707  : 68 20 df 68 02 02 38 3b 46 16
143.06174445152283  : 68 20 df 68 82 0c 63 59 6f 34 33 49 33 33 33 33 33 33 6a 16
143.15381908416748  : 68 10 ef 68 04 0f 35 23 34 33 5a 61 33 33 33 33 97 33 ff ff 33 23 16
143.1847062110901   : 68 10 ef 68 84 01 34 88 16
143.24619722366333  : 68 31 ce 68 02 02 60 42 75 16
143.26730346679688  : 68 31 ce 68 82 0f 35 4c 33 33 33 34 97 33 33 33 4c 4c 4c 4c 4c 5a 16
143.33960342407227  : 68 20 df 68 02 02 38 3b 46 16
143.37125253677368  : 68 20 df 68 82 0c 63 59 6f 34 33 49 33 33 33 33 33 33 6a 16
143.46577143669128  : 68 10 ef 68 04 0f 35 23 34 33 5a 61 33 33 33 33 97 33 ff ff 33 23 16
143.48714184761047  : 68 10 ef 68 84 01 34 88 16
143.54952335357666  : 68 70 8f 68 02 02 53 39 5f 16
143.65493774414062  : 68 20 df 68 02 02 38 3b 46 16
143.67599725723267  : 68 20 df 68 82 0c 63 59 6f 34 33 49 33 33 33 33 33 33 6a 16
143.7703516483307   : 68 10 ef 68 04 0f 35 23 34 33 5a 61 33 33 33 33 97 33 ff ff 33 23 16
143.81246781349182  : 68 10 ef 68 84 01 34 88 16
143.85458898544312  : 68 31 ce 68 02 02 60 42 75 16
143.88637900352478  : 68 31 ce 68 82 0f 35 4c 33 33 33 34 97 33 33 33 4c 4c 4c 4c 4c 5a 16
143.94977617263794  : 68 20 df 68 02 02 38 3b 46 16
143.98099088668823  : 68 20 df 68 82 0c 63 59 6f 34 33 49 33 33 33 33 33 33 6a 16
144.07450127601624  : 68 10 ef 68 04 0f 35 23 34 33 5a 61 33 33 33 33 97 33 ff ff 33 23 16
144.10601544380188  : 68 10 ef 68 84 01 34 88 16
144.1580319404602   : 68 70 8f 68 02 02 53 39 5f 16
144.26293063163757  : 68 20 df 68 02 02 38 3b 46 16
144.28404140472412  : 68 20 df 68 82 0c 63 59 6f 34 33 49 33 33 33 33 33 33 6a 16
144.37805461883545  : 68 10 ef 68 04 0f 35 23 34 33 5a 61 33 33 33 33 97 33 ff ff 33 23 16
144.40932822227478  : 68 10 ef 68 84 01 34 88 16
144.46126437187195  : 68 31 ce 68 02 02 60 42 75 16
144.49342679977417  : 68 31 ce 68 82 0f 35 4c 33 33 33 34 97 33 33 33 4c 4c 4c 4c 4c 5a 16
144.5668830871582   : 68 20 df 68 02 02 38 3b 46 16
144.5876362323761   : 68 20 df 68 82 0c 63 59 6f 34 33 49 33 33 33 33 33 33 6a 16
144.6797502040863   : 68 10 ef 68 04 0f 35 23 34 33 5a 61 33 33 33 33 97 33 ff ff 33 23 16
144.7107355594635   : 68 10 ef 68 84 01 34 88 16
144.77213716506958  : 68 70 8f 68 02 02 53 39 5f 16
144.8660295009613   : 68 20 df 68 02 02 38 3b 46 16
144.89762687683105  : 68 20 df 68 82 0c 63 59 6f 34 33 49 33 33 33 33 33 33 6a 16
144.9815125465393   : 68 10 ef 68 04 0f 35 23 34 33 5a 61 33 33 33 33 97 33 ff ff 33 23 16
145.01277089118958  : 68 10 ef 68 84 01 34 88 16
145.07637786865234  : 68 31 ce 68 02 02 60 42 75 16
145.1079878807068   : 68 31 ce 68 82 0f 35 4c 33 33 33 34 97 33 33 33 4c 4c 4c 4c 4c 5a 16
145.17063570022583  : 68 20 df 68 02 02 38 3b 46 16
145.20179748535156  : 68 20 df 68 82 0c 63 59 6f 34 33 49 33 33 33 33 33 33 6a 16
145.2953016757965   : 68 10 ef 68 04 0f 35 23 34 33 5a 61 33 33 33 33 97 33 ff ff 33 23 16
145.31645488739014  : 68 10 ef 68 84 01 34 88 16
145.37993502616882  : 68 70 8f 68 02 02 53 39 5f 16
145.4844102859497   : 68 20 df 68 02 02 38 3b 46 16
145.50614595413208  : 68 20 df 68 82 0c 63 59 6f 34 33 49 33 33 33 36 33 33 6d 16
145.60088181495667  : 68 10 ef 68 04 0f 35 23 34 34 5a 61 33 33 33 33 97 33 ff ff 33 24 16
145.62256383895874  : 68 10 ef 68 84 01 34 88 16
145.6856334209442   : 68 31 ce 68 02 02 60 42 75 16
145.71734762191772  : 68 31 ce 68 82 0f 35 4c 33 33 33 35 97 33 34 33 4c 4c 4c 4c 4c 5c 16
145.78086590766907  : 68 20 df 68 02 02 38 3b 46 16
145.81244897842407  : 68 20 df 68 82 0c 63 59 6f 34 33 49 33 33 33 38 33 33 6f 16
145.90745949745178  : 68 10 ef 68 04 0f 35 23 34 35 5a 61 33 33 33 33 97 33 ff ff 33 25 16
145.93931460380554  : 68 10 ef 68 84 01 34 88 16
145.99165391921997  : 68 70 8f 68 02 02 53 39 5f 16
146.08537554740906  : 68 20 df 68 02 02 38 3b 46 16
146.1170563697815   : 68 20 df 68 82 0c 63 59 6f 34 33 49 33 33 33 37 33 33 6e 16
146.21084475517273  : 68 10 ef 68 04 0f 35 23 34 34 5a 61 33 33 33 33 97 33 ff ff 33 24 16
146.24215865135193  : 68 10 ef 68 84 01 34 88 16
146.2937777042389   : 68 31 ce 68 02 02 60 42 75 16
146.32515120506287  : 68 31 ce 68 82 0f 35 4c 33 33 33 35 97 33 34 33 4c 4c 4c 4c 4c 5c 16
146.39769315719604  : 68 20 df 68 02 02 38 3b 46 16
146.41843271255493  : 68 20 df 68 82 0c 63 59 6f 34 33 49 33 33 33 37 33 33 6e 16
146.5110924243927   : 68 10 ef 68 04 0f 35 23 34 34 5a 61 33 33 33 33 97 33 ff ff 33 24 16
146.5424280166626   : 68 10 ef 68 84 01 34 88 16
146.594829082489    : 68 70 8f 68 02 02 53 39 5f 16
146.6994092464447   : 68 20 df 68 02 02 38 3b 46 16
146.72080254554749  : 68 20 df 68 82 0c 63 59 6f 34 33 49 33 33 33 38 33 33 6f 16
146.81505632400513  : 68 10 ef 68 04 0f 35 23 34 35 5a 61 33 33 33 33 97 33 ff ff 33 25 16
146.84666848182678  : 68 10 ef 68 84 01 34 88 16
146.89896821975708  : 68 31 ce 68 02 02 60 42 75 16
146.9305648803711   : 68 31 ce 68 82 0f 35 4c 33 33 33 35 97 33 34 33 4c 4c 4c 4c 4c 5c 16
147.0047800540924   : 68 20 df 68 02 02 38 3b 46 16
147.0256109237671   : 68 20 df 68 82 0c 63 59 6f 34 33 49 33 33 33 38 33 33 6f 16
147.11994910240173  : 68 10 ef 68 04 0f 35 23 34 35 5a 61 33 33 33 33 97 33 ff ff 33 25 16
147.14125514030457  : 68 10 ef 68 84 01 34 88 16
147.21287417411804  : 68 70 8f 68 02 02 53 39 5f 16
147.3058488368988   : 68 20 df 68 02 02 38 3b 46 16
147.33685159683228  : 68 20 df 68 82 0c 63 59 6f 34 33 49 33 33 33 3d 33 33 74 16
147.4305284023285   : 68 10 ef 68 04 0f 35 23 34 37 5a 61 33 33 33 33 97 33 ff ff 33 27 16
147.47265100479126  : 68 10 ef 68 84 01 34 88 16
147.5144898891449   : 68 31 ce 68 02 02 60 42 75 16
147.54604291915894  : 68 31 ce 68 82 0f 35 4c 33 33 33 35 97 33 34 33 4c 4c 4c 4c 4c 5c 16
147.61842107772827  : 68 20 df 68 02 02 38 3b 46 16
147.6395444869995   : 68 20 df 68 82 0c 63 59 6f 34 33 49 33 33 33 3d 33 33 74 16
147.73454236984253  : 68 10 ef 68 04 0f 35 23 34 37 5a 61 33 33 33 33 97 33 ff ff 33 27 16
147.7664840221405   : 68 10 ef 68 84 01 34 88 16
147.81880807876587  : 68 70 8f 68 02 02 53 39 5f 16
147.92393493652344  : 68 20 df 68 02 02 38 3b 46 16
147.9449770450592   : 68 20 df 68 82 0c 63 59 6f 34 33 49 33 33 33 41 33 33 78 16
148.03993320465088  : 68 10 ef 68 04 0f 35 23 34 39 5a 61 33 33 33 33 97 33 ff ff 33 29 16
148.0710391998291   : 68 10 ef 68 84 01 34 88 16
148.1234266757965   : 68 31 ce 68 02 02 60 42 75 16
148.15498542785645  : 68 31 ce 68 82 0f 35 4b 33 33 33 37 97 33 34 33 4c 4c 4c 4c 4c 5d 16
148.22668075561523  : 68 20 df 68 02 02 38 3b 46 16
148.2475574016571   : 68 20 df 68 82 0c 63 59 6f 34 33 49 33 33 33 43 33 33 7a 16
148.3420054912567   : 68 10 ef 68 04 0f 55 23 34 3a 5a 61 33 33 33 33 97 33 ff ff 33 4a 16
148.37370085716248  : 68 10 ef 68 84 01 34 88 16
148.4255509376526   : 68 70 8f 68 02 02 53 39 5f 16
148.5301055908203   : 68 20 df 68 02 02 38 3b 46 16
148.55095553398132  : 68 20 df 68 82 0c 63 59 6f 34 33 49 33 33 33 43 33 33 7a 16
148.64535236358643  : 68 10 ef 68 04 0f 55 23 34 3a 5a 61 33 33 33 33 97 33 ff ff 33 4a 16
148.6766107082367   : 68 10 ef 68 84 01 34 88 16
148.72926688194275  : 68 31 ce 68 02 02 60 42 75 16
148.7609565258026   : 68 31 ce 68 82 0f 35 4c 33 33 33 37 97 33 34 33 4c 4c 4c 4c 4c 5e 16
148.83429193496704  : 68 20 df 68 02 02 38 3b 46 16
148.85567331314087  : 68 20 df 68 82 0c 63 59 6f 34 33 49 33 33 33 43 33 33 7a 16
148.95074892044067  : 68 10 ef 68 04 0f 55 23 34 3a 5a 61 33 33 33 33 97 33 ff ff 33 4a 16
148.97208857536316  : 68 10 ef 68 84 01 34 88 16
149.03457951545715  : 68 70 8f 68 02 02 53 39 5f 16
149.13974785804749  : 68 20 df 68 02 02 38 3b 46 16
149.17103958129883  : 68 20 df 68 82 0c 63 59 6f 34 33 49 33 33 33 43 33 33 7a 16
149.25354933738708  : 68 10 ef 68 04 0f 55 23 34 3a 5a 61 33 33 33 33 97 33 ff ff 33 4a 16
149.27425169944763  : 68 10 ef 68 84 01 34 88 16
149.3478283882141   : 68 31 ce 68 02 02 60 42 75 16
149.3689160346985   : 68 31 ce 68 82 0f 35 4c 33 33 33 37 97 33 34 33 4c 4c 4c 4c 4c 5e 16
149.44229364395142  : 68 20 df 68 02 02 38 3b 46 16
149.47348952293396  : 68 20 df 68 82 0c 63 59 6f 34 33 49 33 33 33 43 33 33 7a 16
149.56668639183044  : 68 10 ef 68 04 0f 55 23 34 3a 5a 61 33 33 33 33 97 33 ff ff 33 4a 16
149.60897827148438  : 68 10 ef 68 84 01 34 88 16
149.6513545513153   : 68 70 8f 68 02 02 53 39 5f 16
149.7556037902832   : 68 20 df 68 02 02 38 3b 46 16
149.77671313285828  : 68 20 df 68 82 0c 63 59 6f 34 33 49 33 33 33 43 33 33 7a 16
149.87146711349487  : 68 10 ef 68 04 0f 55 23 34 3a 5a 61 33 33 33 33 97 33 ff ff 33 4a 16
149.90278148651123  : 68 10 ef 68 84 01 34 88 16
149.95568823814392  : 68 31 ce 68 02 02 60 42 75 16
149.98729372024536  : 68 31 ce 68 82 0f 35 4c 33 33 33 36 97 33 34 33 4c 4c 4c 4c 4c 5d 16
150.05081582069397  : 68 20 df 68 02 02 38 3b 46 16
150.0824043750763   : 68 20 df 68 82 0c 63 59 6f 34 33 49 33 33 33 43 33 33 7a 16
150.1770453453064   : 68 10 ef 68 04 0f 55 23 34 3a 5a 61 33 33 33 33 97 33 ff ff 33 4a 16
150.208025932312    : 68 10 ef 68 84 01 34 88 16
150.26075792312622  : 68 70 8f 68 02 02 53 39 5f 16
150.36569547653198  : 68 20 df 68 02 02 38 3b 46 16
150.38710832595825  : 68 20 df 68 82 0c 63 59 6f 34 33 49 33 33 33 43 33 33 7a 16
150.48214197158813  : 68 10 ef 68 04 0f 55 23 34 3a 5a 61 33 33 33 33 97 33 ff ff 33 4a 16
150.50323915481567  : 68 10 ef 68 84 01 34 88 16
150.5652346611023   : 68 31 ce 68 02 02 60 42 75 16
150.59639072418213  : 68 31 ce 68 82 0f 35 4c 33 33 33 36 97 33 34 33 4c 4c 4c 4c 4c 5d 16
150.66966581344604  : 68 20 df 68 02 02 38 3b 46 16
150.69044399261475  : 68 20 df 68 82 0c 63 59 6f 34 33 49 33 33 33 43 33 33 7a 16
150.78388023376465  : 68 10 ef 68 04 0f 55 23 34 3a 5a 61 33 33 33 33 97 33 ff ff 33 4a 16
150.80478024482727  : 68 10 ef 68 84 01 34 88 16
150.86717176437378  : 68 70 8f 68 02 02 53 39 5f 16
150.9732666015625   : 68 20 df 68 02 02 38 3b 46 16
150.99439883232117  : 68 20 df 68 82 0c 63 59 6f 34 33 49 33 33 33 4a 33 33 81 16
151.0885932445526   : 68 10 ef 68 04 0f 55 23 34 3e 5a 61 33 33 33 33 97 33 ff ff 33 4e 16
151.13037991523743  : 68 10 ef 68 84 01 34 88 16
151.17179417610168  : 68 31 ce 68 02 02 60 42 75 16
151.20291662216187  : 68 31 ce 68 82 0f 35 4b 33 33 33 38 97 33 34 33 4c 4c 4c 4c 4c 5e 16
151.2745020389557   : 68 20 df 68 02 02 38 3b 46 16
151.30626916885376  : 68 20 df 68 82 0c 63 59 6f 34 33 49 33 33 33 4a 33 33 81 16
151.39039301872253  : 68 10 ef 68 04 0f 55 23 34 3e 5a 61 33 33 33 33 97 33 ff ff 33 4e 16
151.4324369430542   : 68 10 ef 68 84 01 34 88 16
151.4747121334076   : 68 70 8f 68 02 02 53 39 5f 16
151.58061695098877  : 68 20 df 68 02 02 38 3b 46 16
151.61169147491455  : 68 20 df 68 82 0c 63 59 6f 34 33 49 33 33 33 4b 33 33 82 16
151.69517588615417  : 68 10 ef 68 04 0f 55 23 34 3e 5a 61 33 33 33 33 97 33 ff ff 33 4e 16
151.7376253604889   : 68 10 ef 68 84 01 34 88 16
151.7900128364563   : 68 31 ce 68 02 02 60 42 75 16
151.8113956451416   : 68 31 ce 68 82 0f 35 4b 33 33 33 38 97 33 34 33 4c 4c 4c 4c 4c 5e 16
151.88355803489685  : 68 20 df 68 02 02 38 3b 46 16
151.91569185256958  : 68 20 df 68 82 0c 63 59 6f 34 33 49 33 33 33 4a 33 33 81 16
151.99972891807556  : 68 10 ef 68 04 0f 55 23 34 3e 5a 61 33 33 33 33 97 33 ff ff 33 4e 16
152.0313196182251   : 68 10 ef 68 84 01 34 88 16
152.09436082839966  : 68 70 8f 68 02 02 53 39 5f 16
152.1883261203766   : 68 20 df 68 02 02 38 3b 46 16
152.2197949886322   : 68 20 df 68 82 0c 63 59 6f 34 33 49 33 33 33 4b 33 33 82 16
152.30358600616455  : 68 10 ef 68 04 0f 55 23 34 3e 5a 61 33 33 33 33 97 33 ff ff 33 4e 16
152.33491611480713  : 68 10 ef 68 84 01 34 88 16
152.39841628074646  : 68 31 ce 68 02 02 60 42 75 16
152.41978311538696  : 68 31 ce 68 82 0f 35 4b 33 33 33 38 97 33 34 33 4c 4c 4c 4c 4c 5e 16
152.4934139251709   : 68 20 df 68 02 02 38 3b 46 16
152.5251362323761   : 68 20 df 68 82 0c 63 59 6f 34 33 49 33 34 33 4b 33 33 83 16
152.60864758491516  : 68 10 ef 68 04 0f 55 23 34 3e 5a 61 33 33 36 36 97 33 ff ff 33 54 16
152.64021348953247  : 68 10 ef 68 84 01 34 88 16
152.70217943191528  : 68 70 8f 68 02 02 53 39 5f 16
152.80686974525452  : 68 20 df 68 02 02 38 3b 46 16
152.828054189682    : 68 20 df 68 82 0c 63 59 6f 34 33 49 33 33 33 51 33 33 88 16
152.92188429832458  : 68 10 ef 68 04 0f 55 23 34 41 5a 61 33 33 33 33 97 33 ff ff 33 51 16
152.94269061088562  : 68 10 ef 68 84 01 34 88 16
153.0054910182953   : 68 31 ce 68 02 02 60 42 75 16
153.03712463378906  : 68 31 ce 68 82 0f 35 4b 33 33 33 3a 97 33 34 33 4c 4c 4c 4c 4c 60 16
153.11088395118713  : 68 20 df 68 02 02 38 3b 46 16
153.13201212882996  : 68 20 df 68 82 0c 63 59 6f 34 33 49 33 33 33 52 33 33 89 16
153.22598838806152  : 68 10 ef 68 04 0f 55 23 34 41 5a 61 33 33 33 33 97 33 ff ff 33 51 16
153.26808142662048  : 68 10 ef 68 84 01 34 88 16
153.31069540977478  : 68 70 8f 68 02 02 53 39 5f 16
153.41581988334656  : 68 20 df 68 02 02 38 3b 46 16
153.43718767166138  : 68 20 df 68 82 0c 63 59 6f 34 33 49 33 33 33 52 33 33 89 16
153.53148341178894  : 68 10 ef 68 04 0f 55 23 34 41 5a 61 33 33 33 33 97 33 ff ff 33 51 16
153.56311202049255  : 68 10 ef 68 84 01 34 88 16
153.61572217941284  : 68 31 ce 68 02 02 60 42 75 16
153.64746618270874  : 68 31 ce 68 82 0f 35 4b 33 33 33 38 97 33 34 33 4c 4c 4c 4c 4c 5e 16
153.7210030555725   : 68 20 df 68 02 02 38 3b 46 16
153.74180841445923  : 68 20 df 68 82 0c 63 59 6f 34 33 49 33 33 33 52 33 33 89 16
153.83583235740662  : 68 10 ef 68 04 0f 55 23 34 41 5a 61 33 33 33 33 97 33 ff ff 33 51 16
153.86716604232788  : 68 10 ef 68 84 01 34 88 16
153.92084789276123  : 68 70 8f 68 02 02 53 39 5f 16
154.02424573898315  : 68 20 df 68 02 02 38 3b 46 16
154.0455596446991   : 68 20 df 68 82 0c 63 59 6f 34 33 49 33 33 33 52 33 33 89 16
154.14014053344727  : 68 10 ef 68 04 0f d5 23 34 41 5a 61 33 33 33 33 97 33 ff ff 76 14 16
154.16111087799072  : 68 10 ef 68 84 01 34 88 16
154.22356176376343  : 68 31 ce 68 02 02 60 42 75 16
154.255108833313    : 68 31 ce 68 82 0f 35 4b 33 33 33 39 97 33 34 33 4c 4c 4c 4c 4c 5f 16
154.3288173675537   : 68 20 df 68 02 02 38 3b 46 16
154.3499629497528   : 68 20 df 68 82 0c 63 59 6f 34 33 49 33 33 33 52 33 33 89 16
154.44450545310974  : 68 10 ef 68 04 0f d5 23 34 41 5a 61 33 33 33 33 97 33 ff ff 76 14 16
154.4652922153473   : 68 10 ef 68 84 01 34 88 16
154.52824068069458  : 68 70 8f 68 02 02 53 39 5f 16
154.63332438468933  : 68 20 df 68 02 02 38 3b 46 16
154.65442943572998  : 68 20 df 68 82 0c 63 59 6f 34 33 49 33 33 33 51 33 33 88 16
154.74907279014587  : 68 10 ef 68 04 0f d5 23 34 41 5a 61 33 33 33 33 97 33 ff ff 76 14 16
154.79112219810486  : 68 10 ef 68 84 01 34 88 16
154.83257341384888  : 68 31 ce 68 02 02 60 42 75 16
154.86366534233093  : 68 31 ce 68 82 0f 35 4c 33 33 33 34 97 33 34 33 4c 4c 4c 4c 4c 5b 16
154.9374771118164   : 68 20 df 68 02 02 38 3b 46 16
154.95859026908875  : 68 20 df 68 82 0c 63 59 6f 34 33 49 33 33 33 4c 33 33 83 16
155.05287909507751  : 68 10 ef 68 04 0f d5 23 34 3f 5a 61 33 33 33 33 97 33 ff ff 76 12 16
155.0940968990326   : 68 10 ef 68 84 01 34 88 16
155.13593316078186  : 68 70 8f 68 02 02 53 39 5f 16
155.2398452758789   : 68 20 df 68 02 02 38 3b 46 16
155.27134585380554  : 68 20 df 68 82 0c 63 59 6f 34 33 49 33 33 33 48 33 33 7f 16
155.35563588142395  : 68 10 ef 68 04 0f d5 23 34 3d 5a 61 33 33 33 33 97 33 ff ff 76 10 16
155.39802145957947  : 68 10 ef 68 84 01 34 88 16
155.45063281059265  : 68 31 ce 68 02 02 60 42 75 16
155.47204327583313  : 68 31 ce 68 82 0f 35 4c 33 33 33 34 97 33 34 33 4c 4c 4c 4c 4c 5b 16
155.5440001487732   : 68 20 df 68 02 02 38 3b 46 16
155.5749228000641   : 68 20 df 68 82 0c 63 59 6f 34 33 49 33 33 33 44 33 33 7b 16
155.66750621795654  : 68 10 ef 68 04 0f d5 23 34 3b 5a 61 33 33 33 33 97 33 ff ff 76 0e 16
155.6989803314209   : 68 10 ef 68 84 01 34 88 16
155.7506124973297   : 68 70 8f 68 02 02 53 39 5f 16
155.85420083999634  : 68 20 df 68 02 02 38 3b 46 16
155.87512850761414  : 68 20 df 68 82 0c 63 59 6f 34 33 49 33 33 33 40 33 33 77 16
155.96853876113892  : 68 10 ef 68 04 0f b5 23 34 39 5a 61 33 33 33 33 97 33 ff ff 76 ec 16
156.00007319450378  : 68 10 ef 68 84 01 34 88 16
156.05221319198608  : 68 31 ce 68 02 02 60 42 75 16
156.08361864089966  : 68 31 ce 68 82 0f 35 4c 33 33 33 35 97 33 34 33 4c 4c 4c 4c 4c 5c 16
156.15614342689514  : 68 20 df 68 02 02 38 3b 46 16
156.17768335342407  : 68 20 df 68 82 0c 63 59 6f 34 33 49 33 33 33 3d 33 33 74 16
156.2708559036255   : 68 10 ef 68 04 0f b5 23 34 37 5a 61 33 33 33 33 97 33 ff ff 76 ea 16
156.30187249183655  : 68 10 ef 68 84 01 34 88 16
156.3638095855713   : 68 70 8f 68 02 02 53 39 5f 16
156.45790815353394  : 68 20 df 68 02 02 38 3b 46 16
156.48893237113953  : 68 20 df 68 82 0c 63 59 6f 34 33 49 33 33 33 3a 33 33 71 16
156.58214354515076  : 68 10 ef 68 04 0f b5 23 34 36 5a 61 33 33 33 33 97 33 ff ff 76 e9 16
156.60329294204712  : 68 10 ef 68 84 01 34 88 16
156.66587805747986  : 68 31 ce 68 02 02 60 42 75 16
156.69765830039978  : 68 31 ce 68 82 0f 35 4c 33 33 33 34 97 33 34 33 4c 4c 4c 4c 4c 5b 16
156.77041578292847  : 68 20 df 68 02 02 38 3b 46 16
156.79133319854736  : 68 20 df 68 82 0c 63 59 6f 34 33 49 33 33 33 38 33 33 6f 16
156.88475966453552  : 68 10 ef 68 04 0f b5 23 34 35 5a 61 33 33 33 33 97 33 ff ff 76 e8 16
156.9263265132904   : 68 10 ef 68 84 01 34 88 16
156.96840071678162  : 68 70 8f 68 02 02 53 39 5f 16
157.07204341888428  : 68 20 df 68 02 02 38 3b 46 16
157.0930371284485   : 68 20 df 68 82 0c 63 59 6f 34 33 49 33 33 33 36 33 33 6d 16
157.18612408638     : 68 10 ef 68 04 0f b5 23 34 34 5a 61 33 33 33 33 97 33 ff ff 76 e7 16
157.2274522781372   : 68 10 ef 68 84 01 34 88 16
157.27879977226257  : 68 31 ce 68 02 02 60 42 75 16
157.30993270874023  : 68 31 ce 68 82 0f 35 4c 33 33 33 34 97 33 34 33 4c 4c 4c 4c 4c 5b 16
157.38213562965393  : 68 20 df 68 02 02 38 3b 46 16
157.40301370620728  : 68 20 df 68 82 0c 63 59 6f 34 33 49 33 33 33 33 33 33 6a 16
157.4963777065277   : 68 10 ef 68 04 0f 35 23 34 33 5a 61 33 33 33 33 97 33 ff ff 33 23 16
157.52764081954956  : 68 10 ef 68 84 01 34 88 16
157.5797255039215   : 68 70 8f 68 02 02 53 39 5f 16
157.68213868141174  : 68 20 df 68 02 02 38 3b 46 16
157.70354223251343  : 68 20 df 68 82 0c 63 59 6f 34 33 49 33 33 33 33 33 33 6a 16
157.79791283607483  : 68 10 ef 68 04 0f 35 23 34 33 5a 61 33 33 33 33 97 33 ff ff 33 23 16
157.82971000671387  : 68 10 ef 68 84 01 34 88 16
157.88199734687805  : 68 31 ce 68 02 02 60 42 75 16
157.91351985931396  : 68 31 ce 68 82 0f 35 4c 33 33 33 34 97 33 34 33 4c 4c 4c 4c 4c 5b 16
157.98717522621155  : 68 20 df 68 02 02 38 3b 46 16
158.0084490776062   : 68 20 df 68 82 0c 63 59 6f 34 33 49 33 33 33 33 33 33 6a 16
158.1002767086029   : 68 10 ef 68 04 0f 35 23 34 33 5a 61 33 33 33 33 97 33 ff ff 33 23 16
158.131000995636    : 68 10 ef 68 84 01 34 88 16
158.19338035583496  : 68 70 8f 68 02 02 53 39 5f 16
158.2969205379486   : 68 20 df 68 02 02 38 3b 46 16
158.31770586967468  : 68 20 df 68 82 0c 63 59 6f 34 33 49 33 33 33 33 33 33 6a 16
158.41193342208862  : 68 10 ef 68 04 0f 35 23 34 33 5a 61 33 33 33 33 97 33 ff ff 33 23 16
158.45406103134155  : 68 10 ef 68 84 01 34 88 16
158.49589586257935  : 68 31 ce 68 02 02 60 42 75 16
158.52759790420532  : 68 31 ce 68 82 0f 35 4c 33 33 33 34 97 33 34 33 4c 4c 4c 4c 4c 5b 16
158.59995913505554  : 68 20 df 68 02 02 38 3b 46 16
158.62077736854553  : 68 20 df 68 82 0c 63 59 6f 34 33 49 33 33 33 33 33 33 6a 16
158.71477103233337  : 68 10 ef 68 04 0f 35 23 34 33 5a 61 33 33 33 33 97 33 ff ff 33 23 16
158.75734877586365  : 68 10 ef 68 84 01 34 88 16
158.79917359352112  : 68 70 8f 68 02 02 53 39 5f 16
158.90455961227417  : 68 20 df 68 02 02 38 3b 46 16
158.92534494400024  : 68 20 df 68 82 0c 63 59 6f 34 33 49 33 33 33 33 33 33 6a 16
159.01833176612854  : 68 10 ef 68 04 0f 35 23 34 33 5a 61 33 33 33 33 97 33 ff ff 33 23 16
159.0594244003296   : 68 10 ef 68 84 01 34 88 16
159.10114002227783  : 68 31 ce 68 02 02 60 42 75 16
159.13195657730103  : 68 31 ce 68 82 0f 35 4c 33 33 33 34 97 33 34 33 4c 4c 4c 4c 4c 5b 16
159.20517992973328  : 68 20 df 68 02 02 38 3b 46 16
159.23678517341614  : 68 20 df 68 82 0c 63 59 6f 34 33 49 33 33 33 33 33 33 6a 16
159.32886624336243  : 68 10 ef 68 04 0f 35 23 34 33 5a 61 33 33 33 33 97 33 ff ff 33 23 16
159.35966610908508  : 68 10 ef 68 84 01 34 88 16
159.41084241867065  : 68 70 8f 68 02 02 53 39 5f 16
159.51410007476807  : 68 20 df 68 02 02 38 3b 46 16
159.53535413742065  : 68 20 df 68 82 0c 63 59 6f 34 33 49 33 33 33 33 33 33 6a 16
159.62975215911865  : 68 10 ef 68 04 0f 35 23 34 33 5a 61 33 33 33 33 97 33 ff ff 33 23 16
159.6613302230835   : 68 10 ef 68 84 01 34 88 16
159.71419858932495  : 68 31 ce 68 02 02 60 42 75 16
159.74581861495972  : 68 31 ce 68 82 0f 35 4c 33 33 33 34 97 33 34 33 4c 4c 4c 4c 4c 5b 16
159.81980443000793  : 68 20 df 68 02 02 38 3b 46 16
159.84087800979614  : 68 20 df 68 82 0c 63 59 6f 34 33 49 33 33 33 33 33 33 6a 16
159.93536639213562  : 68 10 ef 68 04 0f 35 23 34 33 5a 61 33 33 33 33 97 33 ff ff 33 23 16
159.95635771751404  : 68 10 ef 68 84 01 34 88 16
160.01913738250732  : 68 70 8f 68 02 02 53 39 5f 16
160.12432146072388  : 68 20 df 68 02 02 38 3b 46 16
160.14506316184998  : 68 20 df 68 82 0c 63 59 6f 34 33 49 33 33 33 33 33 33 6a 16
160.2388722896576   : 68 10 ef 68 04 0f 35 23 34 33 5a 61 33 33 33 33 97 33 ff ff 33 23 16
160.2600176334381   : 68 10 ef 68 84 01 34 88 16
160.3217580318451   : 68 31 ce 68 02 02 60 42 75 16
160.35310411453247  : 68 31 ce 68 82 0f 35 4c 33 33 33 34 97 33 34 33 4c 4c 4c 4c 4c 5b 16
160.42554092407227  : 68 20 df 68 02 02 38 3b 46 16
160.45690608024597  : 68 20 df 68 82 0c 63 59 6f 34 33 49 33 33 33 33 33 33 6a 16
160.5412209033966   : 68 10 ef 68 04 0f 35 23 34 33 5a 61 33 33 33 33 97 33 ff ff 33 23 16
160.58302068710327  : 68 10 ef 68 84 01 34 88 16
160.63590049743652  : 68 70 8f 68 02 02 53 39 5f 16
160.73041796684265  : 68 20 df 68 02 02 38 3b 46 16
160.76204204559326  : 68 20 df 68 82 0c 63 59 6f 34 33 49 33 33 33 33 33 33 6a 16
160.845858335495    : 68 10 ef 68 04 0f 35 23 34 33 5a 61 33 33 33 33 97 33 ff ff 33 23 16
160.88819432258606  : 68 10 ef 68 84 01 34 88 16
160.94081354141235  : 68 31 ce 68 02 02 60 42 75 16
160.96190738677979  : 68 31 ce 68 82 0f 35 4c 33 33 33 34 97 33 34 33 4c 4c 4c 4c 4c 5b 16
161.03533291816711  : 68 20 df 68 02 02 38 3b 46 16
161.06655502319336  : 68 20 df 68 82 0c 63 59 6f 34 33 49 33 33 33 33 33 33 6a 16
161.15096187591553  : 68 10 ef 68 04 0f 35 23 34 33 5a 61 33 33 33 33 97 33 ff ff 33 23 16
161.18254923820496  : 68 10 ef 68 84 01 34 88 16
161.2451994419098   : 68 70 8f 68 02 02 53 39 5f 16
161.34799122810364  : 68 20 df 68 02 02 38 3b 46 16
161.36876153945923  : 68 20 df 68 82 0c 63 59 6f 34 33 49 33 33 33 33 33 33 6a 16
161.46112656593323  : 68 10 ef 68 04 0f 35 23 34 33 5a 61 33 33 33 33 97 33 ff ff 33 23 16
161.49224996566772  : 68 10 ef 68 84 01 34 88 16
161.54476118087769  : 68 31 ce 68 02 02 60 42 75 16
161.57639169692993  : 68 31 ce 68 82 0f 35 4c 33 33 33 34 97 33 34 33 4c 4c 4c 4c 4c 5b 16
161.65023183822632  : 68 20 df 68 02 02 38 3b 46 16
161.67163562774658  : 68 20 df 68 82 0c 63 59 6f 34 33 49 33 33 33 33 33 33 6a 16
161.76596760749817  : 68 10 ef 68 04 0f 35 23 34 33 5a 61 33 33 33 33 97 33 ff ff 33 23 16
161.7873718738556   : 68 10 ef 68 84 01 34 88 16
161.84991693496704  : 68 70 8f 68 02 02 53 39 5f 16
161.95529580116272  : 68 20 df 68 02 02 38 3b 46 16
161.97637844085693  : 68 20 df 68 82 0c 63 59 6f 34 33 49 33 33 33 33 33 33 6a 16
162.07098746299744  : 68 10 ef 68 04 0f 35 23 34 33 5a 61 33 33 33 33 97 33 ff ff 33 23 16
162.1129264831543   : 68 10 ef 68 84 01 34 88 16
162.1550416946411   : 68 31 ce 68 02 02 60 42 75 16
162.18677639961243  : 68 31 ce 68 82 0f 35 4c 33 33 33 34 97 33 34 33 4c 4c 4c 4c 4c 5b 16
162.26019287109375  : 68 20 df 68 02 02 38 3b 46 16
162.28128814697266  : 68 20 df 68 82 0c 63 59 6f 34 33 49 33 33 33 33 33 33 6a 16
162.37426924705505  : 68 10 ef 68 04 0f 35 23 34 33 5a 61 33 33 33 33 97 33 ff ff 33 23 16
162.4154703617096   : 68 10 ef 68 84 01 34 88 16
162.45783066749573  : 68 70 8f 68 02 02 53 39 5f 16
162.5619215965271   : 68 20 df 68 02 02 38 3b 46 16
162.5831151008606   : 68 20 df 68 82 0c 63 59 6f 34 33 49 33 33 33 33 33 33 6a 16
162.67803287506104  : 68 10 ef 68 04 0f 35 23 34 33 5a 61 33 33 33 33 97 33 ff ff 33 23 16
162.72012066841125  : 68 10 ef 68 84 01 34 88 16
162.76229906082153  : 68 31 ce 68 02 02 60 42 75 16
162.79381036758423  : 68 31 ce 68 82 0f 35 4c 33 33 33 34 97 33 34 33 4c 4c 4c 4c 4c 5b 16
162.8680591583252   : 68 20 df 68 02 02 38 3b 46 16
162.88883757591248  : 68 20 df 68 82 0c 63 59 6f 34 33 49 33 33 33 33 33 33 6a 16
162.98261785507202  : 68 10 ef 68 04 0f 35 23 34 33 5a 61 33 33 33 33 97 33 ff ff 33 23 16
163.01455664634705  : 68 10 ef 68 84 01 34 88 16
163.06715393066406  : 68 70 8f 68 02 02 53 39 5f 16
163.17227244377136  : 68 20 df 68 02 02 38 3b 46 16
163.20388770103455  : 68 20 df 68 82 0c 63 59 6f 34 33 49 33 33 33 33 33 33 6a 16
163.28809785842896  : 68 10 ef 68 04 0f 35 23 34 33 5a 61 33 33 33 33 97 33 ff ff 33 23 16
163.31938099861145  : 68 10 ef 68 84 01 34 88 16
163.38152360916138  : 68 31 ce 68 02 02 60 42 75 16
163.4025845527649   : 68 31 ce 68 82 0f 35 4c 33 33 33 34 97 33 34 33 4c 4c 4c 4c 4c 5b 16
163.47547268867493  : 68 20 df 68 02 02 38 3b 46 16
163.5076675415039   : 68 20 df 68 82 0c 63 59 6f 34 33 49 33 33 33 33 33 33 6a 16
163.5919222831726   : 68 10 ef 68 04 0f 35 23 34 33 5a 61 33 33 33 33 97 33 ff ff 33 23 16
163.62305188179016  : 68 10 ef 68 84 01 34 88 16
163.68498349189758  : 68 70 8f 68 02 02 53 39 5f 16
163.77973794937134  : 68 20 df 68 02 02 38 3b 46 16
163.81136775016785  : 68 20 df 68 82 0c 63 59 6f 34 33 49 33 33 33 33 53 33 8a 16
163.90569424629211  : 68 10 ef 68 04 0f 35 23 34 33 5a 61 33 33 33 33 97 33 ff ff 33 23 16
163.92688179016113  : 68 10 ef 68 84 01 34 88 16
163.99005246162415  : 68 31 ce 68 02 02 60 42 75 16
164.0216841697693   : 68 31 ce 68 82 0f 35 4c 33 33 33 35 97 33 34 33 4c 4c 4c 4c 4c 5c 16
164.0847795009613   : 68 20 df 68 02 02 38 3b 46 16
164.11614775657654  : 68 20 df 68 82 0c 63 59 6f 34 33 49 33 33 33 33 53 33 8a 16
164.20082712173462  : 68 10 ef 68 04 0f 35 23 34 33 5a 61 33 33 33 33 97 33 ff ff 33 23 16
164.25356650352478  : 68 10 ef 68 84 01 34 88 16
164.29587364196777  : 68 70 8f 68 02 02 53 39 5f 16
164.38958191871643  : 68 20 df 68 02 02 38 3b 46 16
164.42043471336365  : 68 20 df 68 82 0c 63 59 6f 34 33 49 33 33 33 33 53 33 8a 16
164.51364183425903  : 68 10 ef 68 04 0f 35 23 34 33 5a 61 33 33 33 33 97 33 ff ff 33 23 16
164.5450303554535   : 68 10 ef 68 84 01 34 88 16
164.59766030311584  : 68 31 ce 68 02 02 60 42 75 16
164.6297960281372   : 68 31 ce 68 82 0f 35 4c 33 33 33 35 97 33 34 33 4c 4c 4c 4c 4c 5c 16
164.70228052139282  : 68 20 df 68 02 02 38 3b 46 16
164.72310733795166  : 68 20 df 68 82 0c 63 59 6f 34 33 49 33 33 33 33 53 33 8a 16
164.81686902046204  : 68 10 ef 68 04 0f 35 23 34 33 5a 61 33 33 33 33 97 33 ff ff 33 23 16
164.84849095344543  : 68 10 ef 68 84 01 34 88 16
164.90128636360168  : 68 70 8f 68 02 02 53 39 5f 16
165.0065357685089   : 68 20 df 68 02 02 38 3b 46 16
165.02734112739563  : 68 20 df 68 82 0c 63 59 6f 34 33 49 33 33 33 33 53 33 8a 16
165.12160682678223  : 68 10 ef 68 04 0f 35 23 34 33 5a 61 33 33 33 33 97 33 ff ff 33 23 16
165.15317010879517  : 68 10 ef 68 84 01 34 88 16
165.20575332641602  : 68 31 ce 68 02 02 60 42 75 16
165.2373332977295   : 68 31 ce 68 82 0f 35 4c 33 33 33 35 97 33 34 33 4c 4c 4c 4c 4c 5c 16
165.31089425086975  : 68 20 df 68 02 02 38 3b 46 16
165.3317003250122   : 68 20 df 68 82 0c 63 59 6f 34 33 49 33 33 33 33 53 33 8a 16
165.425057888031    : 68 10 ef 68 04 0f 35 23 34 33 5a 61 33 33 33 33 97 33 ff ff 33 23 16
165.4466724395752   : 68 10 ef 68 84 01 34 88 16
165.50950407981873  : 68 70 8f 68 02 02 53 39 5f 16
165.61223578453064  : 68 20 df 68 02 02 38 3b 46 16
165.63362860679626  : 68 20 df 68 82 0c 63 59 6f 34 33 49 33 33 33 33 33 33 6a 16
165.7283673286438   : 68 10 ef 68 04 0f 35 23 34 33 5a 61 33 33 33 33 97 33 ff ff 33 23 16
165.76995730400085  : 68 10 ef 68 84 01 34 88 16
165.82169222831726  : 68 31 ce 68 02 02 60 42 75 16
165.84282040596008  : 68 31 ce 68 82 0f 35 4c 33 33 33 34 97 33 34 33 4c 4c 4c 4c 4c 5b 16
165.91647386550903  : 68 20 df 68 02 02 38 3b 46 16
165.94803547859192  : 68 20 df 68 82 0c 63 59 6f 34 33 49 33 33 33 33 33 33 6a 16
166.03171753883362  : 68 10 ef 68 04 0f 35 23 34 33 5a 61 33 33 33 33 97 33 ff ff 33 23 16
166.07432293891907  : 68 10 ef 68 84 01 34 88 16
166.12723875045776  : 68 70 8f 68 02 02 53 39 5f 16
166.22204899787903  : 68 20 df 68 02 02 38 3b 46 16
166.25395274162292  : 68 20 df 68 82 0c 63 59 6f 34 33 49 33 33 33 33 33 33 6a 16
166.33751463890076  : 68 10 ef 68 04 0f 35 23 34 33 5a 61 33 33 33 33 97 33 ff ff 33 23 16
166.37939548492432  : 68 10 ef 68 84 01 34 88 16
166.43174004554749  : 68 31 ce 68 02 02 60 42 75 16
166.45363593101501  : 68 31 ce 68 82 0f 35 4c 33 33 33 34 97 33 34 33 4c 4c 4c 4c 4c 5b 16
166.52700996398926  : 68 20 df 68 02 02 38 3b 46 16
166.55877089500427  : 68 20 df 68 82 0c 63 59 6f 34 33 49 33 33 33 33 33 33 6a 16
166.64191889762878  : 68 10 ef 68 04 0f 35 23 34 33 5a 61 33 33 33 33 97 33 ff ff 33 23 16
166.67381143569946  : 68 10 ef 68 84 01 34 88 16
166.73711729049683  : 68 70 8f 68 02 02 53 39 5f 16
166.8312315940857   : 68 20 df 68 02 02 38 3b 46 16
166.862220287323    : 68 20 df 68 82 0c 63 59 6f 34 33 49 33 33 33 33 33 33 6a 16
166.94626021385193  : 68 10 ef 68 04 0f 35 23 34 33 5a 61 33 33 33 33 97 33 ff ff 33 23 16
166.97789430618286  : 68 10 ef 68 84 01 34 88 16
167.04097247123718  : 68 31 ce 68 02 02 60 42 75 16
167.0621109008789   : 68 31 ce 68 82 0f 35 4c 33 33 33 35 97 33 34 33 4c 4c 4c 4c 4c 5c 16
167.13617539405823  : 68 20 df 68 02 02 38 3b 46 16
167.16781568527222  : 68 20 df 68 82 0c 63 59 6f 34 33 49 33 33 33 33 53 33 8a 16
167.2521777153015   : 68 10 ef 68 04 0f 35 23 34 33 5a 61 33 33 33 33 97 33 ff ff 33 23 16
167.28388357162476  : 68 10 ef 68 84 01 34 88 16
167.3466317653656   : 68 70 8f 68 02 02 53 39 5f 16
167.4409418106079   : 68 20 df 68 02 02 38 3b 46 16
167.47250509262085  : 68 20 df 68 82 0c 63 59 6f 34 33 49 33 33 33 33 53 33 8a 16
167.55641984939575  : 68 10 ef 68 04 0f 35 23 34 33 5a 61 33 33 33 33 97 33 ff ff 33 23 16
167.5878987312317   : 68 10 ef 68 84 01 34 88 16
167.65084648132324  : 68 31 ce 68 02 02 60 42 75 16
167.68186497688293  : 68 31 ce 68 82 0f 35 4c 33 33 33 35 97 33 34 33 4c 4c 4c 4c 4c 5c 16
167.75450015068054  : 68 20 df 68 02 02 38 3b 46 16
167.77583384513855  : 68 20 df 68 82 0c 63 59 6f 34 33 49 33 33 33 33 53 33 8a 16
167.87084460258484  : 68 10 ef 68 04 0f 35 23 34 33 5a 61 33 33 33 33 97 33 ff ff 33 23 16
167.91197419166565  : 68 10 ef 68 84 01 34 88 16
167.95304989814758  : 68 70 8f 68 02 02 53 39 5f 16
168.05782389640808  : 68 20 df 68 02 02 38 3b 46 16
168.07889437675476  : 68 20 df 68 82 0c 63 59 6f 34 33 49 33 33 33 33 53 33 8a 16
168.17384004592896  : 68 10 ef 68 04 0f 35 23 34 33 5a 61 33 33 33 33 97 33 ff ff 33 23 16
168.2054738998413   : 68 10 ef 68 84 01 34 88 16
168.2581000328064   : 68 31 ce 68 02 02 60 42 75 16
168.29018831253052  : 68 31 ce 68 82 0f 35 4c 33 33 33 34 97 33 34 33 4c 4c 4c 4c 4c 5b 16
168.36302208900452  : 68 20 df 68 02 02 38 3b 46 16
168.3838233947754   : 68 20 df 68 82 0c 63 59 6f 34 33 49 33 33 33 33 53 33 8a 16
168.47834491729736  : 68 10 ef 68 04 0f 35 23 34 33 5a 61 33 33 33 33 97 33 ff ff 33 23 16
168.51052737236023  : 68 10 ef 68 84 01 34 88 16
168.56286001205444  : 68 70 8f 68 02 02 53 39 5f 16
168.6677646636963   : 68 20 df 68 02 02 38 3b 46 16
168.68884015083313  : 68 20 df 68 82 0c 63 59 6f 34 33 49 33 33 33 33 53 33 8a 16
168.78203010559082  : 68 10 ef 68 04 0f 35 23 34 33 5a 61 33 33 33 33 97 33 ff ff 33 23 16
168.81300926208496  : 68 10 ef 68 84 01 34 88 16
168.86547207832336  : 68 31 ce 68 02 02 60 42 75 16
168.8970274925232   : 68 31 ce 68 82 0f 35 4c 33 33 33 34 97 33 34 33 4c 4c 4c 4c 4c 5b 16
168.97034168243408  : 68 20 df 68 02 02 38 3b 46 16
168.99132323265076  : 68 20 df 68 82 0c 63 59 6f 34 33 49 33 33 33 33 33 33 6a 16
169.0846643447876   : 68 10 ef 68 04 0f 35 23 34 33 5a 61 33 33 33 33 97 33 ff ff 33 23 16
169.1062467098236   : 68 10 ef 68 84 01 34 88 16
169.16935467720032  : 68 70 8f 68 02 02 53 39 5f 16
169.27427101135254  : 68 20 df 68 02 02 38 3b 46 16
169.29544615745544  : 68 20 df 68 82 0c 63 59 6f 34 33 49 33 33 33 33 33 33 6a 16
169.38911485671997  : 68 10 ef 68 04 0f 35 23 34 33 5a 61 33 33 33 33 97 33 ff ff 33 23 16
169.43104314804077  : 68 10 ef 68 84 01 34 88 16
169.47306323051453  : 68 31 ce 68 02 02 60 42 75 16
169.50446701049805  : 68 31 ce 68 82 0f 35 4c 33 33 33 34 97 33 34 33 4c 4c 4c 4c 4c 5b 16
169.57761478424072  : 68 20 df 68 02 02 38 3b 46 16
169.609477519989    : 68 20 df 68 82 0c 63 59 6f 34 33 49 33 33 33 33 33 33 6a 16
169.69346857070923  : 68 10 ef 68 04 0f 35 23 34 33 5a 61 33 33 33 33 97 33 ff ff 33 23 16
169.73564410209656  : 68 10 ef 68 84 01 34 88 16
169.78826689720154  : 68 70 8f 68 02 02 53 39 5f 16
169.88030409812927  : 68 20 df 68 02 02 38 3b 46 16
169.91192960739136  : 68 20 df 68 82 0c 63 59 6f 34 33 49 33 33 33 33 33 33 6a 16
170.00693726539612  : 68 10 ef 68 04 0f 35 23 34 33 5a 61 33 33 33 33 97 33 ff ff 33 23 16
170.03825044631958  : 68 10 ef 68 84 01 34 88 16
170.09005117416382  : 68 31 ce 68 02 02 60 42 75 16
170.12151193618774  : 68 31 ce 68 82 0f 35 4c 33 33 33 35 97 33 34 33 4c 4c 4c 4c 4c 5c 16
170.19509196281433  : 68 20 df 68 02 02 38 3b 46 16
170.21657156944275  : 68 20 df 68 82 0c 63 59 6f 34 33 49 33 33 33 33 53 33 8a 16
170.31102013587952  : 68 10 ef 68 04 0f 35 23 34 33 5a 61 33 33 33 33 97 33 ff ff 33 23 16
170.34265208244324  : 68 10 ef 68 84 01 34 88 16
170.3946611881256   : 68 70 8f 68 02 02 53 39 5f 16
170.49961805343628  : 68 20 df 68 02 02 38 3b 46 16
170.5209445953369   : 68 20 df 68 82 0c 63 59 6f 34 33 49 33 33 33 33 53 33 8a 16
170.61510109901428  : 68 10 ef 68 04 0f 35 23 34 33 5a 61 33 33 33 33 97 33 ff ff 33 23 16
170.63654232025146  : 68 10 ef 68 84 01 34 88 16
170.70017862319946  : 68 31 ce 68 02 02 60 42 75 16
170.73156547546387  : 68 31 ce 68 82 0f 35 4c 33 33 33 34 97 33 34 33 4c 4c 4c 4c 4c 5b 16
170.795156955719    : 68 20 df 68 02 02 38 3b 46 16
170.826762676239    : 68 20 df 68 82 0c 63 59 6f 34 33 49 33 33 33 33 53 33 8a 16
170.919757604599    : 68 10 ef 68 04 0f 35 23 34 33 5a 61 33 33 33 33 97 33 ff ff 33 23 16
170.94047093391418  : 68 10 ef 68 84 01 34 88 16
171.00314497947693  : 68 70 8f 68 02 02 53 39 5f 16
171.1077938079834   : 68 20 df 68 02 02 38 3b 46 16
171.12849354743958  : 68 20 df 68 82 0c 63 59 6f 34 33 49 33 33 33 33 53 33 8a 16
171.22317934036255  : 68 10 ef 68 04 0f 35 23 34 33 5a 61 33 33 33 33 97 33 ff ff 33 23 16
171.24432134628296  : 68 10 ef 68 84 01 34 88 16
171.30708026885986  : 68 31 ce 68 02 02 60 42 75 16
171.33808207511902  : 68 31 ce 68 82 0f 35 4c 33 33 33 35 97 33 34 33 4c 4c 4c 4c 4c 5c 16
171.4103879928589   : 68 20 df 68 02 02 38 3b 46 16
171.43116784095764  : 68 20 df 68 82 0c 63 59 6f 34 33 49 33 33 33 33 53 33 8a 16
171.52547097206116  : 68 10 ef 68 04 0f 35 23 34 33 5a 61 33 33 33 33 97 33 ff ff 33 23 16
171.56727194786072  : 68 10 ef 68 84 01 34 88 16
171.60901737213135  : 68 70 8f 68 02 02 53 39 5f 16
171.71472597122192  : 68 20 df 68 02 02 38 3b 46 16
171.73626136779785  : 68 20 df 68 82 0c 63 59 6f 34 33 49 33 33 33 33 53 33 8a 16
171.83121991157532  : 68 10 ef 68 04 0f 35 23 34 33 5a 61 33 33 33 33 97 33 ff ff 33 23 16
171.87413907051086  : 68 10 ef 68 84 01 34 88 16
171.91601014137268  : 68 31 ce 68 02 02 60 42 75 16
171.9473466873169   : 68 31 ce 68 82 0f 35 4c 33 33 33 34 97 33 34 33 4c 4c 4c 4c 4c 5b 16
172.0207142829895   : 68 20 df 68 02 02 38 3b 46 16
172.04217672348022  : 68 20 df 68 82 0c 63 59 6f 34 33 49 33 33 33 33 33 33 6a 16
172.1373007297516   : 68 10 ef 68 04 0f 35 23 34 33 5a 61 33 33 33 33 97 33 ff ff 33 23 16
172.1686773300171   : 68 10 ef 68 84 01 34 88 16
172.22011971473694  : 68 70 8f 68 02 02 53 39 5f 16
172.32450366020203  : 68 20 df 68 02 02 38 3b 46 16
172.34604120254517  : 68 20 df 68 82 0c 63 59 6f 34 33 49 33 33 33 33 33 33 6a 16
172.43943762779236  : 68 10 ef 68 04 0f 35 23 34 33 5a 61 33 33 33 33 97 33 ff ff 33 23 16
172.47012853622437  : 68 10 ef 68 84 01 34 88 16
172.53278875350952  : 68 31 ce 68 02 02 60 42 75 16
172.55403590202332  : 68 31 ce 68 82 0f 35 4c 33 33 33 34 97 33 34 33 4c 4c 4c 4c 4c 5b 16
172.62808275222778  : 68 20 df 68 02 02 38 3b 46 16
172.65983486175537  : 68 20 df 68 82 0c 63 59 6f 34 33 49 33 33 33 33 33 33 6a 16
172.74372911453247  : 68 10 ef 68 04 0f 35 23 34 33 5a 61 33 33 33 33 97 33 ff ff 33 23 16
172.77564525604248  : 68 10 ef 68 84 01 34 88 16
172.83910465240479  : 68 70 8f 68 02 02 53 39 5f 16
172.93345189094543  : 68 20 df 68 02 02 38 3b 46 16
172.96478033065796  : 68 20 df 68 82 0c 63 59 6f 34 33 49 33 33 33 33 33 33 6a 16
173.04789781570435  : 68 10 ef 68 04 0f 35 23 34 33 5a 61 33 33 33 33 97 33 ff ff 33 23 16
173.09939241409302  : 68 10 ef 68 84 01 34 88 16
173.141606092453    : 68 31 ce 68 02 02 60 42 75 16
173.16271567344666  : 68 31 ce 68 82 0f 35 4c 33 33 33 34 97 33 34 33 4c 4c 4c 4c 4c 5b 16
173.23638892173767  : 68 20 df 68 02 02 38 3b 46 16
173.26727437973022  : 68 20 df 68 82 0c 63 59 6f 34 33 49 33 33 33 33 33 33 6a 16
173.36056804656982  : 68 10 ef 68 04 0f 35 23 34 33 5a 61 33 33 33 33 97 33 ff ff 33 23 16
173.3918535709381   : 68 10 ef 68 84 01 34 88 16
173.44361448287964  : 68 70 8f 68 02 02 53 39 5f 16
173.54893517494202  : 68 20 df 68 02 02 38 3b 46 16
173.57021403312683  : 68 20 df 68 82 0c 63 59 6f 34 33 49 33 33 33 33 33 33 6a 16
173.66496443748474  : 68 10 ef 68 04 0f 35 23 34 33 5a 61 33 33 33 33 97 33 ff ff 33 23 16
173.69689679145813  : 68 10 ef 68 84 01 34 88 16
173.74957394599915  : 68 31 ce 68 02 02 60 42 75 16
173.7808780670166   : 68 31 ce 68 82 0f 35 4c 33 33 33 34 97 33 34 33 4c 4c 4c 4c 4c 5b 16
173.85442304611206  : 68 20 df 68 02 02 38 3b 46 16
173.87568259239197  : 68 20 df 68 82 0c 63 59 6f 34 33 49 33 33 33 33 33 33 6a 16
173.9704728126526   : 68 10 ef 68 04 0f 35 23 34 33 5a 61 33 33 33 33 97 33 ff ff 33 23 16
174.00235772132874  : 68 10 ef 68 84 01 34 88 16
174.0551130771637   : 68 70 8f 68 02 02 53 39 5f 16
174.15807032585144  : 68 20 df 68 02 02 38 3b 46 16
174.1792187690735   : 68 20 df 68 82 0c 63 59 6f 34 33 49 33 33 33 33 33 33 6a 16
174.2737171649933   : 68 10 ef 68 04 0f 35 23 34 33 5a 61 33 33 33 33 97 33 ff ff 33 23 16
174.30521392822266  : 68 10 ef 68 84 01 34 88 16
174.35687065124512  : 68 31 ce 68 02 02 60 42 75 16
174.38793087005615  : 68 31 ce 68 82 0f 35 4c 33 33 33 34 97 33 34 33 4c 4c 4c 4c 4c 5b 16
174.45970153808594  : 68 20 df 68 02 02 38 3b 46 16
174.49059748649597  : 68 20 df 68 82 0c 63 59 6f 34 33 49 33 33 33 33 33 33 6a 16
174.57455682754517  : 68 10 ef 68 04 0f 35 23 34 33 5a 61 33 33 33 33 97 33 ff ff 33 23 16
174.60649991035461  : 68 10 ef 68 84 01 34 88 16
174.66905188560486  : 68 70 8f 68 02 02 53 39 5f 16
174.7637746334076   : 68 20 df 68 02 02 38 3b 46 16
174.79531526565552  : 68 20 df 68 82 0c 63 59 6f 34 33 49 33 33 33 33 33 33 6a 16
174.87905716896057  : 68 10 ef 68 04 0f 35 23 34 33 5a 61 33 33 33 33 97 33 ff ff 33 23 16
174.90050053596497  : 68 10 ef 68 84 01 34 88 16
174.97395873069763  : 68 31 ce 68 02 02 60 42 75 16
174.99510431289673  : 68 31 ce 68 82 0f 35 4c 33 33 33 34 97 33 34 33 4c 4c 4c 4c 4c 5b 16
175.06859040260315  : 68 20 df 68 02 02 38 3b 46 16
175.10020923614502  : 68 20 df 68 82 0c 63 59 6f 34 33 49 33 33 33 33 33 33 6a 16
175.18323945999146  : 68 10 ef 68 04 0f 35 23 34 33 5a 61 33 33 33 33 97 33 ff ff 33 23 16
175.23530554771423  : 68 10 ef 68 84 01 34 88 16
175.27716326713562  : 68 70 8f 68 02 02 53 39 5f 16
175.37157702445984  : 68 20 df 68 02 02 38 3b 46 16
175.40273642539978  : 68 20 df 68 82 0c 63 59 6f 34 33 49 33 33 33 33 33 33 6a 16
175.49554562568665  : 68 10 ef 68 04 0f 35 23 34 33 5a 61 33 33 33 33 97 33 ff ff 33 23 16
175.5265519618988   : 68 10 ef 68 84 01 34 88 16
175.5792076587677   : 68 31 ce 68 02 02 60 42 75 16
175.61121249198914  : 68 31 ce 68 82 0f 35 4c 33 33 33 34 97 33 34 33 4c 4c 4c 4c 4c 5b 16
175.68534064292908  : 68 20 df 68 02 02 38 3b 46 16
175.70672965049744  : 68 20 df 68 82 0c 63 59 6f 34 33 49 33 33 33 33 33 33 6a 16
175.8011417388916   : 68 10 ef 68 04 0f 35 23 34 33 5a 61 33 33 33 33 97 33 ff ff 33 23 16
175.83284521102905  : 68 10 ef 68 84 01 34 88 16
175.8855094909668   : 68 70 8f 68 02 02 53 39 5f 16
175.9909462928772   : 68 20 df 68 02 02 38 3b 46 16
176.01204562187195  : 68 20 df 68 82 0c 63 59 6f 34 33 49 33 33 33 33 33 33 6a 16
176.10655546188354  : 68 10 ef 68 04 0f 35 23 34 33 5a 61 33 33 33 33 97 33 ff ff 33 23 16
176.1278200149536   : 68 10 ef 68 84 01 34 88 16
176.19126963615417  : 68 31 ce 68 02 02 60 42 75 16
176.22254514694214  : 68 31 ce 68 82 0f 35 4c 33 33 33 34 97 33 34 33 4c 4c 4c 4c 4c 5b 16
176.29487824440002  : 68 20 df 68 02 02 38 3b 46 16
176.3160309791565   : 68 20 df 68 82 0c 63 59 6f 34 33 49 33 33 33 33 33 33 6a 16
176.41126656532288  : 68 10 ef 68 04 0f 35 23 34 33 5a 61 33 33 33 33 97 33 ff ff 33 23 16
176.4320104122162   : 68 10 ef 68 84 01 34 88 16
176.49357986450195  : 68 70 8f 68 02 02 53 39 5f 16
176.59678554534912  : 68 20 df 68 02 02 38 3b 46 16
176.61744356155396  : 68 20 df 68 82 0c 63 59 6f 34 33 49 33 33 33 33 33 33 6a 16
176.71140384674072  : 68 10 ef 68 04 0f 35 23 34 33 5a 61 33 33 33 33 97 33 ff ff 33 23 16
176.75376224517822  : 68 10 ef 68 84 01 34 88 16
176.79553627967834  : 68 31 ce 68 02 02 60 42 75 16
176.82707452774048  : 68 31 ce 68 82 0f 35 4c 33 33 33 34 97 33 34 33 4c 4c 4c 4c 4c 5b 16
176.90065169334412  : 68 20 df 68 02 02 38 3b 46 16
176.9219901561737   : 68 20 df 68 82 0c 63 59 6f 34 33 49 33 33 33 33 33 33 6a 16
177.01643991470337  : 68 10 ef 68 04 0f 35 23 34 33 5a 61 33 33 33 33 97 33 ff ff 33 23 16
177.05815720558167  : 68 10 ef 68 84 01 34 88 16
177.1002357006073   : 68 70 8f 68 02 02 53 39 5f 16
177.2049524784088   : 68 20 df 68 02 02 38 3b 46 16
177.23660564422607  : 68 20 df 68 82 0c 63 59 6f 34 33 49 33 33 33 33 33 33 6a 16
177.31933879852295  : 68 10 ef 68 04 0f 35 23 34 33 5a 61 33 33 33 33 97 33 ff ff 33 23 16
177.3617718219757   : 68 10 ef 68 84 01 34 88 16
177.41500520706177  : 68 31 ce 68 02 02 60 42 75 16
177.4361002445221   : 68 31 ce 68 82 0f 35 4c 33 33 33 34 97 33 34 33 4c 4c 4c 4c 4c 5b 16
177.5076413154602   : 68 20 df 68 02 02 38 3b 46 16
177.5386426448822   : 68 20 df 68 82 0c 63 59 6f 34 33 49 33 33 33 33 53 33 8a 16
177.63100862503052  : 68 10 ef 68 04 0f 35 23 34 33 5a 61 33 33 33 33 97 33 ff ff 33 23 16
177.66217231750488  : 68 10 ef 68 84 01 34 88 16
177.71468806266785  : 68 70 8f 68 02 02 53 39 5f 16
177.8199667930603   : 68 20 df 68 02 02 38 3b 46 16
177.84081864356995  : 68 20 df 68 82 0c 63 59 6f 34 33 49 33 33 33 33 53 33 8a 16
177.93642950057983  : 68 10 ef 68 04 0f 35 23 34 33 5a 61 33 33 33 33 97 33 ff ff 33 23 16
177.9574692249298   : 68 10 ef 68 84 01 34 88 16
178.02067685127258  : 68 31 ce 68 02 02 60 42 75 16
178.0522735118866   : 68 31 ce 68 82 0f 35 4c 33 33 33 34 97 33 34 33 4c 4c 4c 4c 4c 5b 16
178.12592315673828  : 68 20 df 68 02 02 38 3b 46 16
178.14694333076477  : 68 20 df 68 82 0c 63 59 6f 34 33 49 33 33 33 33 53 33 8a 16
178.24078965187073  : 68 10 ef 68 04 0f 35 23 34 33 5a 61 33 33 33 33 97 33 ff ff 33 23 16
178.2619605064392   : 68 10 ef 68 84 01 34 88 16
178.32498049736023  : 68 70 8f 68 02 02 53 39 5f 16
178.4285547733307   : 68 20 df 68 02 02 38 3b 46 16
178.450110912323    : 68 20 df 68 82 0c 63 59 6f 34 33 49 33 33 33 33 53 33 8a 16
178.5418496131897   : 68 10 ef 68 04 0f 35 23 34 33 5a 61 33 33 33 33 97 33 ff ff 33 23 16
178.56294107437134  : 68 10 ef 68 84 01 34 88 16
178.63489603996277  : 68 31 ce 68 02 02 60 42 75 16
178.65573811531067  : 68 31 ce 68 82 0f 35 4c 33 33 33 35 97 33 34 33 4c 4c 4c 4c 4c 5c 16
178.72908520698547  : 68 20 df 68 02 02 38 3b 46 16
178.7606372833252   : 68 20 df 68 82 0c 63 59 6f 34 33 49 33 33 33 33 53 33 8a 16
178.84410095214844  : 68 10 ef 68 04 0f 35 23 34 33 5a 61 33 33 33 33 97 33 ff ff 33 23 16
178.8951756954193   : 68 10 ef 68 84 01 34 88 16
178.93630051612854  : 68 70 8f 68 02 02 53 39 5f 16
179.04068112373352  : 68 20 df 68 02 02 38 3b 46 16
179.06177401542664  : 68 20 df 68 82 0c 63 59 6f 34 33 49 33 33 33 33 53 33 8a 16
179.15636324882507  : 68 10 ef 68 04 0f 35 23 34 33 5a 61 33 33 33 33 97 33 ff ff 33 23 16
179.1881058216095   : 68 10 ef 68 84 01 34 88 16
179.24090909957886  : 68 31 ce 68 02 02 60 42 75 16
179.27247190475464  : 68 31 ce 68 82 0f 35 4c 33 33 33 35 97 33 34 33 4c 4c 4c 4c 4c 5c 16
179.34550309181213  : 68 20 df 68 02 02 38 3b 46 16
179.3672342300415   : 68 20 df 68 82 0c 63 59 6f 34 33 49 33 33 33 33 53 33 8a 16
179.4596471786499   : 68 10 ef 68 04 0f 35 23 34 33 5a 61 33 33 33 33 97 33 ff ff 33 23 16
179.49098896980286  : 68 10 ef 68 84 01 34 88 16
179.542555809021    : 68 70 8f 68 02 02 53 39 5f 16
179.64616560935974  : 68 20 df 68 02 02 38 3b 46 16
179.67712306976318  : 68 20 df 68 82 0c 63 59 6f 34 33 49 33 33 33 33 53 33 8a 16
179.75985288619995  : 68 10 ef 68 04 0f 35 23 34 33 5a 61 33 33 33 33 97 33 ff ff 33 23 16
179.79136085510254  : 68 10 ef 68 84 01 34 88 16
179.8544056415558   : 68 31 ce 68 02 02 60 42 75 16
179.8859486579895   : 68 31 ce 68 82 0f 35 4c 33 33 33 35 97 33 34 33 4c 4c 4c 4c 4c 5c 16
179.94884276390076  : 68 20 df 68 02 02 38 3b 46 16
179.98012924194336  : 68 20 df 68 82 0c 63 59 6f 34 33 49 33 33 33 33 53 33 8a 16
180.07436728477478  : 68 10 ef 68 04 0f 35 23 34 33 5a 61 33 33 33 33 97 33 ff ff 33 23 16
180.09548473358154  : 68 10 ef 68 84 01 34 88 16
180.15917873382568  : 68 70 8f 68 02 02 53 39 5f 16
180.253187417984    : 68 20 df 68 02 02 38 3b 46 16
180.28473210334778  : 68 20 df 68 82 0c 63 59 6f 34 33 49 33 33 33 33 33 33 6a 16
180.37938117980957  : 68 10 ef 68 04 0f 35 23 34 33 5a 61 33 33 33 33 97 33 ff ff 33 23 16
180.42145419120789  : 68 10 ef 68 84 01 34 88 16
180.4632921218872   : 68 31 ce 68 02 02 60 42 75 16
180.49432468414307  : 68 31 ce 68 82 0f 35 4c 33 33 33 34 97 33 34 33 4c 4c 4c 4c 4c 5b 16
180.56576871871948  : 68 20 df 68 02 02 38 3b 46 16
180.58647418022156  : 68 20 df 68 82 0c 63 59 6f 34 33 49 33 33 33 33 33 33 6a 16
180.6796715259552   : 68 10 ef 68 04 0f 35 23 34 33 5a 61 33 33 33 33 97 33 ff ff 33 23 16
180.72135829925537  : 68 10 ef 68 84 01 34 88 16
180.76260352134705  : 68 70 8f 68 02 02 53 39 5f 16
180.8676986694336   : 68 20 df 68 02 02 38 3b 46 16
180.88859009742737  : 68 20 df 68 82 0c 63 59 6f 34 33 49 33 33 33 33 33 33 6a 16
180.98259353637695  : 68 10 ef 68 04 0f 35 23 34 33 5a 61 33 33 33 33 97 33 ff ff 33 23 16
181.02446293830872  : 68 10 ef 68 84 01 34 88 16
181.06654810905457  : 68 31 ce 68 02 02 60 42 75 16
181.09815573692322  : 68 31 ce 68 82 0f 35 4c 33 33 33 34 97 33 34 33 4c 4c 4c 4c 4c 5b 16
181.17209339141846  : 68 20 df 68 02 02 38 3b 46 16
181.20364928245544  : 68 20 df 68 82 0c 63 59 6f 34 33 49 33 33 33 33 33 33 6a 16
181.28791880607605  : 68 10 ef 68 04 0f 35 23 34 33 5a 61 33 33 33 33 97 33 ff ff 33 23 16
181.3191738128662   : 68 10 ef 68 84 01 34 88 16
181.3717963695526   : 68 70 8f 68 02 02 53 39 5f 16
181.4743115901947   : 68 20 df 68 02 02 38 3b 46 16
181.5055856704712   : 68 20 df 68 82 0c 63 59 6f 34 33 49 33 33 33 33 33 33 6a 16
181.59781503677368  : 68 10 ef 68 04 0f 35 23 34 33 5a 61 33 33 33 33 97 33 ff ff 33 23 16
181.6187868118286   : 68 10 ef 68 84 01 34 88 16
181.68228244781494  : 68 31 ce 68 02 02 60 42 75 16
181.71359300613403  : 68 31 ce 68 82 0f 35 4c 33 33 33 34 97 33 34 33 4c 4c 4c 4c 4c 5b 16
181.7865719795227   : 68 20 df 68 02 02 38 3b 46 16
181.80731105804443  : 68 20 df 68 82 0c 63 59 6f 34 33 49 33 33 33 33 33 33 6a 16
181.90038561820984  : 68 10 ef 68 04 0f 35 23 34 33 5a 61 33 33 33 33 97 33 ff ff 33 23 16
181.92116689682007  : 68 10 ef 68 84 01 34 88 16
181.98352885246277  : 68 70 8f 68 02 02 53 39 5f 16
182.08852076530457  : 68 20 df 68 02 02 38 3b 46 16
182.10928964614868  : 68 20 df 68 82 0c 63 59 6f 34 33 49 33 33 33 33 33 33 6a 16
182.20396876335144  : 68 10 ef 68 04 0f 35 23 34 33 5a 61 33 33 33 33 97 33 ff ff 33 23 16
182.22520756721497  : 68 10 ef 68 84 01 34 88 16
182.28835272789001  : 68 31 ce 68 02 02 60 42 75 16
182.3196737766266   : 68 31 ce 68 82 0f 35 4c 33 33 33 34 97 33 34 33 4c 4c 4c 4c 4c 5b 16
182.3929169178009   : 68 20 df 68 02 02 38 3b 46 16
182.41404724121094  : 68 20 df 68 82 0c 63 59 6f 34 33 49 33 33 33 33 33 33 6a 16
182.5081832408905   : 68 10 ef 68 04 0f 35 23 34 33 5a 61 33 33 33 33 97 33 ff ff 33 23 16
182.54967164993286  : 68 10 ef 68 84 01 34 88 16
182.60164999961853  : 68 70 8f 68 02 02 53 39 5f 16
182.69374680519104  : 68 20 df 68 02 02 38 3b 46 16
182.72526669502258  : 68 20 df 68 82 0c 63 59 6f 34 33 49 33 33 33 33 33 33 6a 16
182.81939005851746  : 68 10 ef 68 04 0f 35 23 34 33 5a 61 33 33 33 33 97 33 ff ff 33 23 16
182.85048961639404  : 68 10 ef 68 84 01 34 88 16
182.90171909332275  : 68 31 ce 68 02 02 60 42 75 16
182.93289041519165  : 68 31 ce 68 82 0f 35 4c 33 33 33 34 97 33 34 33 4c 4c 4c 4c 4c 5b 16
183.0066659450531   : 68 20 df 68 02 02 38 3b 46 16
183.0277955532074   : 68 20 df 68 82 0c 63 59 6f 34 33 49 33 33 33 33 33 33 6a 16
183.12245917320251  : 68 10 ef 68 04 0f 35 23 34 33 5a 61 33 33 33 33 97 33 ff ff 33 23 16
183.15437960624695  : 68 10 ef 68 84 01 34 88 16
183.20697402954102  : 68 70 8f 68 02 02 53 39 5f 16
183.3114573955536   : 68 20 df 68 02 02 38 3b 46 16
183.33326196670532  : 68 20 df 68 82 0c 63 59 6f 34 33 49 33 33 33 33 33 33 6a 16
183.42755770683289  : 68 10 ef 68 04 0f 35 23 34 33 5a 61 33 33 33 33 97 33 ff ff 33 23 16
183.4486312866211   : 68 10 ef 68 84 01 34 88 16
183.51109910011292  : 68 31 ce 68 02 02 60 42 75 16
183.54213857650757  : 68 31 ce 68 82 0f 35 4c 33 33 33 34 97 33 34 33 4c 4c 4c 4c 4c 5b 16
183.61528730392456  : 68 20 df 68 02 02 38 3b 46 16
183.63634490966797  : 68 20 df 68 82 0c 63 59 6f 34 33 49 33 33 33 33 33 33 6a 16
183.72894430160522  : 68 10 ef 68 04 0f 35 23 34 33 5a 61 33 33 33 33 97 33 ff ff 33 23 16
183.75028204917908  : 68 10 ef 68 84 01 34 88 16
183.81309390068054  : 68 70 8f 68 02 02 53 39 5f 16
183.9176731109619   : 68 20 df 68 02 02 38 3b 46 16
183.93842577934265  : 68 20 df 68 82 0c 63 59 6f 34 33 49 33 33 33 33 33 33 6a 16
184.03178811073303  : 68 10 ef 68 04 0f 35 23 34 33 5a 61 33 33 33 33 97 33 ff ff 33 23 16
184.0740168094635   : 68 10 ef 68 84 01 34 88 16
184.1269977092743   : 68 31 ce 68 02 02 60 42 75 16
184.14810276031494  : 68 31 ce 68 82 0f 35 4c 33 33 33 34 97 33 34 33 4c 4c 4c 4c 4c 5b 16
184.2216935157776   : 68 20 df 68 02 02 38 3b 46 16
184.2532935142517   : 68 20 df 68 82 0c 63 59 6f 34 33 49 33 33 33 33 33 33 6a 16
184.33753871917725  : 68 10 ef 68 04 0f 35 23 34 33 5a 61 33 33 33 33 97 33 ff ff 33 23 16
184.3795804977417   : 68 10 ef 68 84 01 34 88 16
184.43247509002686  : 68 70 8f 68 02 02 53 39 5f 16
184.5263409614563   : 68 20 df 68 02 02 38 3b 46 16
184.55750393867493  : 68 20 df 68 82 0c 63 59 6f 34 33 49 33 33 33 33 33 33 6a 16
184.6503713130951   : 68 10 ef 68 04 0f 35 23 34 33 5a 61 33 33 33 33 97 33 ff ff 33 23 16
184.68192625045776  : 68 10 ef 68 84 01 34 88 16
184.73435521125793  : 68 31 ce 68 02 02 60 42 75 16
184.765296459198    : 68 31 ce 68 82 0f 35 4c 33 33 33 34 97 33 34 33 4c 4c 4c 4c 4c 5b 16
184.83843851089478  : 68 20 df 68 02 02 38 3b 46 16
184.85960340499878  : 68 20 df 68 82 0c 63 59 6f 34 33 49 33 33 33 33 33 33 6a 16
184.95440793037415  : 68 10 ef 68 04 0f 35 23 34 33 5a 61 33 33 33 33 97 33 ff ff 33 23 16
184.98546171188354  : 68 10 ef 68 84 01 34 88 16
185.03697276115417  : 68 70 8f 68 02 02 53 39 5f 16
185.143070936203    : 68 20 df 68 02 02 38 3b 46 16
185.16411089897156  : 68 20 df 68 82 0c 63 59 6f 34 33 49 33 33 33 33 33 33 6a 16
185.25838947296143  : 68 10 ef 68 04 0f 35 23 34 33 5a 61 33 33 33 33 97 33 ff ff 33 23 16
185.27946591377258  : 68 10 ef 68 84 01 34 88 16
185.34195017814636  : 68 31 ce 68 02 02 60 42 75 16
185.3735547065735   : 68 31 ce 68 82 0f 35 4c 33 33 33 34 97 33 34 33 4c 4c 4c 4c 4c 5b 16
185.44747471809387  : 68 20 df 68 02 02 38 3b 46 16
185.46853065490723  : 68 20 df 68 82 0c 63 59 6f 34 33 49 33 33 33 33 33 33 6a 16
185.56214785575867  : 68 10 ef 68 04 0f 35 23 34 33 5a 61 33 33 33 33 97 33 ff ff 33 23 16
185.58318662643433  : 68 10 ef 68 84 01 34 88 16
185.64578223228455  : 68 70 8f 68 02 02 53 39 5f 16
185.75177645683289  : 68 20 df 68 02 02 38 3b 46 16
185.77253317832947  : 68 20 df 68 82 0c 63 59 6f 34 33 49 33 33 33 33 33 33 6a 16
185.86500430107117  : 68 10 ef 68 04 0f 35 23 34 33 5a 61 33 33 33 33 97 33 ff ff 33 23 16
185.88611388206482  : 68 10 ef 68 84 01 34 88 16
185.9493761062622   : 68 31 ce 68 02 02 60 42 75 16
185.9809286594391   : 68 31 ce 68 82 0f 35 4c 33 33 33 34 97 33 34 33 4c 4c 4c 4c 4c 5b 16
186.05358695983887  : 68 20 df 68 02 02 38 3b 46 16
186.0746293067932   : 68 20 df 68 82 0c 63 59 6f 34 33 49 33 33 33 33 33 33 6a 16
186.1680839061737   : 68 10 ef 68 04 0f 35 23 34 33 5a 61 33 33 33 33 97 33 ff ff 33 23 16
186.21010541915894  : 68 10 ef 68 84 01 34 88 16
186.26266026496887  : 68 70 8f 68 02 02 53 39 5f 16
186.35708856582642  : 68 20 df 68 02 02 38 3b 46 16
186.38886761665344  : 68 20 df 68 82 0c 63 59 6f 34 33 49 33 33 33 33 33 33 6a 16
186.47300124168396  : 68 10 ef 68 04 0f 35 23 34 33 5a 61 33 33 33 33 97 33 ff ff 33 23 16
186.51555800437927  : 68 10 ef 68 84 01 34 88 16
186.56723284721375  : 68 31 ce 68 02 02 60 42 75 16
186.59804797172546  : 68 31 ce 68 82 0f 35 4c 33 33 33 35 97 33 34 33 4c 4c 4c 4c 4c 5c 16
186.66040325164795  : 68 20 df 68 02 02 38 3b 46 16
186.6919322013855   : 68 20 df 68 82 0c 63 59 6f 34 33 49 33 33 33 33 33 33 6a 16
186.77625703811646  : 68 10 ef 68 04 0f 35 23 34 33 5a 61 33 33 33 33 97 33 ff ff 33 23 16
186.81858611106873  : 68 10 ef 68 84 01 34 88 16
186.87096405029297  : 68 70 8f 68 02 02 53 39 5f 16
186.97384524345398  : 68 20 df 68 02 02 38 3b 46 16
186.99464797973633  : 68 20 df 68 82 0c 63 59 6f 34 33 49 33 33 33 33 33 33 6a 16
187.08921217918396  : 68 10 ef 68 04 0f 35 23 34 33 5a 61 33 33 33 33 97 33 ff ff 33 23 16
187.10996317863464  : 68 10 ef 68 84 01 34 88 16
187.17168021202087  : 68 31 ce 68 02 02 60 42 75 16
187.2028660774231   : 68 31 ce 68 82 0f 35 4c 33 33 33 34 97 33 34 33 4c 4c 4c 4c 4c 5b 16
187.27645468711853  : 68 20 df 68 02 02 38 3b 46 16
187.2974293231964   : 68 20 df 68 82 0c 63 59 6f 34 33 49 33 33 33 33 33 33 6a 16
187.39330101013184  : 68 10 ef 68 04 0f 35 23 34 33 5a 61 33 33 33 33 97 33 ff ff 33 23 16
187.41432428359985  : 68 10 ef 68 84 01 34 88 16
187.47678661346436  : 68 70 8f 68 02 02 53 39 5f 16
187.58037066459656  : 68 20 df 68 02 02 38 3b 46 16
187.60169506072998  : 68 20 df 68 82 0c 63 59 6f 34 33 49 33 33 33 33 33 33 6a 16
187.6957414150238   : 68 10 ef 68 04 0f 35 23 34 33 5a 61 33 33 33 33 97 33 ff ff 33 23 16
187.73814249038696  : 68 10 ef 68 84 01 34 88 16
187.7799427509308   : 68 31 ce 68 02 02 60 42 75 16
187.81180906295776  : 68 31 ce 68 82 0f 35 4c 33 33 33 34 97 33 34 33 4c 4c 4c 4c 4c 5b 16
187.8854739665985   : 68 20 df 68 02 02 38 3b 46 16
187.9065659046173   : 68 20 df 68 82 0c 63 59 6f 34 33 49 33 33 33 33 33 33 6a 16
187.9992847442627   : 68 10 ef 68 04 0f 35 23 34 33 5a 61 33 33 33 33 97 33 ff ff 33 23 16
188.04037880897522  : 68 10 ef 68 84 01 34 88 16
188.0930690765381   : 68 70 8f 68 02 02 53 39 5f 16
188.18704390525818  : 68 20 df 68 02 02 38 3b 46 16
188.21800208091736  : 68 20 df 68 82 0c 63 59 6f 34 33 49 33 33 33 33 33 33 6a 16
188.31170558929443  : 68 10 ef 68 04 0f 35 23 34 33 5a 61 33 33 33 33 97 33 ff ff 33 23 16
188.34361743927002  : 68 10 ef 68 84 01 34 88 16
188.3960313796997   : 68 31 ce 68 02 02 60 42 75 16
188.428071975708    : 68 31 ce 68 82 0f 35 4c 33 33 33 34 97 33 34 33 4c 4c 4c 4c 4c 5b 16
188.49121356010437  : 68 20 df 68 02 02 38 3b 46 16
188.52272081375122  : 68 20 df 68 82 0c 63 59 6f 34 33 49 33 33 33 33 33 33 6a 16
188.61616897583008  : 68 10 ef 68 04 0f 35 23 34 33 5a 61 33 33 33 33 97 33 ff ff 33 23 16
188.64777064323425  : 68 10 ef 68 84 01 34 88 16
188.7003026008606   : 68 70 8f 68 02 02 53 39 5f 16
188.80516052246094  : 68 20 df 68 02 02 38 3b 46 16
188.82621598243713  : 68 20 df 68 82 0c 63 59 6f 34 33 49 33 33 33 33 33 33 6a 16
188.92086243629456  : 68 10 ef 68 04 0f 35 23 34 33 5a 61 33 33 33 33 97 33 ff ff 33 23 16
188.94192385673523  : 68 10 ef 68 84 01 34 88 16
189.00505828857422  : 68 31 ce 68 02 02 60 42 75 16
189.03611373901367  : 68 31 ce 68 82 0f 35 4c 33 33 33 34 97 33 34 33 4c 4c 4c 4c 4c 5b 16
189.10920310020447  : 68 20 df 68 02 02 38 3b 46 16
189.13021779060364  : 68 20 df 68 82 0c 63 59 6f 34 33 49 33 33 33 33 33 33 6a 16
189.22448229789734  : 68 10 ef 68 04 0f 35 23 34 33 5a 61 33 33 33 33 97 33 ff ff 33 23 16
189.24562764167786  : 68 10 ef 68 84 01 34 88 16
189.3071527481079   : 68 70 8f 68 02 02 53 39 5f 16
189.41148328781128  : 68 20 df 68 02 02 38 3b 46 16
189.43313002586365  : 68 20 df 68 82 0c 63 59 6f 34 33 49 33 33 33 33 33 33 6a 16
189.52774333953857  : 68 10 ef 68 04 0f 35 23 34 33 5a 61 33 33 33 33 97 33 ff ff 33 23 16
189.5491213798523   : 68 10 ef 68 84 01 34 88 16
189.61051726341248  : 68 31 ce 68 02 02 60 42 75 16
189.64208030700684  : 68 31 ce 68 82 0f 35 4c 33 33 33 34 97 33 34 33 4c 4c 4c 4c 4c 5b 16
189.7155318260193   : 68 20 df 68 02 02 38 3b 46 16
189.7364203929901   : 68 20 df 68 82 0c 63 59 6f 34 33 49 33 33 33 33 33 33 6a 16
189.83033275604248  : 68 10 ef 68 04 0f 35 23 34 33 5a 61 33 33 33 33 97 33 ff ff 33 23 16
189.872549533844    : 68 10 ef 68 84 01 34 88 16
189.91432166099548  : 68 70 8f 68 02 02 53 39 5f 16
190.0187964439392   : 68 20 df 68 02 02 38 3b 46 16
190.05039286613464  : 68 20 df 68 82 0c 63 59 6f 34 33 49 33 33 33 33 33 33 6a 16
190.13261151313782  : 68 10 ef 68 04 0f 35 23 34 33 5a 61 33 33 33 33 97 33 ff ff 33 23 16
190.17400217056274  : 68 10 ef 68 84 01 34 88 16
190.2262899875641   : 68 31 ce 68 02 02 60 42 75 16
190.25818133354187  : 68 31 ce 68 82 0f 35 4c 33 33 33 34 97 33 34 33 4c 4c 4c 4c 4c 5b 16
190.3208920955658   : 68 20 df 68 02 02 38 3b 46 16
190.35183477401733  : 68 20 df 68 82 0c 63 59 6f 34 33 49 33 33 33 33 33 33 6a 16
190.44516897201538  : 68 10 ef 68 04 0f 35 23 34 33 5a 61 33 33 33 33 97 33 ff ff 33 23 16
190.47676157951355  : 68 10 ef 68 84 01 34 88 16
190.52943348884583  : 68 70 8f 68 02 02 53 39 5f 16
190.63216161727905  : 68 20 df 68 02 02 38 3b 46 16
190.65318369865417  : 68 20 df 68 82 0c 63 59 6f 34 33 49 33 33 33 33 33 33 6a 16
190.7473177909851   : 68 10 ef 68 04 0f 35 23 34 33 5a 61 33 33 33 33 97 33 ff ff 33 23 16
190.7786500453949   : 68 10 ef 68 84 01 34 88 16
190.83148336410522  : 68 31 ce 68 02 02 60 42 75 16
190.86326456069946  : 68 31 ce 68 82 0f 35 4c 33 33 33 34 97 33 34 33 4c 4c 4c 4c 4c 5b 16
190.93717169761658  : 68 20 df 68 02 02 38 3b 46 16
190.95852756500244  : 68 20 df 68 82 0c 63 59 6f 34 33 49 33 33 33 33 33 33 6a 16
191.0531771183014   : 68 10 ef 68 04 0f 35 23 34 33 5a 61 33 33 33 33 97 33 ff ff 33 23 16
191.07421016693115  : 68 10 ef 68 84 01 34 88 16
191.1372845172882   : 68 70 8f 68 02 02 53 39 5f 16
191.24012112617493  : 68 20 df 68 02 02 38 3b 46 16
191.26137852668762  : 68 20 df 68 82 0c 63 59 6f 34 33 49 33 33 33 33 33 33 6a 16
191.3557529449463   : 68 10 ef 68 04 0f 35 23 34 33 5a 61 33 33 33 33 97 33 ff ff 33 23 16
191.39759421348572  : 68 10 ef 68 84 01 34 88 16
191.44927072525024  : 68 31 ce 68 02 02 60 42 75 16
191.47013401985168  : 68 31 ce 68 82 0f 35 4c 33 33 33 34 97 33 34 33 4c 4c 4c 4c 4c 5b 16
191.54272079467773  : 68 20 df 68 02 02 38 3b 46 16
191.57415628433228  : 68 20 df 68 82 0c 63 59 6f 34 33 49 33 33 33 33 33 33 6a 16
191.66751265525818  : 68 10 ef 68 04 0f 35 23 34 33 5a 61 33 33 33 33 97 33 ff ff 33 23 16
191.69921207427979  : 68 10 ef 68 84 01 34 88 16
191.7516052722931   : 68 70 8f 68 02 02 53 39 5f 16
191.84596920013428  : 68 20 df 68 02 02 38 3b 46 16
191.87765884399414  : 68 20 df 68 82 0c 63 59 6f 34 33 49 33 33 33 33 33 33 6a 16
191.97259163856506  : 68 10 ef 68 04 0f 35 23 34 33 5a 61 33 33 33 33 97 33 ff ff 33 23 16
192.00447845458984  : 68 10 ef 68 84 01 34 88 16
192.057026386261    : 68 31 ce 68 02 02 60 42 75 16
192.08891677856445  : 68 31 ce 68 82 0f 35 4c 33 33 33 34 97 33 34 33 4c 4c 4c 4c 4c 5b 16
192.15126252174377  : 68 20 df 68 02 02 38 3b 46 16
192.1831874847412   : 68 20 df 68 82 0c 63 59 6f 34 33 49 33 33 33 33 33 33 6a 16
192.27648210525513  : 68 10 ef 68 04 0f 35 23 34 33 5a 61 33 33 33 33 97 33 ff ff 33 23 16
192.30800080299377  : 68 10 ef 68 84 01 34 88 16
192.36102986335754  : 68 70 8f 68 02 02 53 39 5f 16
192.46547317504883  : 68 20 df 68 02 02 38 3b 46 16
192.48626375198364  : 68 20 df 68 82 0c 63 59 6f 34 33 49 33 33 33 33 33 33 6a 16
192.58004665374756  : 68 10 ef 68 04 0f 35 23 34 33 5a 61 33 33 33 33 97 33 ff ff 33 23 16
192.6010603904724   : 68 10 ef 68 84 01 34 88 16
192.66259384155273  : 68 31 ce 68 02 02 60 42 75 16
192.6935338973999   : 68 31 ce 68 82 0f 35 4c 33 33 33 34 97 33 34 33 4c 4c 4c 4c 4c 5b 16
192.7671000957489   : 68 20 df 68 02 02 38 3b 46 16
192.78792548179626  : 68 20 df 68 82 0c 63 59 6f 34 33 49 33 33 33 33 33 33 6a 16
192.88222098350525  : 68 10 ef 68 04 0f 35 23 34 33 5a 61 33 33 33 33 97 33 ff ff 33 23 16
192.90350723266602  : 68 10 ef 68 84 01 34 88 16
192.9665765762329   : 68 70 8f 68 02 02 53 39 5f 16
193.07205152511597  : 68 20 df 68 02 02 38 3b 46 16
193.09322357177734  : 68 20 df 68 82 0c 63 59 6f 34 33 49 33 33 33 33 33 33 6a 16
193.18788385391235  : 68 10 ef 68 04 0f 35 23 34 33 5a 61 33 33 33 33 97 33 ff ff 33 23 16
193.2089877128601   : 68 10 ef 68 84 01 34 88 16
193.27194714546204  : 68 31 ce 68 02 02 60 42 75 16
193.3029065132141   : 68 31 ce 68 82 0f 35 4c 33 33 33 34 97 33 34 33 4c 4c 4c 4c 4c 5b 16
193.37476754188538  : 68 20 df 68 02 02 38 3b 46 16
193.40630531311035  : 68 20 df 68 82 0c 63 59 6f 34 33 49 33 33 33 33 33 33 6a 16
193.490558385849    : 68 10 ef 68 04 0f 35 23 34 33 5a 61 33 33 33 33 97 33 ff ff 33 23 16
193.53289318084717  : 68 10 ef 68 84 01 34 88 16
193.58453750610352  : 68 70 8f 68 02 02 53 39 5f 16
193.6780562400818   : 68 20 df 68 02 02 38 3b 46 16
193.70994901657104  : 68 20 df 68 82 0c 63 59 6f 34 33 49 33 33 33 33 33 33 6a 16
193.79383182525635  : 68 10 ef 68 04 0f 35 23 34 33 5a 61 33 33 33 33 97 33 ff ff 33 23 16
193.83594846725464  : 68 10 ef 68 84 01 34 88 16
193.88859868049622  : 68 31 ce 68 02 02 60 42 75 16
193.9097261428833   : 68 31 ce 68 82 0f 35 4c 33 33 33 34 97 33 34 33 4c 4c 4c 4c 4c 5b 16
193.98340225219727  : 68 20 df 68 02 02 38 3b 46 16
194.01508259773254  : 68 20 df 68 82 0c 63 59 6f 34 33 49 33 33 33 33 33 33 6a 16
194.09928059577942  : 68 10 ef 68 04 0f 35 23 34 33 5a 61 33 33 33 33 97 33 ff ff 33 23 16
194.1307249069214   : 68 10 ef 68 84 01 34 88 16
194.19386911392212  : 68 70 8f 68 02 02 53 39 5f 16
194.28868865966797  : 68 20 df 68 02 02 38 3b 46 16
194.32095289230347  : 68 20 df 68 82 0c 63 59 6f 34 33 49 33 33 33 33 33 33 6a 16
194.4041304588318   : 68 10 ef 68 04 0f 35 23 34 33 5a 61 33 33 33 33 97 33 ff ff 33 23 16
194.43524169921875  : 68 10 ef 68 84 01 34 88 16
194.4980821609497   : 68 31 ce 68 02 02 60 42 75 16
194.5298933982849   : 68 31 ce 68 82 0f 35 4c 33 33 33 34 97 33 34 33 4c 4c 4c 4c 4c 5b 16
194.5922496318817   : 68 20 df 68 02 02 38 3b 46 16
194.62347650527954  : 68 20 df 68 82 0c 63 59 6f 34 33 49 33 33 33 33 33 33 6a 16
194.71582508087158  : 68 10 ef 68 04 0f 35 23 34 33 5a 61 33 33 33 33 97 33 ff ff 33 23 16
194.7371485233307   : 68 10 ef 68 84 01 34 88 16
194.80015754699707  : 68 70 8f 68 02 02 53 39 5f 16
194.90542268753052  : 68 20 df 68 02 02 38 3b 46 16
194.92625331878662  : 68 20 df 68 82 0c 63 59 6f 34 33 49 33 33 33 33 33 33 6a 16
195.02115440368652  : 68 10 ef 68 04 0f 35 23 34 33 5a 61 33 33 33 33 97 33 ff ff 33 23 16
195.06342339515686  : 68 10 ef 68 84 01 34 88 16
195.10556435585022  : 68 31 ce 68 02 02 60 42 75 16
195.1371648311615   : 68 31 ce 68 82 0f 35 4c 33 33 33 34 97 33 34 33 4c 4c 4c 4c 4c 5b 16
195.21066451072693  : 68 20 df 68 02 02 38 3b 46 16
195.232088804245    : 68 20 df 68 82 0c 63 59 6f 34 33 49 33 33 33 33 33 33 6a 16
195.32625031471252  : 68 10 ef 68 04 0f 35 23 34 33 5a 61 33 33 33 33 97 33 ff ff 33 23 16
195.3581120967865   : 68 10 ef 68 84 01 34 88 16
195.41070103645325  : 68 70 8f 68 02 02 53 39 5f 16
195.51493906974792  : 68 20 df 68 02 02 38 3b 46 16
195.53575730323792  : 68 20 df 68 82 0c 63 59 6f 34 33 49 33 33 33 33 33 33 6a 16
195.6303207874298   : 68 10 ef 68 04 0f 35 23 34 33 5a 61 33 33 33 33 97 33 ff ff 33 23 16
195.66162061691284  : 68 10 ef 68 84 01 34 88 16
195.7135465145111   : 68 31 ce 68 02 02 60 42 75 16
195.74464631080627  : 68 31 ce 68 82 0f 35 4c 33 33 33 34 97 33 34 33 4c 4c 4c 4c 4c 5b 16
195.8193633556366   : 68 20 df 68 02 02 38 3b 46 16
195.84048748016357  : 68 20 df 68 82 0c 63 59 6f 34 33 49 33 33 33 33 33 33 6a 16
195.93480229377747  : 68 10 ef 68 04 0f 35 23 34 33 5a 61 33 33 33 33 97 33 ff ff 33 23 16
195.96644854545593  : 68 10 ef 68 84 01 34 88 16
196.01915073394775  : 68 70 8f 68 02 02 53 39 5f 16
196.1243760585785   : 68 20 df 68 02 02 38 3b 46 16
196.14517784118652  : 68 20 df 68 82 0c 63 59 6f 34 33 49 33 33 33 33 33 33 6a 16
196.24019145965576  : 68 10 ef 68 04 0f 35 23 34 33 5a 61 33 33 33 33 97 33 ff ff 33 23 16
196.2717695236206   : 68 10 ef 68 84 01 34 88 16
196.32417511940002  : 68 31 ce 68 02 02 60 42 75 16
196.35575199127197  : 68 31 ce 68 82 0f 35 4c 33 33 33 34 97 33 34 33 4c 4c 4c 4c 4c 5b 16
196.42952823638916  : 68 20 df 68 02 02 38 3b 46 16
196.45111083984375  : 68 20 df 68 82 0c 63 59 6f 34 33 49 33 33 33 33 33 33 6a 16
196.54423427581787  : 68 10 ef 68 04 0f 35 23 34 33 5a 61 33 33 33 33 97 33 ff ff 33 23 16
196.56510257720947  : 68 10 ef 68 84 01 34 88 16
196.62760019302368  : 68 70 8f 68 02 02 53 39 5f 16
196.7303638458252   : 68 20 df 68 02 02 38 3b 46 16
196.76125383377075  : 68 20 df 68 82 0c 63 59 6f 34 33 49 33 33 33 33 33 33 6a 16
196.84417963027954  : 68 10 ef 68 04 0f 35 23 34 33 5a 61 33 33 33 33 97 33 ff ff 33 23 16
196.8655595779419   : 68 10 ef 68 84 01 34 88 16
196.939124584198    : 68 31 ce 68 02 02 60 42 75 16
196.96024990081787  : 68 31 ce 68 82 0f 35 4c 33 33 33 34 97 33 34 33 4c 4c 4c 4c 4c 5b 16
197.03375554084778  : 68 20 df 68 02 02 38 3b 46 16
197.06568908691406  : 68 20 df 68 82 0c 63 59 6f 34 33 49 33 33 33 33 33 33 6a 16
197.14917254447937  : 68 10 ef 68 04 0f 35 23 34 33 5a 61 33 33 33 33 97 33 ff ff 33 23 16
197.20166039466858  : 68 10 ef 68 84 01 34 88 16
197.24380111694336  : 68 70 8f 68 02 02 53 39 5f 16
197.33847212791443  : 68 20 df 68 02 02 38 3b 46 16
197.37007188796997  : 68 20 df 68 82 0c 63 59 6f 34 33 49 33 33 33 33 33 33 6a 16
197.4542155265808   : 68 10 ef 68 04 0f 35 23 34 33 5a 61 33 33 33 33 97 33 ff ff 33 23 16
197.49604773521423  : 68 10 ef 68 84 01 34 88 16
197.54886293411255  : 68 31 ce 68 02 02 60 42 75 16
197.5798625946045   : 68 31 ce 68 82 0f 35 4c 33 33 33 34 97 33 34 33 4c 4c 4c 4c 4c 5b 16
197.65229868888855  : 68 20 df 68 02 02 38 3b 46 16
197.67334651947021  : 68 20 df 68 82 0c 63 59 6f 34 33 49 33 33 33 33 33 33 6a 16
197.76713800430298  : 68 10 ef 68 04 0f 35 23 34 33 5a 61 33 33 33 33 97 33 ff ff 33 23 16
197.7981812953949   : 68 10 ef 68 84 01 34 88 16
197.84958577156067  : 68 70 8f 68 02 02 53 39 5f 16
197.95457935333252  : 68 20 df 68 02 02 38 3b 46 16
197.97566890716553  : 68 20 df 68 82 0c 63 59 6f 34 33 49 33 33 33 33 33 33 6a 16
198.07040309906006  : 68 10 ef 68 04 0f 35 23 34 33 5a 61 33 33 33 33 97 33 ff ff 33 23 16
198.10206365585327  : 68 10 ef 68 84 01 34 88 16
198.15450286865234  : 68 31 ce 68 02 02 60 42 75 16
198.18626594543457  : 68 31 ce 68 82 0f 35 4c 33 33 33 34 97 33 34 33 4c 4c 4c 4c 4c 5b 16
198.25951027870178  : 68 20 df 68 02 02 38 3b 46 16
198.28058338165283  : 68 20 df 68 82 0c 63 59 6f 34 33 49 33 33 33 33 33 33 6a 16
198.37487387657166  : 68 10 ef 68 04 0f 35 23 34 33 5a 61 33 33 33 33 97 33 ff ff 33 23 16
198.39617896080017  : 68 10 ef 68 84 01 34 88 16
198.4596393108368   : 68 70 8f 68 02 02 53 39 5f 16
198.5651774406433   : 68 20 df 68 02 02 38 3b 46 16
198.58626580238342  : 68 20 df 68 82 0c 63 59 6f 34 33 49 33 33 33 33 33 33 6a 16
198.67922925949097  : 68 10 ef 68 04 0f b5 23 34 33 5a 61 33 33 33 33 97 33 ff ff 76 e6 16
198.7208321094513   : 68 10 ef 68 84 01 34 88 16
198.76313734054565  : 68 31 ce 68 02 02 60 42 75 16
198.79471516609192  : 68 31 ce 68 82 0f 35 4c 33 33 33 34 97 33 34 33 4c 4c 4c 4c 4c 5b 16
198.86791610717773  : 68 20 df 68 02 02 38 3b 46 16
198.88876390457153  : 68 20 df 68 82 0c 63 59 6f 34 33 49 33 33 33 33 33 33 6a 16
198.98320508003235  : 68 10 ef 68 04 0f b5 23 34 33 5a 61 33 33 33 33 97 33 ff ff 76 e6 16
199.02509593963623  : 68 10 ef 68 84 01 34 88 16
199.06698203086853  : 68 70 8f 68 02 02 53 39 5f 16
199.1719491481781   : 68 20 df 68 02 02 38 3b 46 16
199.1930730342865   : 68 20 df 68 82 0c 63 59 6f 34 33 49 33 33 33 33 33 33 6a 16
199.28789496421814  : 68 10 ef 68 04 0f b5 23 34 33 5a 61 33 33 33 33 97 33 ff ff 76 e6 16
199.31953406333923  : 68 10 ef 68 84 01 34 88 16
199.3724081516266   : 68 31 ce 68 02 02 60 42 75 16
199.40400671958923  : 68 31 ce 68 82 0f 35 4c 33 33 33 34 97 33 34 33 4c 4c 4c 4c 4c 5b 16
199.47738432884216  : 68 20 df 68 02 02 38 3b 46 16
199.49895095825195  : 68 20 df 68 82 0c 63 59 6f 34 33 49 33 33 33 33 33 33 6a 16
199.59372282028198  : 68 10 ef 68 04 0f b5 23 34 33 5a 61 33 33 33 33 97 33 ff ff 76 e6 16
199.62548446655273  : 68 10 ef 68 84 01 34 88 16
199.67754769325256  : 68 70 8f 68 02 02 53 39 5f 16
201.92331099510193  : 68 31 ce 68 02 02 3c 57 66 16
201.95492005348206  : 68 31 ce 68 82 24 75 88 86 6c 7f 81 65 86 69 63 6c 63 63 63 69 68 5d 5c 50 54 59 40 51 e3 79 6f 6a 65 1f 24 34 63 65 fb 33 13 e2 16
202.1214838027954   : 68 31 ce 68 02 02 3c 57 66 16
202.1641755104065   : 68 31 ce 68 82 24 75 88 86 6c 7f 81 65 86 69 63 6c 63 63 63 69 68 5d 5c 50 54 59 40 51 e3 79 6f 6a 65 1f 24 34 63 65 fb 33 13 e2 16
202.32162070274353  : 68 31 ce 68 02 02 3c 57 66 16
202.36350059509277  : 68 31 ce 68 82 24 75 88 86 6c 7f 81 65 86 69 63 6c 63 63 63 69 68 5d 5c 50 54 59 40 51 e3 79 6f 6a 65 1f 24 34 63 65 fb 33 13 e2 16
202.5323977470398   : 68 31 ce 68 02 02 3c 57 66 16
202.56369543075562  : 68 31 ce 68 82 24 75 88 86 6c 7f 81 65 86 69 63 6c 63 63 63 69 68 5d 5c 50 54 59 40 51 e3 79 6f 6a 65 1f 24 34 63 65 fb 33 13 e2 16
202.73192238807678  : 68 31 ce 68 02 02 3c 57 66 16
202.77397418022156  : 68 31 ce 68 82 24 75 88 86 6c 7f 81 65 86 69 63 6c 63 63 63 69 68 5d 5c 50 54 59 40 51 e3 79 6f 6a 65 1f 24 34 63 65 fb 33 13 e2 16
202.93029522895813  : 68 31 ce 68 02 02 3c 57 66 16
202.97184801101685  : 68 31 ce 68 82 24 75 88 86 6c 7f 81 65 86 69 63 6c 63 63 63 69 68 5d 5c 50 54 59 40 51 e3 79 6f 6a 65 1f 24 34 63 65 fb 33 13 e2 16
203.1395890712738   : 68 31 ce 68 02 02 60 42 75 16
203.1708767414093   : 68 31 ce 68 82 0f 35 4c 33 33 33 33 97 33 33 33 4c 4c 4c 4c 4c 59 16
203.33841848373413  : 68 31 ce 68 02 02 60 42 75 16
203.36984062194824  : 68 31 ce 68 82 0f 35 4c 33 33 33 33 97 33 33 33 4c 4c 4c 4c 4c 59 16
203.54794335365295  : 68 31 ce 68 02 02 60 42 75 16
203.57957553863525  : 68 31 ce 68 82 0f 35 4c 33 33 33 33 97 33 33 33 4c 4c 4c 4c 4c 59 16
203.74685740470886  : 68 31 ce 68 02 02 60 42 75 16
203.77796864509583  : 68 31 ce 68 82 0f 35 4c 33 33 33 33 97 33 33 33 4c 4c 4c 4c 4c 59 16
203.95762705802917  : 68 31 ce 68 02 02 60 42 75 16
203.9783594608307   : 68 31 ce 68 82 0f 35 4c 33 33 33 33 97 33 33 33 4c 4c 4c 4c 4c 59 16
204.15627765655518  : 68 31 ce 68 02 02 60 42 75 16
204.18783521652222  : 68 31 ce 68 82 0f 35 4c 33 33 33 33 97 33 33 33 4c 4c 4c 4c 4c 59 16
